parcel_id,zona_provincia,tipo_olivar,riego,superficie_ha,variedad,estado_fenologico,tipo_suelo,drenaje,pendiente_%,distancia_rio_m,altitud_m,rain_72h_mm,rain_7d_mm,temp_media_7d,humedad_suelo_%,profundidad_suelo_cm,materia_organica_%,rendimiento_esperado_kg_ha,precio_mercado_eur_kg,coste_variable_ha,duracion_encharcamiento_dias,pct_perdida
OLV_42_0000,Córdoba,Tradicional,Secano,41.54,Picual,Reposo,Arcilloso,Moderado,1.5,683.5,437.0,99.2,186.5,17.4,82.0,64,2.84,5605,0.89,961,2.75,0.0
OLV_42_0001,Jaén,Intensivo,Riego,32.67,Picual,Reposo,Franco,Malo,3.7,894.4,208.0,157.4,229.3,13.1,71.0,90,1.08,10571,0.83,1580,4.57,0.0262
OLV_42_0002,Jaén,Tradicional,Riego,3.34,Hojiblanca,Engorde,Limoso,Moderado,5.9,1149.1,543.0,81.4,197.6,13.1,39.1,98,2.94,10030,0.81,1374,1.98,0.0
OLV_42_0003,Sevilla,Intensivo,Riego,6.3,Manzanilla,Floracion,Limoso,Malo,8.5,1268.9,172.0,,142.5,13.5,67.0,55,1.38,10811,0.81,1790,2.01,0.0
OLV_42_0004,Córdoba,Intensivo,Secano,34.86,Picual,Floracion,Arenoso,Moderado,0.6,2120.8,407.0,106.2,341.9,15.8,24.0,30,0.98,6738,0.77,1152,1.4,0.022
OLV_42_0005,Jaén,Tradicional,Riego,29.48,Picual,Floracion,Limoso,Moderado,4.3,386.4,499.0,303.8,380.0,13.9,62.9,113,2.6,10502,0.79,1484,4.27,0.2175
OLV_42_0006,Córdoba,Intensivo,Secano,43.99,Manzanilla,Floracion,Franco,Moderado,1.3,857.0,306.0,89.8,255.3,15.2,67.6,100,2.52,6547,0.79,1301,3.18,0.0601
OLV_42_0007,Jaén,Intensivo,Secano,8.22,Hojiblanca,Brotacion,Arcilloso,Malo,11.1,1353.9,434.0,11.0,18.1,12.1,33.2,38,1.35,6593,0.76,1414,0.48,0.0
OLV_42_0008,Sevilla,Superintensivo,Secano,18.43,Hojiblanca,Cuajado,Franco-arcilloso,Malo,3.5,1822.2,175.0,127.5,380.0,18.2,82.0,103,1.47,8562,0.77,1837,2.74,0.3151
OLV_42_0009,Jaén,Tradicional,Secano,42.21,Picual,Cuajado,Arenoso,Bueno,6.4,1780.7,470.0,50.0,69.5,16.2,23.2,149,1.88,5461,0.78,1057,0.25,0.0
OLV_42_0010,Córdoba,Tradicional,Riego,46.55,Picual,Cuajado,Franco-arcilloso,Malo,5.4,1039.0,155.0,188.9,380.0,17.2,66.5,38,1.38,8520,0.81,1393,4.95,0.3709
OLV_42_0011,Jaén,Tradicional,Secano,44.27,Picual,Cuajado,Arenoso,Malo,2.7,39.2,541.0,65.0,184.5,18.9,32.9,126,1.69,5090,0.83,1146,0.78,0.0
OLV_42_0012,Málaga,Tradicional,Secano,20.94,Arbequina,Reposo,Limoso,Malo,5.2,2071.7,416.0,155.5,223.4,16.6,80.1,45,1.97,4226,0.89,1218,3.65,0.0326
OLV_42_0013,Córdoba,Intensivo,Secano,18.3,Picual,Engorde,Arcilloso,Malo,8.9,209.8,416.0,88.9,160.7,22.3,82.0,49,2.48,6420,0.86,1716,2.66,0.0
OLV_42_0014,Málaga,Tradicional,Secano,49.83,Picual,Cuajado,Franco,Moderado,15.7,2061.1,174.0,111.6,378.1,16.1,35.8,109,1.61,4923,0.87,1111,1.09,0.0
OLV_42_0015,Jaén,Intensivo,Secano,46.98,Picual,Floracion,Arcilloso,Moderado,5.8,942.1,527.0,73.4,168.4,16.2,69.4,111,1.41,6553,0.82,1406,1.98,0.0
OLV_42_0016,Córdoba,Tradicional,Secano,37.63,Hojiblanca,Floracion,Arcilloso,Malo,5.9,2150.7,304.0,169.0,380.0,15.0,78.6,56,0.91,4670,0.82,1022,3.65,0.4671
OLV_42_0017,Jaén,Tradicional,Secano,32.56,Hojiblanca,Reposo,Limoso,Malo,10.0,1228.4,547.0,24.2,96.3,14.4,36.2,71,2.53,5615,0.78,1359,0.67,0.0
OLV_42_0018,Córdoba,Tradicional,Riego,25.52,Hojiblanca,Floracion,Arcilloso,Moderado,3.2,573.1,230.0,177.0,380.0,16.5,75.1,56,0.81,7722,0.82,1060,4.43,0.3185
OLV_42_0019,Jaén,Tradicional,Secano,8.97,Picual,Cuajado,Limoso,Moderado,6.1,2012.3,633.0,143.7,380.0,17.0,68.0,95,1.99,5121,0.86,1054,4.16,0.1894
OLV_42_0020,Sevilla,Tradicional,Riego,20.08,Manzanilla,Floracion,Franco-arcilloso,Moderado,4.1,241.0,148.0,116.9,380.0,14.0,81.9,32,2.93,7148,0.83,1289,2.72,0.1867
OLV_42_0021,Jaén,Tradicional,Secano,24.33,Picual,Floracion,Franco,Moderado,4.4,1708.1,464.0,198.3,380.0,12.8,59.5,107,2.86,4999,0.76,1225,2.45,0.1248
OLV_42_0022,Córdoba,Intensivo,Riego,7.45,Picual,Cuajado,Franco,Malo,15.4,1127.9,276.0,47.1,129.3,19.3,50.2,48,1.08,9435,0.8,1858,1.72,0.0
OLV_42_0023,Sevilla,Tradicional,Secano,49.07,Manzanilla,Floracion,Franco-arcilloso,Moderado,8.7,36.2,225.0,26.0,69.7,17.2,37.4,93,2.86,4458,0.72,1195,0.74,0.0
OLV_42_0024,Córdoba,Tradicional,Secano,31.17,Picual,Engorde,Arcilloso,Malo,6.1,350.6,90.0,155.4,380.0,19.6,62.3,138,1.3,5391,0.82,1241,5.34,0.1187
OLV_42_0025,Granada,Intensivo,Riego,38.14,Picual,Brotacion,Arcilloso,Moderado,2.1,107.5,696.0,114.4,367.3,12.9,69.4,112,2.07,11313,0.86,1534,2.91,0.102
OLV_42_0026,Córdoba,Tradicional,Secano,27.52,Arbequina,Engorde,Franco-arcilloso,Malo,4.5,1410.1,230.0,111.8,143.3,9.3,76.8,147,1.79,4772,0.9,1015,2.78,0.0
OLV_42_0027,Cadiz,Intensivo,Riego,48.32,Manzanilla,Cuajado,Arcilloso,Malo,10.8,927.1,40.0,117.1,377.9,15.1,81.7,134,1.49,10126,0.75,1957,2.99,0.1795
OLV_42_0028,Córdoba,Tradicional,Secano,36.21,Picual,Engorde,Arcilloso,Bueno,9.3,1795.2,212.0,147.3,247.8,17.0,52.5,39,1.27,5095,0.82,1133,3.33,0.1266
OLV_42_0029,Córdoba,Superintensivo,Riego,35.21,Cornicabra,Brotacion,Franco,Moderado,0.6,875.8,172.0,88.6,169.1,18.5,57.4,108,2.93,12000,0.83,2059,1.84,0.0
OLV_42_0030,Jaén,Tradicional,Secano,47.06,Picual,Floracion,Arcilloso,Moderado,6.1,1913.9,581.0,107.0,265.0,12.9,59.5,38,1.97,5407,0.8,1099,4.04,0.1413
OLV_42_0031,Jaén,Tradicional,Secano,48.19,Picual,Engorde,Franco,Moderado,6.8,2019.0,475.0,76.7,201.0,19.1,20.0,129,1.07,5243,0.81,1182,0.39,0.0
OLV_42_0032,Sevilla,Intensivo,Riego,31.76,Manzanilla,Engorde,Limoso,Bueno,0.2,1507.3,0.0,76.5,165.8,14.5,48.9,126,1.44,10873,0.78,1568,2.45,0.0
OLV_42_0033,Jaén,Tradicional,Secano,28.3,Arbequina,Cuajado,Arcilloso,Malo,5.1,433.6,454.0,204.7,380.0,14.6,70.6,58,1.25,4825,0.83,836,4.66,0.2588
OLV_42_0034,Sevilla,Intensivo,Secano,39.72,Hojiblanca,Brotacion,Franco-arcilloso,Bueno,2.6,1104.3,234.0,77.2,233.4,15.5,58.2,30,2.45,6564,0.79,1346,2.4,0.0
OLV_42_0035,Granada,Intensivo,Secano,17.41,Picual,Brotacion,Franco,Bueno,9.0,1296.3,653.0,194.5,333.2,13.5,33.5,145,2.0,6319,0.83,1540,2.33,0.0
OLV_42_0036,Sevilla,Superintensivo,Riego,39.34,Picual,Brotacion,Franco,Malo,0.0,1676.6,82.0,72.1,182.9,24.5,66.5,38,1.15,12000,0.78,1838,2.4,0.0
OLV_42_0037,Cadiz,Intensivo,Secano,6.66,Hojiblanca,Brotacion,Franco-arcilloso,Bueno,13.0,1741.8,9.0,18.0,28.5,19.2,19.1,62,1.84,5862,0.81,1429,0.0,0.0
OLV_42_0038,Jaén,Tradicional,Secano,18.0,Picual,Cuajado,Arcilloso,Bueno,7.1,1038.7,455.0,40.2,68.2,16.1,38.8,128,2.33,5097,0.83,1236,0.0,0.0
OLV_42_0039,Jaén,Intensivo,Secano,18.65,Picual,Floracion,Franco-arcilloso,Bueno,6.4,853.1,584.0,47.5,132.4,23.6,35.3,77,1.46,6870,0.83,1501,0.47,0.0
OLV_42_0040,Sevilla,Intensivo,Secano,19.64,Manzanilla,Engorde,Arenoso,Malo,9.9,1370.3,31.0,69.8,143.8,16.7,42.9,111,2.61,6481,0.77,1584,0.73,0.0
OLV_42_0041,Sevilla,Intensivo,Riego,2.24,Manzanilla,Engorde,Arcilloso,Bueno,6.9,1778.6,144.0,91.3,219.9,12.5,54.6,78,2.89,9114,0.79,1649,2.97,0.0
OLV_42_0042,Córdoba,Superintensivo,Riego,49.39,Picual,Brotacion,Franco-arcilloso,Moderado,3.9,2204.3,210.0,170.2,380.0,10.8,66.4,102,2.1,12000,0.81,1970,4.87,0.1051
OLV_42_0043,Málaga,Intensivo,Riego,15.84,Hojiblanca,Cuajado,Limoso,Moderado,6.7,2380.7,285.0,103.4,246.1,18.5,50.1,55,1.16,10790,0.83,1711,3.41,0.1114
OLV_42_0044,Córdoba,Tradicional,Secano,14.75,Arbequina,Cuajado,Limoso,Moderado,2.5,2381.5,259.0,52.3,184.2,14.1,36.4,95,2.07,4691,0.87,1175,1.42,0.0
OLV_42_0045,Jaén,Tradicional,Secano,7.17,Picual,Brotacion,Franco-arcilloso,Malo,3.7,1724.3,468.0,137.4,175.9,22.0,82.0,98,2.06,5252,0.82,1070,3.31,0.0
OLV_42_0046,Jaén,Intensivo,Secano,11.94,Picual,Engorde,Arenoso,Malo,11.4,824.5,443.0,37.1,125.3,15.3,30.6,108,2.63,6133,0.84,1669,0.07,0.0
OLV_42_0047,Sevilla,Tradicional,Secano,40.37,Cornicabra,Brotacion,Limoso,Moderado,0.7,328.9,129.0,187.2,380.0,17.1,82.0,114,2.61,5793,0.81,1110,5.27,0.0588
OLV_42_0048,Jaén,Tradicional,Riego,30.62,Cornicabra,Floracion,Franco-arcilloso,Moderado,6.9,199.9,532.0,88.1,214.4,17.6,57.9,43,2.57,8584,0.82,1503,1.58,0.0
OLV_42_0049,Córdoba,Tradicional,Secano,37.92,Picual,Brotacion,Limoso,Malo,2.8,1496.9,193.0,23.9,54.8,15.1,43.4,102,2.02,5260,0.73,1093,0.0,0.0
OLV_42_0050,Córdoba,Tradicional,Riego,8.92,Arbequina,Floracion,Franco-arcilloso,Malo,19.1,1738.7,212.0,95.8,323.2,15.5,60.8,133,1.54,8912,0.89,1707,1.69,0.0
OLV_42_0051,Córdoba,Tradicional,Secano,24.13,Picual,Floracion,Franco,Moderado,3.7,1216.8,314.0,75.8,206.4,16.5,40.1,142,1.27,5683,0.88,1141,2.24,0.0
OLV_42_0052,Granada,Intensivo,Secano,43.21,Picual,Reposo,Limoso,Moderado,6.7,2292.2,658.0,47.0,138.1,11.5,40.7,35,1.53,6326,0.9,1805,0.66,0.0
OLV_42_0053,Córdoba,Intensivo,Secano,13.2,Cornicabra,Cuajado,Franco,Moderado,1.4,2304.8,252.0,320.0,380.0,17.0,73.0,142,0.98,7088,0.0,1314,3.38,0.2325
OLV_42_0054,Granada,Tradicional,Secano,47.84,Picual,Brotacion,Arenoso,Bueno,22.0,147.9,629.0,77.4,244.8,18.8,40.3,136,2.57,4787,0.76,1298,0.37,0.0
OLV_42_0055,Málaga,Intensivo,Secano,10.59,Picual,Floracion,Arenoso,Moderado,7.2,1552.9,324.0,101.2,375.4,18.2,35.8,69,2.43,6607,0.83,1504,1.76,0.0
OLV_42_0056,Córdoba,Tradicional,Secano,19.92,Hojiblanca,Cuajado,Franco,Malo,1.3,1608.3,457.0,38.8,92.2,11.6,45.5,129,3.0,5070,0.82,1090,0.7,0.0
OLV_42_0057,Jaén,Tradicional,Secano,43.46,Hojiblanca,Engorde,Arenoso,Moderado,4.4,2316.2,489.0,132.7,380.0,9.4,41.0,81,1.07,5284,0.85,1064,1.36,0.0191
OLV_42_0058,Granada,Tradicional,Secano,15.32,Hojiblanca,Reposo,Franco-arcilloso,Malo,8.1,1150.7,570.0,103.1,330.4,16.2,78.3,42,1.15,4955,0.8,1103,3.94,0.0
OLV_42_0059,Jaén,Tradicional,Secano,31.03,Picual,Cuajado,Arcilloso,Bueno,14.0,168.7,524.0,67.8,122.2,19.2,63.9,48,1.97,4755,0.79,1578,1.44,0.0
OLV_42_0060,Cadiz,Superintensivo,Secano,48.79,Hojiblanca,Engorde,Arcilloso,Moderado,6.5,730.1,133.0,125.0,378.4,14.3,60.8,133,2.82,8531,0.78,1720,3.07,0.0771
OLV_42_0061,Málaga,Tradicional,Secano,43.94,Arbequina,Reposo,Franco,Bueno,5.8,466.7,318.0,133.8,158.9,19.5,65.6,65,1.31,4846,0.89,1366,2.55,0.0
OLV_42_0062,Granada,Tradicional,Secano,22.78,Picual,Floracion,Franco-arcilloso,Malo,2.1,52.6,569.0,111.3,380.0,15.8,82.0,115,2.09,5646,0.76,1184,2.47,0.1685
OLV_42_0063,Cadiz,Intensivo,Riego,45.02,Manzanilla,Floracion,Franco,Malo,8.8,749.8,242.0,320.0,380.0,13.7,59.7,122,1.64,10721,0.74,1746,3.59,0.2477
OLV_42_0064,Jaén,Intensivo,Secano,33.51,Picual,Cuajado,Franco,Bueno,9.4,58.5,686.0,97.3,157.6,16.6,36.7,92,2.1,6556,0.79,1646,0.69,0.0
OLV_42_0065,Jaén,Tradicional,Secano,15.18,Hojiblanca,Engorde,Limoso,Bueno,8.1,1354.8,493.0,120.9,191.3,16.4,48.2,44,2.64,5152,0.82,1195,2.12,0.0459
OLV_42_0066,Jaén,Tradicional,Secano,48.26,Manzanilla,Engorde,Arenoso,Malo,5.2,619.7,469.0,27.8,75.2,15.3,32.5,132,2.39,5780,0.77,1024,0.73,0.0
OLV_42_0067,Sevilla,Tradicional,Secano,24.56,Arbequina,Cuajado,Arcilloso,Moderado,7.6,2203.2,161.0,79.3,235.2,21.7,34.7,84,1.44,4665,0.91,1374,0.69,0.0
OLV_42_0068,Málaga,Tradicional,Secano,24.97,Hojiblanca,Floracion,Limoso,Malo,3.0,2147.2,281.0,36.4,41.4,18.6,26.8,100,1.11,5830,0.8,1213,0.17,0.0
OLV_42_0069,Sevilla,Intensivo,Riego,7.75,Arbequina,Engorde,Franco,Moderado,5.8,1047.9,149.0,91.8,338.1,16.5,59.3,56,1.58,10224,0.89,1723,2.96,0.0365
OLV_42_0070,Sevilla,Tradicional,Riego,32.04,Manzanilla,Reposo,Franco,Bueno,7.9,962.2,118.0,113.4,218.3,16.9,56.0,102,0.83,8630,0.75,1356,2.27,0.0
OLV_42_0071,Jaén,Tradicional,Secano,22.08,Hojiblanca,Engorde,Arcilloso,Moderado,8.8,310.0,501.0,304.6,380.0,17.2,78.4,107,2.29,5027,0.78,1257,3.59,0.1727
OLV_42_0072,Córdoba,Intensivo,Riego,45.83,Picual,Engorde,Arcilloso,Moderado,13.0,582.0,342.0,287.3,380.0,13.2,59.2,117,0.92,10728,0.8,1568,2.7,0.123
OLV_42_0073,Sevilla,Intensivo,Secano,18.06,Manzanilla,Reposo,Arcilloso,Malo,1.5,1887.1,144.0,76.8,188.7,16.4,78.6,109,2.74,6481,0.77,1611,2.39,0.0
OLV_42_0074,Málaga,Intensivo,Secano,38.43,Hojiblanca,Reposo,Franco,Malo,3.7,2369.1,298.0,24.7,83.4,14.9,33.8,62,2.43,6732,0.77,1694,0.24,0.0
OLV_42_0075,Cadiz,Tradicional,Secano,6.8,Hojiblanca,Floracion,Franco,Moderado,5.3,1129.6,12.0,96.3,344.0,19.6,43.4,113,1.29,5323,0.75,1243,1.74,0.0
OLV_42_0076,Jaén,Tradicional,Secano,25.77,Picual,Cuajado,Franco,Bueno,4.8,1504.9,505.0,41.1,46.1,19.9,18.6,145,2.1,5427,0.8,1033,0.0,0.0
OLV_42_0077,Sevilla,Intensivo,Secano,23.02,Picual,Engorde,Franco-arcilloso,Malo,5.3,786.7,70.0,54.7,115.3,16.8,61.1,66,2.01,6432,0.83,1493,1.71,0.0
OLV_42_0078,Cadiz,Tradicional,Secano,47.58,Hojiblanca,Cuajado,Arcilloso,Malo,6.1,119.5,51.0,149.1,380.0,15.0,82.0,140,1.05,5540,0.85,1099,3.84,0.235
OLV_42_0079,Granada,Tradicional,Secano,41.94,Hojiblanca,Reposo,Limoso,Malo,5.9,1512.9,572.0,87.7,274.7,26.9,82.0,138,2.84,5209,0.77,931,1.84,0.0
OLV_42_0080,Jaén,Tradicional,Riego,5.57,Picual,Brotacion,Limoso,Malo,2.4,1242.1,415.0,7.8,36.3,11.1,50.6,54,2.79,10413,0.82,1335,0.0,0.0
OLV_42_0081,Córdoba,Intensivo,Secano,5.11,Cornicabra,Engorde,Franco,Moderado,4.9,2061.7,327.0,42.8,145.9,13.4,21.4,135,2.56,6120,0.85,1412,0.49,0.0
OLV_42_0082,Jaén,Tradicional,Secano,15.78,Picual,Engorde,Arenoso,Malo,3.0,1377.2,586.0,9.9,38.1,8.0,43.7,132,1.79,5270,0.89,1086,0.41,0.0
OLV_42_0083,Jaén,Tradicional,Riego,7.66,Picual,Floracion,Arcilloso,Malo,3.7,945.1,442.0,192.8,380.0,16.6,69.9,46,2.1,9621,0.84,1510,4.89,0.4103
OLV_42_0084,Sevilla,Tradicional,Secano,6.75,Hojiblanca,Reposo,Arenoso,Moderado,3.4,274.9,342.0,229.1,380.0,12.7,37.3,54,2.64,5357,0.76,1113,3.46,0.0
OLV_42_0085,Jaén,Tradicional,Secano,21.85,Picual,Cuajado,Franco-arcilloso,Moderado,9.0,283.2,478.0,32.6,97.3,17.3,50.6,139,1.94,5652,0.8,1056,0.2,0.0
OLV_42_0086,Córdoba,Tradicional,Secano,46.9,Arbequina,Brotacion,Franco-arcilloso,Moderado,2.1,1491.3,279.0,17.4,40.1,17.2,29.4,40,1.86,5363,0.91,1083,0.5,0.0
OLV_42_0087,Córdoba,Tradicional,Secano,39.38,Picual,Floracion,Arenoso,Moderado,4.1,853.2,408.0,29.1,49.6,20.0,30.1,125,2.09,4900,0.84,833,0.01,0.0
OLV_42_0088,Córdoba,Superintensivo,Riego,18.84,Picual,Cuajado,Franco-arcilloso,Moderado,1.4,296.1,286.0,26.4,66.6,24.0,40.5,98,2.77,12000,0.82,1712,0.0,0.0
OLV_42_0089,Jaén,Tradicional,Secano,11.82,Picual,Brotacion,Arcilloso,Moderado,4.8,1586.8,522.0,55.3,150.4,18.0,66.9,64,1.45,5388,0.77,1187,2.14,0.0
OLV_42_0090,Jaén,Tradicional,Secano,25.42,Hojiblanca,Brotacion,Arcilloso,Malo,6.1,494.4,603.0,61.8,145.4,12.7,67.6,91,2.37,5352,0.81,1014,2.23,0.0
OLV_42_0091,Málaga,Tradicional,Riego,28.98,Cornicabra,Reposo,Franco-arcilloso,Moderado,6.0,146.8,343.0,284.4,380.0,17.5,69.6,141,2.25,9449,0.89,1421,3.62,0.0488
OLV_42_0092,Granada,Intensivo,Secano,46.19,Picual,Cuajado,Franco-arcilloso,Bueno,6.6,1155.8,564.0,95.7,257.7,18.9,54.3,121,2.22,6536,0.81,1611,1.34,0.0257
OLV_42_0093,Sevilla,Tradicional,Secano,46.7,Cornicabra,Engorde,Franco-arcilloso,Malo,7.2,42.3,275.0,216.8,380.0,17.5,70.6,55,0.95,5263,0.83,809,5.13,0.1677
OLV_42_0094,Córdoba,Tradicional,Secano,24.84,Picual,Brotacion,Arcilloso,Malo,2.5,1336.7,309.0,131.2,165.9,20.2,62.7,127,0.82,5355,0.77,1043,3.77,0.0426
OLV_42_0095,Málaga,Intensivo,Secano,20.83,Hojiblanca,Floracion,Franco-arcilloso,Moderado,1.4,909.7,176.0,187.9,380.0,17.0,62.1,93,2.36,5735,0.78,1199,3.89,0.2626
OLV_42_0096,Córdoba,Tradicional,Secano,27.26,Hojiblanca,Engorde,Arcilloso,Malo,9.0,971.8,360.0,320.0,380.0,23.4,63.0,81,1.51,5249,0.0,1281,4.11,0.2136
OLV_42_0097,Jaén,Tradicional,Secano,41.19,Picual,Engorde,Franco-arcilloso,Malo,6.4,212.8,368.0,144.2,279.1,14.1,74.4,93,3.0,5214,0.84,1253,5.5,0.1146
OLV_42_0098,Córdoba,Tradicional,Riego,19.54,Arbequina,Reposo,Franco,Malo,3.3,1670.8,376.0,130.6,380.0,22.1,65.0,31,0.87,8432,0.85,1420,4.58,0.017
OLV_42_0099,Jaén,Tradicional,Secano,38.39,Picual,Engorde,Franco,Bueno,6.0,2264.1,625.0,109.4,380.0,15.4,27.7,118,2.2,5844,0.8,1383,1.43,0.0
OLV_42_0100,Cadiz,Tradicional,Secano,13.13,Manzanilla,Cuajado,Franco,Malo,4.2,1635.4,0.0,84.1,269.4,18.9,53.6,67,2.92,5044,0.82,1189,1.74,0.0
OLV_42_0101,Córdoba,Tradicional,Riego,39.52,Hojiblanca,Cuajado,Arenoso,Bueno,2.2,835.2,99.0,168.1,334.7,10.9,38.6,74,1.45,8551,0.79,1348,2.44,0.0142
OLV_42_0102,Sevilla,Superintensivo,Secano,23.3,Picual,Engorde,Limoso,Moderado,0.2,493.5,191.0,12.7,43.3,15.6,22.6,89,1.67,8963,0.84,1644,0.36,0.0
OLV_42_0103,Córdoba,Tradicional,Riego,32.8,Hojiblanca,Cuajado,Franco-arcilloso,Moderado,0.5,673.8,512.0,102.3,285.5,19.1,62.6,140,1.52,8795,0.81,1016,1.91,0.0332
OLV_42_0104,Granada,Tradicional,Secano,26.15,Picual,Brotacion,Franco,Moderado,5.4,1211.5,659.0,11.9,48.3,16.8,40.3,59,2.75,5694,0.84,1138,0.5,0.0
OLV_42_0105,Sevilla,Tradicional,Riego,25.95,Manzanilla,Brotacion,Franco,Bueno,3.9,1411.7,157.0,35.8,78.8,20.6,32.2,140,1.13,9016,0.76,1210,0.0,0.0
OLV_42_0106,Córdoba,Tradicional,Secano,9.12,Hojiblanca,Engorde,Limoso,Bueno,1.7,650.9,402.0,13.7,28.1,18.1,30.8,49,1.39,5345,0.78,1088,0.0,0.0
OLV_42_0107,Cadiz,Tradicional,Secano,36.78,Manzanilla,Brotacion,Franco-arcilloso,Malo,10.8,1092.3,67.0,121.8,380.0,16.9,69.3,58,2.54,4750,0.73,1171,3.65,0.0984
OLV_42_0108,Jaén,Tradicional,Secano,28.23,Hojiblanca,Brotacion,Arcilloso,Moderado,6.9,242.6,461.0,38.9,94.7,17.5,43.4,125,2.2,5401,0.78,1097,0.09,0.0
OLV_42_0109,Jaén,Tradicional,Secano,27.01,Picual,Cuajado,Arcilloso,Moderado,2.7,1186.6,508.0,34.9,39.9,12.2,47.5,94,2.16,5026,0.79,1252,1.45,0.0
OLV_42_0110,Sevilla,Tradicional,Secano,9.57,Cornicabra,Reposo,Franco-arcilloso,Bueno,2.9,1237.9,32.0,89.6,220.1,19.1,31.4,93,2.34,5198,0.89,1120,1.64,0.0
OLV_42_0111,Cadiz,Superintensivo,Secano,20.13,Hojiblanca,Brotacion,Franco-arcilloso,Moderado,1.8,36.6,64.0,28.3,54.7,19.6,45.1,33,0.9,8382,0.77,1610,1.79,0.0
OLV_42_0112,Sevilla,Intensivo,Secano,11.68,Hojiblanca,Reposo,Arenoso,Bueno,7.9,286.8,119.0,30.7,59.4,18.2,28.9,117,2.75,6424,0.78,1561,0.0,0.0
OLV_42_0113,Granada,Intensivo,Secano,2.9,Picual,Brotacion,Franco,Bueno,2.5,1817.0,592.0,17.9,49.4,14.4,20.1,66,1.48,6425,0.76,1366,0.48,0.0
OLV_42_0114,Jaén,Tradicional,Secano,16.53,Picual,Engorde,Franco,Malo,8.3,1067.3,492.0,58.2,137.3,18.7,49.8,65,1.3,5476,0.84,1262,1.21,0.0
OLV_42_0115,Jaén,Tradicional,Secano,5.67,Cornicabra,Brotacion,Franco-arcilloso,Moderado,4.0,596.7,597.0,7.9,12.9,22.5,21.9,139,2.19,5058,0.85,1172,0.49,0.0
OLV_42_0116,Granada,Tradicional,Secano,30.01,Cornicabra,Cuajado,Franco-arcilloso,Bueno,2.9,271.7,696.0,41.3,107.1,19.7,57.5,56,2.79,5257,0.86,993,0.79,0.0
OLV_42_0117,Jaén,Tradicional,Secano,21.65,Picual,Reposo,Limoso,Bueno,5.5,281.2,631.0,46.4,135.5,11.9,57.5,85,1.04,4967,0.79,1079,1.24,0.0
OLV_42_0118,Jaén,Tradicional,Riego,3.29,Picual,Reposo,Franco,Moderado,5.6,1010.1,459.0,92.4,317.6,14.7,55.4,40,1.13,8770,0.81,1389,1.25,0.0
OLV_42_0119,Málaga,Tradicional,Riego,15.49,Hojiblanca,Brotacion,Limoso,Bueno,2.1,2094.5,184.0,48.2,62.0,15.8,26.4,42,1.9,8263,0.8,1347,0.43,0.0
OLV_42_0120,Granada,Intensivo,Riego,43.12,Picual,Engorde,Franco-arcilloso,Bueno,1.0,544.6,665.0,45.8,97.3,21.7,39.7,59,2.96,10638,0.79,1654,1.1,0.0
OLV_42_0121,Córdoba,Tradicional,Secano,18.5,Picual,Cuajado,Arcilloso,Malo,6.2,1793.4,272.0,119.4,176.4,18.5,63.8,52,1.15,5223,0.85,1268,2.51,0.112
OLV_42_0122,Córdoba,Tradicional,Riego,28.41,Arbequina,Floracion,Franco,Moderado,8.3,2042.7,318.0,167.2,318.7,18.0,44.4,114,1.37,8206,0.85,1479,2.48,0.0632
OLV_42_0123,Córdoba,Tradicional,Secano,39.85,Hojiblanca,Brotacion,Franco-arcilloso,Bueno,10.3,412.9,284.0,59.2,208.1,17.5,28.4,142,1.35,4679,0.78,1380,0.23,0.0
OLV_42_0124,Sevilla,Tradicional,Riego,20.38,Manzanilla,Floracion,Limoso,Moderado,4.4,1172.1,37.0,81.0,261.9,18.0,52.1,148,0.93,9371,0.77,1311,1.32,0.0
OLV_42_0125,Málaga,Tradicional,Riego,45.91,Arbequina,Floracion,Arenoso,Malo,4.8,1331.3,465.0,44.6,89.2,13.3,24.5,112,2.09,9529,0.84,1491,0.49,0.0
OLV_42_0126,Sevilla,Intensivo,Secano,42.21,Hojiblanca,Engorde,Franco-arcilloso,Malo,4.9,1460.6,357.0,198.8,306.3,16.5,73.1,115,1.05,6615,0.78,1384,4.98,0.1868
OLV_42_0127,Jaén,Tradicional,Secano,32.0,Cornicabra,Cuajado,Arcilloso,Moderado,5.7,581.7,413.0,317.4,380.0,16.0,72.9,98,2.53,5061,0.85,1041,3.01,0.205
OLV_42_0128,Sevilla,Intensivo,Secano,26.98,Picual,Brotacion,Franco,Malo,11.0,1620.9,106.0,56.3,85.7,22.6,25.0,107,1.2,6412,0.79,1657,0.0,0.0
OLV_42_0129,Cadiz,Intensivo,Riego,44.27,Arbequina,Floracion,Franco-arcilloso,Moderado,6.2,2116.6,26.0,58.8,94.9,15.0,42.1,124,1.26,11045,0.82,1784,0.77,0.0
OLV_42_0130,Córdoba,Tradicional,Riego,35.16,Hojiblanca,Reposo,Limoso,Moderado,4.2,679.8,343.0,59.5,127.7,14.6,56.3,37,2.56,9892,0.81,1234,1.82,0.0
OLV_42_0131,Jaén,Tradicional,Riego,12.56,Picual,Reposo,Arenoso,Bueno,4.4,1495.9,410.0,111.0,303.6,22.7,18.0,31,2.15,8855,0.79,1326,2.21,0.0
OLV_42_0132,Granada,Tradicional,Riego,22.84,Hojiblanca,Engorde,Arcilloso,Moderado,3.2,1463.6,629.0,91.4,294.9,20.4,82.0,53,1.35,9675,0.74,1157,1.97,0.0483
OLV_42_0133,Jaén,Tradicional,Secano,42.01,Picual,Floracion,Limoso,Malo,5.1,150.4,504.0,150.0,380.0,19.8,68.3,103,1.97,5325,0.8,979,4.52,0.3152
OLV_42_0134,Córdoba,Intensivo,Riego,49.72,Hojiblanca,Reposo,Arcilloso,Bueno,1.2,1412.9,514.0,68.2,73.2,11.4,46.4,54,2.22,10068,0.82,1572,1.59,0.0
OLV_42_0135,Córdoba,Intensivo,Riego,37.89,Arbequina,Reposo,Arenoso,Bueno,6.6,1242.3,202.0,53.8,68.2,15.0,23.2,58,1.51,11429,0.9,1585,0.0,0.0
OLV_42_0136,Jaén,Tradicional,Riego,43.63,Picual,Reposo,Franco,Malo,14.0,776.2,422.0,127.8,380.0,18.7,62.7,62,1.68,10119,0.84,1491,3.44,0.0152
OLV_42_0137,Sevilla,Tradicional,Secano,4.48,Hojiblanca,Engorde,Limoso,Malo,2.0,214.8,127.0,145.1,334.7,10.6,77.2,41,0.82,5105,0.83,901,5.45,0.2654
OLV_42_0138,Córdoba,Tradicional,Secano,14.85,Arbequina,Floracion,Franco,Moderado,5.0,809.5,252.0,8.6,15.0,12.8,31.0,123,2.89,5251,0.87,1129,0.13,0.0
OLV_42_0139,Jaén,Tradicional,Secano,42.63,Picual,Brotacion,Arenoso,Malo,6.7,1368.8,487.0,126.1,352.7,15.5,34.2,148,1.74,5034,0.82,1096,2.78,0.0
OLV_42_0140,Córdoba,Tradicional,Riego,49.43,Cornicabra,Engorde,Franco,Bueno,3.7,1897.9,406.0,136.4,368.5,19.3,28.7,43,2.53,8836,0.89,1336,1.82,0.0
OLV_42_0141,Jaén,Tradicional,Secano,35.41,Picual,Brotacion,Arcilloso,Moderado,6.0,531.1,635.0,149.5,380.0,20.4,82.0,40,1.61,5852,0.86,1242,4.06,0.1022
OLV_42_0142,Granada,Superintensivo,Secano,32.71,Picual,Engorde,Limoso,Malo,3.4,123.1,660.0,236.8,335.9,24.6,78.3,38,0.81,8774,0.83,1996,3.74,0.4792
OLV_42_0143,Jaén,Superintensivo,Secano,10.64,Hojiblanca,Cuajado,Arcilloso,Bueno,8.1,831.0,438.0,143.6,380.0,21.3,68.5,54,1.29,8316,0.79,1708,3.97,0.3192
OLV_42_0144,Jaén,Intensivo,Riego,5.99,Picual,Reposo,Limoso,Bueno,5.0,247.6,556.0,83.9,225.7,20.3,51.6,64,2.57,12000,0.82,1695,2.99,0.0
OLV_42_0145,Granada,Tradicional,Secano,12.73,Picual,Floracion,Franco,Bueno,4.7,1787.9,755.0,42.2,61.3,19.1,27.7,98,2.84,5246,0.83,1144,0.0,0.0
OLV_42_0146,Jaén,Intensivo,Secano,24.48,Picual,Reposo,Arcilloso,Moderado,11.9,1967.2,598.0,58.5,108.3,15.2,35.9,69,2.19,6540,0.78,1622,0.0,0.0
OLV_42_0147,Córdoba,Superintensivo,Riego,24.11,Picual,Cuajado,Arcilloso,Malo,3.9,2006.2,363.0,61.6,134.6,18.6,80.3,108,1.89,12000,0.76,1720,1.6,0.0
OLV_42_0148,Jaén,Tradicional,Secano,33.33,Picual,Engorde,Franco,Malo,3.6,1026.8,450.0,69.2,99.6,12.9,47.4,130,2.31,5462,0.82,1204,0.83,0.0
OLV_42_0149,Córdoba,Intensivo,Secano,31.13,Picual,Floracion,Franco,Bueno,2.0,857.7,439.0,114.3,295.7,16.1,54.1,126,2.57,6846,0.78,1426,2.4,0.0575
OLV_42_0150,Granada,Tradicional,Secano,17.48,Manzanilla,Engorde,Arcilloso,Malo,3.9,330.7,627.0,254.3,380.0,16.9,82.0,110,2.46,4852,0.8,1182,5.22,0.1725
OLV_42_0151,Málaga,Tradicional,Riego,21.43,Hojiblanca,Floracion,Franco,Malo,13.6,129.1,409.0,71.3,272.4,15.0,46.7,42,1.57,8373,0.75,1551,1.48,0.0
OLV_42_0152,Jaén,Tradicional,Secano,14.21,Cornicabra,Cuajado,Franco-arcilloso,Malo,6.3,1687.1,399.0,121.6,322.3,18.6,70.0,133,2.04,5146,0.81,1035,3.78,0.1212
OLV_42_0153,Granada,Tradicional,Secano,41.44,Manzanilla,Floracion,Arenoso,Malo,3.4,1195.7,474.0,29.7,105.9,8.7,28.7,97,2.38,5572,0.79,1088,0.29,0.0
OLV_42_0154,Jaén,Tradicional,Secano,42.16,Picual,Engorde,Franco-arcilloso,Moderado,10.9,449.7,399.0,141.3,165.7,19.7,58.8,54,1.27,4969,0.79,1477,2.39,0.048
OLV_42_0155,Málaga,Intensivo,Secano,2.35,Picual,Cuajado,Limoso,Malo,17.5,1403.8,270.0,50.8,95.2,14.2,30.4,64,2.38,6167,0.77,1815,0.62,0.0
OLV_42_0156,Jaén,Tradicional,Secano,22.07,Picual,Floracion,Franco-arcilloso,Malo,4.0,437.0,425.0,167.7,380.0,21.9,78.5,64,1.94,5280,0.85,1045,4.4,0.3784
OLV_42_0157,Córdoba,Tradicional,Secano,20.26,Picual,Cuajado,Arcilloso,Malo,1.9,1980.2,440.0,131.2,305.8,14.5,82.0,100,2.66,5129,0.81,1021,3.8,0.2281
OLV_42_0158,Málaga,Superintensivo,Riego,23.91,Hojiblanca,Floracion,Arcilloso,Malo,1.8,2289.0,228.0,61.4,224.2,19.5,68.1,62,2.03,12000,0.74,2102,2.14,0.0
OLV_42_0159,Jaén,Tradicional,Secano,44.63,Arbequina,Cuajado,Limoso,Malo,6.0,1460.4,491.0,38.0,141.6,18.5,33.8,140,1.26,4498,0.91,1334,0.03,0.0
OLV_42_0160,Córdoba,Tradicional,Secano,6.14,Hojiblanca,Brotacion,Arcilloso,Malo,3.0,1078.9,245.0,37.2,109.4,14.9,53.6,132,1.95,5203,0.81,881,0.54,0.0
OLV_42_0161,Granada,Tradicional,Riego,40.54,Manzanilla,Engorde,Franco-arcilloso,Malo,3.5,1060.7,645.0,28.2,36.1,22.1,49.1,146,2.36,8832,0.81,1282,0.8,0.0
OLV_42_0162,Jaén,Tradicional,Secano,38.4,Hojiblanca,Floracion,Limoso,Malo,10.8,249.2,546.0,235.1,379.6,18.1,61.1,35,0.85,5016,0.81,1405,3.02,0.4844
OLV_42_0163,Sevilla,Tradicional,Riego,15.13,Manzanilla,Brotacion,Limoso,Moderado,6.7,1930.1,229.0,17.6,47.6,25.3,26.7,81,1.31,7837,0.84,1364,0.0,0.0
OLV_42_0164,Sevilla,Intensivo,Secano,3.87,Manzanilla,Brotacion,Arenoso,Malo,3.0,768.4,271.0,111.8,309.5,23.9,48.8,91,2.52,6407,0.76,1483,2.23,0.0234
OLV_42_0165,Sevilla,Tradicional,Riego,21.69,Manzanilla,Cuajado,Arenoso,Malo,3.5,63.7,84.0,73.3,78.3,14.4,29.4,55,2.04,8467,0.78,1357,0.76,0.0
OLV_42_0166,Sevilla,Intensivo,Secano,8.2,Arbequina,Engorde,Arenoso,Malo,3.8,1566.7,216.0,71.0,126.1,19.7,38.4,124,1.45,5996,0.9,1417,2.18,0.0
OLV_42_0167,Jaén,Tradicional,Riego,22.67,Picual,Reposo,Franco,Moderado,8.0,1896.8,624.0,54.7,208.3,16.2,38.0,66,2.48,8187,0.85,1369,1.32,0.0
OLV_42_0168,Jaén,Tradicional,Secano,33.64,Picual,Cuajado,Franco-arcilloso,Moderado,3.2,296.3,484.0,92.5,295.8,22.3,64.2,110,2.65,5542,0.85,1215,3.27,0.0
OLV_42_0169,Granada,Intensivo,Riego,28.25,Picual,Engorde,Arenoso,Bueno,4.5,56.2,693.0,168.5,380.0,22.3,27.9,127,1.42,11421,0.78,1670,2.83,0.0
OLV_42_0170,Jaén,Tradicional,Riego,13.74,Picual,Cuajado,Arenoso,Moderado,6.1,2397.3,408.0,81.8,276.6,14.2,39.7,149,1.7,10265,0.76,1494,0.46,0.0
OLV_42_0171,Jaén,Intensivo,Secano,42.76,Picual,Cuajado,Arcilloso,Malo,11.6,324.1,484.0,35.0,96.3,12.4,43.5,146,0.99,6326,0.0,1636,1.4,0.0
OLV_42_0172,Córdoba,Intensivo,Riego,31.43,Picual,Engorde,Arcilloso,Bueno,5.7,1628.8,142.0,138.9,229.7,15.8,80.7,87,2.48,11681,0.81,1551,3.9,0.0893
OLV_42_0173,Córdoba,Intensivo,Secano,41.15,Manzanilla,Cuajado,Franco-arcilloso,Bueno,3.4,2177.5,294.0,11.0,16.0,19.3,25.1,145,2.09,5707,0.83,1277,0.79,0.0
OLV_42_0174,Jaén,Tradicional,Secano,16.91,Picual,Cuajado,Franco-arcilloso,Bueno,5.5,1069.0,544.0,101.1,236.2,19.1,45.0,115,1.47,5350,0.86,1266,3.33,0.0
OLV_42_0175,Cadiz,Tradicional,Secano,14.56,Manzanilla,Brotacion,Franco-arcilloso,Moderado,0.4,2130.8,0.0,56.7,211.0,15.6,39.8,122,2.58,5320,0.79,919,0.78,0.0
OLV_42_0176,Granada,Intensivo,Secano,13.26,Picual,Engorde,Arcilloso,Moderado,7.0,1408.9,660.0,35.9,102.2,16.4,33.8,74,1.41,6444,0.79,1391,0.0,0.0
OLV_42_0177,Cadiz,Tradicional,Secano,31.86,Picual,Engorde,Limoso,Malo,1.4,1965.9,93.0,64.7,144.5,17.9,42.8,103,2.43,5558,0.79,1152,1.37,0.0
OLV_42_0178,Sevilla,Tradicional,Secano,11.35,Arbequina,Floracion,Arcilloso,Malo,4.5,595.7,121.0,204.5,380.0,18.5,78.7,140,0.85,24560,0.92,1067,4.52,0.2838
OLV_42_0179,Málaga,Tradicional,Secano,39.18,Picual,Reposo,Arcilloso,Malo,5.4,451.7,439.0,298.1,380.0,18.3,79.8,64,2.08,5089,0.81,1151,5.16,0.0794
OLV_42_0180,Córdoba,Intensivo,Secano,23.05,Hojiblanca,Engorde,Franco-arcilloso,Malo,8.6,1146.9,139.0,53.8,196.7,14.8,46.1,122,2.06,6609,0.75,1647,0.81,0.0
OLV_42_0181,Granada,Tradicional,Riego,37.05,Picual,Reposo,Franco-arcilloso,Bueno,2.1,1716.0,667.0,89.0,282.2,21.3,60.0,68,1.1,7761,0.83,1243,1.99,0.0
OLV_42_0182,Málaga,Tradicional,Secano,25.79,Arbequina,Floracion,Franco,Moderado,7.4,1571.3,211.0,54.3,116.6,18.1,24.1,132,2.71,4666,0.9,969,0.8,0.0
OLV_42_0183,Sevilla,Tradicional,Secano,5.14,Hojiblanca,Brotacion,Franco-arcilloso,Moderado,9.2,1972.6,165.0,127.7,376.4,13.3,56.8,134,2.77,5112,0.84,1244,3.84,0.0
OLV_42_0184,Sevilla,Tradicional,Riego,28.52,Picual,Reposo,Franco-arcilloso,Moderado,4.6,157.0,188.0,166.3,274.4,16.7,59.5,49,2.91,9378,0.79,1409,3.89,0.0
OLV_42_0185,Jaén,Tradicional,Secano,35.55,Picual,Floracion,Arenoso,Bueno,6.3,181.2,464.0,330.5,380.0,16.3,53.4,128,1.79,5156,0.81,1062,3.06,0.0991
OLV_42_0186,Granada,Intensivo,Secano,20.98,Picual,Engorde,Franco,Bueno,1.8,413.9,617.0,103.7,366.0,13.7,68.5,97,2.22,6541,0.82,1275,2.19,0.0139
OLV_42_0187,Córdoba,Tradicional,Riego,20.06,Hojiblanca,Floracion,Limoso,Moderado,2.4,2276.1,398.0,88.8,114.8,9.5,53.0,117,1.19,9514,0.82,1453,1.78,0.0
OLV_42_0188,Córdoba,Intensivo,Riego,31.67,Picual,Reposo,Arenoso,Moderado,2.4,1053.6,196.0,109.2,375.6,14.6,40.6,84,1.61,10098,0.84,1485,1.12,0.0
OLV_42_0189,Jaén,Intensivo,Secano,2.0,Picual,Floracion,Franco,Bueno,7.1,199.6,292.0,69.6,148.3,16.2,52.7,95,1.4,6461,0.8,1465,1.3,0.0
OLV_42_0190,Granada,Intensivo,Secano,32.36,Arbequina,Cuajado,Franco-arcilloso,Moderado,2.3,255.2,720.0,240.3,380.0,15.8,65.1,43,1.83,6506,0.86,1459,3.98,0.3202
OLV_42_0191,Jaén,Tradicional,Secano,20.1,Picual,Reposo,Arcilloso,Moderado,3.9,237.2,369.0,167.0,380.0,14.5,81.3,124,2.58,5539,0.8,1006,3.62,0.0226
OLV_42_0192,Granada,Tradicional,Secano,14.13,Arbequina,Cuajado,Arcilloso,Moderado,11.3,145.3,737.0,117.5,334.2,10.2,114.0,38,2.36,4489,0.91,1207,2.86,0.1497
OLV_42_0193,Sevilla,Tradicional,Secano,47.32,Hojiblanca,Floracion,Arenoso,Malo,4.5,2012.5,56.0,24.0,93.0,16.8,41.1,84,1.63,5438,0.8,1224,0.55,0.0
OLV_42_0194,Granada,Tradicional,Riego,3.2,Picual,Engorde,Franco,Moderado,7.7,1716.3,556.0,88.5,102.3,21.1,38.0,122,2.21,9922,0.81,1587,0.31,0.0
OLV_42_0195,Sevilla,Tradicional,Secano,20.42,Hojiblanca,Reposo,Franco-arcilloso,Bueno,3.8,204.6,25.0,6.4,11.4,13.8,38.9,47,2.7,5035,0.82,1291,0.0,0.0
OLV_42_0196,Sevilla,Superintensivo,Riego,5.98,Picual,Floracion,Arcilloso,Moderado,4.7,616.8,295.0,121.5,380.0,14.7,80.5,45,2.67,12000,0.77,2052,3.57,0.4848
OLV_42_0197,Jaén,Intensivo,Secano,13.42,Hojiblanca,Brotacion,Franco,Moderado,6.0,2145.1,499.0,54.6,67.1,24.6,34.8,94,2.22,6327,0.79,1552,0.27,0.0
OLV_42_0198,Córdoba,Tradicional,Riego,27.53,Hojiblanca,Engorde,Franco,Bueno,2.0,372.9,320.0,63.1,101.6,16.9,31.4,116,0.95,9403,0.81,1295,1.2,0.0
OLV_42_0199,Granada,Intensivo,Riego,24.6,Picual,Floracion,Franco-arcilloso,Bueno,12.0,546.4,677.0,67.1,120.8,17.3,45.2,90,1.58,10742,0.81,1610,1.31,0.0
OLV_42_0200,Jaén,Tradicional,Secano,4.59,Picual,Engorde,Arenoso,Moderado,7.7,2250.5,469.0,176.2,380.0,25.9,35.9,137,2.22,5021,0.81,1226,1.66,0.0
OLV_42_0201,Granada,Tradicional,Secano,35.69,Picual,Reposo,Limoso,Malo,3.4,206.6,651.0,85.4,137.7,17.8,57.9,83,2.58,5082,0.82,1221,2.04,0.0
OLV_42_0202,Córdoba,Superintensivo,Secano,5.89,Picual,Cuajado,Arcilloso,Malo,2.4,319.3,467.0,97.5,168.1,11.2,81.2,63,1.67,8312,0.83,1582,5.05,0.1067
OLV_42_0203,Granada,Intensivo,Riego,38.52,Hojiblanca,Engorde,Arenoso,Bueno,8.1,268.2,792.0,162.6,280.2,16.4,30.2,99,1.45,11790,0.79,1783,1.57,0.0
OLV_42_0204,Córdoba,Intensivo,Secano,22.6,Hojiblanca,Reposo,Limoso,Malo,4.0,2312.6,479.0,135.4,213.9,17.6,74.2,87,2.83,6432,0.8,1483,2.7,0.0
OLV_42_0205,Córdoba,Tradicional,Riego,49.3,Hojiblanca,Floracion,Limoso,Bueno,12.5,1938.1,342.0,29.4,86.4,18.1,35.1,86,2.74,8154,0.77,1401,0.14,0.0
OLV_42_0206,Málaga,Tradicional,Secano,8.95,Picual,Cuajado,Arenoso,Malo,7.5,619.9,354.0,139.5,202.2,17.6,40.4,53,1.06,5175,0.81,1309,2.02,0.0373
OLV_42_0207,Sevilla,Intensivo,Secano,16.52,Picual,Cuajado,Franco-arcilloso,Malo,1.6,1474.4,152.0,120.7,380.0,12.1,82.0,110,2.62,6581,0.78,1554,5.24,0.2134
OLV_42_0208,Granada,Tradicional,Riego,30.16,Cornicabra,Floracion,Franco-arcilloso,Bueno,2.9,1063.6,785.0,34.5,68.0,21.4,35.0,70,2.28,10090,0.78,1238,0.0,0.0
OLV_42_0209,Córdoba,Intensivo,Secano,2.83,Hojiblanca,Brotacion,Arenoso,Malo,4.8,752.2,235.0,175.6,303.8,20.3,36.8,133,1.18,6598,0.81,1501,2.34,0.0
OLV_42_0210,Granada,Tradicional,Riego,45.31,Picual,Engorde,Arcilloso,Moderado,4.7,186.1,636.0,98.9,159.3,17.9,55.8,102,1.38,7402,0.8,1187,1.47,0.0
OLV_42_0211,Sevilla,Tradicional,Secano,23.51,Hojiblanca,Brotacion,Limoso,Moderado,7.1,130.6,0.0,87.1,276.2,13.6,77.5,123,2.54,5192,0.76,1313,1.75,0.0
OLV_42_0212,Jaén,Intensivo,Riego,15.73,Picual,Engorde,Arcilloso,Malo,15.1,2096.5,622.0,104.8,349.2,12.2,41.3,36,1.48,10455,0.86,1923,3.16,0.0295
OLV_42_0213,Jaén,Tradicional,Secano,47.49,Picual,Engorde,Arenoso,Malo,12.1,678.1,619.0,7.0,25.3,15.6,29.1,61,2.49,5404,0.84,1417,0.1,0.0
OLV_42_0214,Córdoba,Tradicional,Riego,5.62,Manzanilla,Engorde,Limoso,Malo,7.2,1931.6,347.0,18.3,57.1,10.5,48.5,81,2.49,9657,0.76,1299,0.62,0.0
OLV_42_0215,Jaén,Tradicional,Riego,37.55,Hojiblanca,Floracion,Arcilloso,Bueno,7.7,1616.9,460.0,136.3,380.0,18.3,62.0,51,1.76,7923,0.79,1464,4.57,0.283
OLV_42_0216,Jaén,Tradicional,Riego,40.47,Picual,Cuajado,Arcilloso,Moderado,9.5,2047.4,511.0,93.7,345.5,18.9,49.3,74,2.38,9317,0.79,1433,1.33,0.0313
OLV_42_0217,Córdoba,Tradicional,Secano,33.12,Hojiblanca,Brotacion,Arcilloso,Bueno,2.7,849.0,302.0,85.6,230.7,12.4,80.8,75,1.54,5088,0.84,1052,2.07,0.0
OLV_42_0218,Córdoba,Tradicional,Riego,19.52,Hojiblanca,Brotacion,Franco,Moderado,12.4,1451.8,379.0,134.5,327.8,16.2,44.5,66,2.75,7538,0.82,1585,1.5,0.0
OLV_42_0219,Jaén,Tradicional,Secano,24.82,Hojiblanca,Brotacion,Arcilloso,Moderado,4.5,1609.9,460.0,137.0,350.2,21.0,58.3,66,1.51,5085,0.75,1330,3.43,0.0844
OLV_42_0220,Málaga,Superintensivo,Riego,49.11,Arbequina,Reposo,Limoso,Moderado,2.2,645.7,160.0,167.5,225.5,14.7,63.3,70,1.88,12000,0.92,2037,2.19,0.0
OLV_42_0221,Jaén,Tradicional,Riego,10.2,Picual,Reposo,Franco,Moderado,7.7,1333.5,389.0,40.2,108.1,19.5,21.2,65,2.29,9372,0.82,1415,0.3,0.0
OLV_42_0222,Jaén,Tradicional,Secano,9.46,Picual,Reposo,Franco,Bueno,8.3,442.6,539.0,173.7,320.2,15.7,74.1,139,2.57,5450,0.85,1035,4.82,0.0
OLV_42_0223,Córdoba,Intensivo,Riego,23.41,Picual,Brotacion,Franco-arcilloso,Moderado,2.6,1314.6,223.0,183.2,380.0,14.9,73.4,32,2.73,10395,0.77,1598,4.75,0.1874
OLV_42_0224,Jaén,Tradicional,Riego,14.96,Picual,Floracion,Franco-arcilloso,Moderado,5.9,1959.3,646.0,278.6,380.0,19.0,75.6,110,2.09,9023,0.0,1432,3.1,0.2493
OLV_42_0225,Córdoba,Tradicional,Riego,46.8,Hojiblanca,Brotacion,Franco,Moderado,4.9,46.0,232.0,34.4,98.1,13.0,58.8,78,2.68,9194,0.85,1312,0.46,0.0
OLV_42_0226,Sevilla,Tradicional,Secano,42.79,Hojiblanca,Cuajado,Limoso,Bueno,3.6,422.1,14.0,21.4,42.0,15.3,18.5,97,1.92,5464,0.75,1244,0.32,0.0
OLV_42_0227,Granada,Tradicional,Riego,22.64,Picual,Brotacion,Franco-arcilloso,Malo,4.6,667.5,579.0,303.2,380.0,17.9,59.8,124,1.55,8129,0.85,1447,3.72,0.1076
OLV_42_0228,Córdoba,Intensivo,Secano,7.55,Hojiblanca,Engorde,Limoso,Bueno,1.5,886.7,327.0,65.1,120.8,21.2,57.1,92,2.15,6862,0.77,1672,1.19,0.0
OLV_42_0229,Jaén,Tradicional,Riego,15.0,Picual,Floracion,Limoso,Bueno,2.6,1623.2,362.0,137.4,380.0,16.3,78.1,67,1.8,9901,0.84,1249,4.37,0.271
OLV_42_0230,Jaén,Intensivo,Secano,30.39,Picual,Cuajado,Arcilloso,Malo,4.7,560.8,652.0,269.6,380.0,19.7,82.0,144,1.59,6868,0.77,1333,5.15,0.2998
OLV_42_0231,Jaén,Tradicional,Secano,21.26,Picual,Brotacion,Franco,Malo,6.0,1681.8,347.0,74.7,236.3,14.5,37.9,95,1.03,5169,0.85,1079,2.5,0.0
OLV_42_0232,Jaén,Tradicional,Secano,40.12,Picual,Engorde,Franco-arcilloso,Moderado,7.9,596.0,766.0,175.0,380.0,22.2,60.2,134,0.86,5046,0.77,1043,3.28,0.0945
OLV_42_0233,Córdoba,Tradicional,Riego,8.33,Picual,Reposo,Limoso,Bueno,3.7,1136.2,207.0,103.6,198.6,9.4,34.2,148,2.88,10728,0.83,1323,0.97,0.0
OLV_42_0234,Málaga,Tradicional,Riego,2.89,Hojiblanca,Cuajado,Arcilloso,Moderado,4.3,476.8,50.0,274.0,380.0,21.3,60.0,44,1.27,9684,0.77,1292,4.03,0.3264
OLV_42_0235,Sevilla,Superintensivo,Riego,5.1,Picual,Engorde,Arenoso,Moderado,2.3,866.4,144.0,115.9,257.4,18.5,32.2,94,2.74,12000,0.86,2087,1.17,0.0
OLV_42_0236,Sevilla,Intensivo,Secano,31.56,Hojiblanca,Floracion,Franco-arcilloso,Moderado,1.6,433.0,157.0,308.5,380.0,14.5,66.1,134,2.78,6845,0.76,1442,2.63,0.2231
OLV_42_0237,Málaga,Intensivo,Riego,3.15,Hojiblanca,Cuajado,Arcilloso,Bueno,5.5,2079.0,385.0,8.9,18.8,13.5,37.3,134,2.1,10123,0.78,1654,0.0,0.0
OLV_42_0238,Málaga,Intensivo,Riego,21.08,Picual,Brotacion,Limoso,Moderado,3.7,1996.5,446.0,32.2,97.6,19.5,45.1,110,2.0,10043,0.84,1565,0.0,0.0
OLV_42_0239,Málaga,Tradicional,Secano,22.01,Picual,Engorde,Franco,Bueno,4.9,599.0,289.0,44.9,103.7,20.2,22.0,33,0.98,5566,0.87,986,0.02,0.0
OLV_42_0240,Málaga,Tradicional,Riego,20.91,Hojiblanca,Engorde,Limoso,Moderado,3.5,82.6,248.0,193.7,352.8,24.8,78.8,92,1.39,9434,0.77,1249,4.18,0.1603
OLV_42_0241,Málaga,Tradicional,Riego,33.11,Manzanilla,Engorde,Arcilloso,Moderado,7.0,1588.9,189.0,161.9,380.0,21.2,67.4,33,0.94,9779,0.79,1503,5.02,0.1499
OLV_42_0242,Granada,Intensivo,Secano,22.9,Picual,Brotacion,Limoso,Malo,4.9,1543.8,779.0,120.9,380.0,18.1,71.0,48,2.63,6304,0.84,1376,4.46,0.0723
OLV_42_0243,Granada,Tradicional,Secano,21.44,Picual,Brotacion,Franco-arcilloso,Bueno,5.4,736.2,652.0,81.4,124.1,17.4,45.6,40,1.84,6082,0.82,1061,0.78,0.0
OLV_42_0244,Jaén,Tradicional,Riego,35.7,Picual,Cuajado,Franco,Malo,12.1,148.3,382.0,103.2,270.3,13.3,78.9,78,1.47,9792,0.8,1587,3.57,0.0799
OLV_42_0245,Jaén,Intensivo,Secano,47.76,Picual,Cuajado,Franco-arcilloso,Moderado,4.5,583.4,392.0,,380.0,19.0,66.7,104,2.54,6497,0.82,1440,3.28,0.198
OLV_42_0246,Málaga,Tradicional,Secano,24.49,Arbequina,Reposo,Arcilloso,Moderado,2.5,90.9,330.0,268.4,380.0,15.8,56.4,124,1.99,5307,0.84,1322,4.08,0.0263
OLV_42_0247,Córdoba,Tradicional,Secano,23.3,Hojiblanca,Cuajado,Limoso,Moderado,3.7,1380.5,356.0,69.2,134.0,20.0,39.9,33,1.65,5054,0.79,1045,1.18,0.0
OLV_42_0248,Sevilla,Tradicional,Secano,46.45,Manzanilla,Cuajado,Franco-arcilloso,Bueno,2.3,744.6,130.0,158.2,380.0,18.6,77.1,104,2.95,26095,0.78,1042,3.85,0.1608
OLV_42_0249,Córdoba,Tradicional,Secano,43.4,Picual,Cuajado,Franco,Bueno,1.3,94.0,341.0,207.7,380.0,14.4,71.8,96,2.75,5194,0.84,996,3.45,0.1646
OLV_42_0250,Jaén,Tradicional,Secano,6.97,Picual,Brotacion,Arcilloso,Moderado,15.6,686.7,501.0,72.9,278.4,17.1,41.9,105,2.69,4473,0.82,1291,2.19,0.0
OLV_42_0251,Granada,Tradicional,Secano,24.52,Picual,Reposo,Franco-arcilloso,Moderado,6.9,528.4,549.0,205.0,380.0,19.8,73.5,37,2.78,4855,0.88,1074,5.5,0.0369
OLV_42_0252,Jaén,Intensivo,Riego,21.7,Picual,Reposo,Franco,Moderado,1.8,55.3,623.0,12.0,46.8,15.7,39.1,37,2.93,12000,0.8,1771,0.27,0.0
OLV_42_0253,Málaga,Intensivo,Riego,47.47,Hojiblanca,Cuajado,Franco-arcilloso,Malo,8.0,1119.9,379.0,198.3,380.0,11.7,82.0,56,0.85,11120,0.83,1938,4.59,0.3596
OLV_42_0254,Sevilla,Superintensivo,Secano,25.53,Manzanilla,Brotacion,Limoso,Bueno,7.9,1227.2,363.0,91.2,142.2,20.6,47.2,58,1.51,8290,0.77,2054,0.82,0.0
OLV_42_0255,Granada,Tradicional,Secano,29.4,Picual,Reposo,Arcilloso,Malo,7.0,572.8,621.0,32.2,115.3,11.0,58.4,101,2.08,5383,0.82,1178,2.11,0.0
OLV_42_0256,Málaga,Intensivo,Secano,47.88,Picual,Floracion,Franco,Bueno,4.5,602.0,171.0,286.2,380.0,19.2,59.1,36,2.23,6297,0.79,1527,4.09,0.3081
OLV_42_0257,Jaén,Tradicional,Riego,19.44,Picual,Engorde,Limoso,Malo,4.0,2208.7,687.0,68.7,179.0,18.8,68.8,118,0.91,8953,0.81,1101,2.14,0.0
OLV_42_0258,Málaga,Tradicional,Secano,44.46,Arbequina,Engorde,Arenoso,Moderado,3.5,51.8,258.0,286.2,380.0,21.1,74.8,62,1.66,5185,0.85,933,2.9,0.2093
OLV_42_0259,Sevilla,Tradicional,Riego,38.67,Manzanilla,Engorde,Franco-arcilloso,Moderado,0.9,489.9,116.0,227.7,380.0,12.4,78.8,46,2.61,9328,0.76,1157,3.69,0.2051
OLV_42_0260,Jaén,Intensivo,Secano,25.86,Arbequina,Brotacion,Franco-arcilloso,Moderado,8.5,1934.3,603.0,99.9,190.5,17.0,43.7,59,2.18,6036,0.87,1424,1.43,0.0
OLV_42_0261,Sevilla,Intensivo,Secano,31.75,Hojiblanca,Cuajado,Arenoso,Bueno,14.6,762.4,0.0,117.6,279.9,14.6,24.0,37,2.45,6484,0.76,1682,1.73,0.0
OLV_42_0262,Málaga,Tradicional,Riego,3.03,Picual,Floracion,Arenoso,Malo,8.1,939.4,235.0,65.7,210.2,19.8,28.1,65,1.38,8703,0.8,1435,1.25,0.0
OLV_42_0263,Sevilla,Intensivo,Secano,20.59,Hojiblanca,Floracion,Franco-arcilloso,Malo,7.8,2237.7,76.0,15.5,58.0,24.2,47.4,43,1.16,6306,0.78,1636,0.45,0.0
OLV_42_0264,Granada,Tradicional,Riego,18.27,Hojiblanca,Engorde,Arenoso,Moderado,3.3,2007.1,585.0,15.2,20.2,20.9,27.1,50,2.54,8410,0.8,1410,0.0,0.0
OLV_42_0265,Jaén,Tradicional,Riego,45.86,Hojiblanca,Floracion,Franco-arcilloso,Malo,4.5,444.4,594.0,231.5,380.0,17.2,82.0,88,2.51,9283,0.82,1299,4.36,0.3194
OLV_42_0266,Jaén,Intensivo,Secano,45.67,Picual,Brotacion,Franco-arcilloso,Moderado,0.7,2291.7,475.0,128.1,380.0,18.6,81.8,49,1.09,6580,0.82,1212,3.0,0.0743
OLV_42_0267,Jaén,Tradicional,Secano,18.03,Picual,Brotacion,Franco-arcilloso,Moderado,8.0,398.3,648.0,220.3,380.0,15.1,63.4,134,1.84,5220,0.83,1341,5.04,0.0581
OLV_42_0268,Jaén,Tradicional,Secano,7.22,Picual,Floracion,Limoso,Moderado,12.6,293.7,590.0,73.9,255.8,17.1,66.4,94,2.93,5190,0.81,1474,1.46,0.0
OLV_42_0269,Jaén,Tradicional,Riego,33.88,Picual,Reposo,Arenoso,Malo,3.9,628.0,523.0,88.7,99.5,9.6,44.0,141,0.98,8489,0.84,1275,1.01,0.0
OLV_42_0270,Córdoba,Intensivo,Secano,48.76,Cornicabra,Cuajado,Arenoso,Malo,3.0,209.9,295.0,76.7,270.8,16.5,42.8,148,0.9,6542,0.84,1394,1.72,0.0
OLV_42_0271,Jaén,Tradicional,Secano,48.41,Picual,Cuajado,Franco,Bueno,4.1,1505.2,475.0,219.0,380.0,16.9,68.9,74,1.87,5189,0.81,1259,3.35,0.19
OLV_42_0272,Córdoba,Superintensivo,Riego,32.2,Picual,Brotacion,Arcilloso,Moderado,6.3,541.2,442.0,7.6,12.6,17.9,37.2,136,2.85,12000,0.79,2015,0.0,0.0
OLV_42_0273,Córdoba,Intensivo,Secano,41.74,Hojiblanca,Cuajado,Arcilloso,Moderado,9.8,1621.6,410.0,140.1,181.0,12.9,58.4,95,1.6,6341,0.77,1478,3.5,0.0288
OLV_42_0274,Granada,Tradicional,Secano,14.29,Hojiblanca,Engorde,Limoso,Bueno,8.4,1139.7,613.0,110.1,200.8,13.2,41.3,86,2.07,5408,0.82,1148,0.98,0.0
OLV_42_0275,Granada,Tradicional,Secano,25.92,Arbequina,Cuajado,Franco-arcilloso,Bueno,4.5,363.4,499.0,98.8,269.7,23.2,60.3,52,1.7,5505,0.95,1088,2.99,0.0417
OLV_42_0276,Granada,Intensivo,Secano,19.1,Arbequina,Brotacion,Limoso,Moderado,4.6,659.7,735.0,60.2,65.2,18.3,58.2,60,1.97,5875,0.88,1399,1.27,0.0
OLV_42_0277,Granada,Superintensivo,Secano,26.4,Picual,Floracion,Franco,Moderado,2.1,1668.5,703.0,128.8,226.4,16.2,57.5,114,1.05,8455,0.84,1667,2.29,0.1896
OLV_42_0278,Jaén,Tradicional,Riego,27.49,Hojiblanca,Engorde,Arcilloso,Bueno,11.7,839.4,662.0,5.3,22.8,20.8,36.4,35,1.36,8735,0.78,1639,0.62,0.0
OLV_42_0279,Granada,Intensivo,Secano,19.46,Picual,Engorde,Arenoso,Moderado,4.5,2245.4,635.0,67.5,135.1,13.1,38.5,149,1.97,7027,0.86,1614,1.4,0.0
OLV_42_0280,Granada,Tradicional,Secano,25.84,Hojiblanca,Reposo,Limoso,Moderado,7.8,1365.4,622.0,84.9,208.6,19.4,59.1,77,1.04,5403,0.76,1087,2.2,0.0
OLV_42_0281,Córdoba,Tradicional,Secano,45.98,Cornicabra,Cuajado,Franco,Bueno,11.2,356.9,415.0,103.4,235.3,16.6,49.2,145,2.55,5225,0.8,1370,1.64,0.0
OLV_42_0282,Jaén,Tradicional,Secano,38.82,Picual,Cuajado,Arenoso,Malo,2.3,1811.4,496.0,48.6,169.0,16.3,28.6,78,2.92,5547,0.77,929,0.42,0.0
OLV_42_0283,Cadiz,Tradicional,Secano,17.8,Manzanilla,Brotacion,Franco-arcilloso,Malo,3.2,654.2,224.0,283.7,380.0,13.3,61.9,36,1.61,5558,0.72,1121,5.2,0.1366
OLV_42_0284,Córdoba,Tradicional,Riego,14.07,Manzanilla,Cuajado,Arcilloso,Moderado,10.7,1406.9,307.0,71.4,187.1,17.4,49.3,95,2.75,8011,0.81,1459,1.68,0.0
OLV_42_0285,Córdoba,Intensivo,Secano,43.3,Arbequina,Brotacion,Franco,Bueno,4.0,117.6,348.0,18.5,88.4,21.9,33.4,100,1.05,6120,0.86,1334,0.2,0.0
OLV_42_0286,Málaga,Tradicional,Riego,31.5,Hojiblanca,Floracion,Franco-arcilloso,Bueno,11.6,2039.6,325.0,,78.5,11.4,42.7,30,2.78,8095,0.88,1530,0.19,0.0
OLV_42_0287,Sevilla,Tradicional,Secano,29.23,Hojiblanca,Engorde,Arcilloso,Malo,6.7,674.3,125.0,86.2,226.9,21.8,75.5,138,1.95,5314,0.76,1063,2.7,0.0
OLV_42_0288,Sevilla,Intensivo,Secano,41.18,Picual,Floracion,Franco-arcilloso,Moderado,14.1,685.4,172.0,303.7,380.0,19.0,70.5,48,2.22,6744,0.77,1534,2.92,0.2802
OLV_42_0289,Jaén,Tradicional,Secano,16.82,Picual,Engorde,Arcilloso,Malo,5.4,1841.1,680.0,92.7,191.4,17.4,61.3,131,2.24,5062,0.82,1184,1.6,0.0
OLV_42_0290,Jaén,Tradicional,Secano,45.11,Picual,Reposo,Arcilloso,Moderado,9.1,604.4,549.0,115.5,256.7,21.3,54.5,35,1.68,5375,0.82,1113,3.84,0.0
OLV_42_0291,Sevilla,Tradicional,Riego,34.98,Manzanilla,Engorde,Arenoso,Moderado,0.9,877.1,99.0,60.1,204.2,15.0,40.6,43,1.73,8970,0.78,1197,0.56,0.0
OLV_42_0292,Cadiz,Intensivo,Secano,46.52,Picual,Reposo,Franco,Moderado,0.7,1137.5,147.0,139.8,280.3,21.2,68.6,89,1.3,6258,0.82,1592,3.05,0.0
OLV_42_0293,Jaén,Tradicional,Secano,8.29,Picual,Floracion,Franco-arcilloso,Malo,6.2,818.0,379.0,143.6,283.8,23.1,59.1,56,0.85,5336,0.77,1223,4.48,0.3196
OLV_42_0294,Sevilla,Tradicional,Secano,42.41,Picual,Reposo,Limoso,Malo,8.8,1853.8,186.0,21.0,52.3,14.8,34.6,98,1.21,5251,0.84,1220,0.55,0.0
OLV_42_0295,Málaga,Intensivo,Secano,9.85,Hojiblanca,Floracion,Arcilloso,Moderado,7.2,1464.4,268.0,76.1,250.2,18.2,35.1,64,1.15,6436,0.79,1312,2.56,0.0
OLV_42_0296,Córdoba,Intensivo,Riego,29.99,Manzanilla,Cuajado,Franco-arcilloso,Moderado,1.3,274.5,318.0,100.8,139.0,14.9,68.7,50,2.17,11560,0.81,1644,1.77,0.0
OLV_42_0297,Málaga,Tradicional,Secano,35.24,Arbequina,Engorde,Franco,Moderado,7.4,1679.6,206.0,123.4,170.5,23.7,43.3,121,1.25,4961,0.88,1266,1.81,0.0
OLV_42_0298,Granada,Tradicional,Secano,22.9,Picual,Engorde,Arenoso,Bueno,8.6,2288.2,481.0,9.6,23.7,18.7,34.6,30,1.07,4879,0.84,1376,0.0,0.0
OLV_42_0299,Granada,Tradicional,Riego,22.39,Picual,Reposo,Franco-arcilloso,Malo,13.9,122.4,597.0,155.3,380.0,21.4,64.9,138,1.48,8941,0.85,1536,3.77,0.0227
OLV_42_0300,Cadiz,Intensivo,Secano,23.23,Manzanilla,Floracion,Franco-arcilloso,Bueno,6.3,1084.5,88.0,95.0,198.2,16.2,36.8,113,1.09,6136,0.79,1563,1.31,0.0
OLV_42_0301,Málaga,Intensivo,Riego,20.7,Picual,Reposo,Franco,Bueno,2.0,138.0,246.0,51.8,164.5,12.6,39.6,113,2.91,12000,0.83,1627,0.29,0.0
OLV_42_0302,Granada,Tradicional,Secano,8.15,Hojiblanca,Floracion,Limoso,Moderado,7.9,1621.2,665.0,240.1,380.0,19.5,74.7,62,2.7,5253,0.8,1326,2.69,0.3101
OLV_42_0303,Córdoba,Tradicional,Secano,18.33,Cornicabra,Floracion,Franco-arcilloso,Moderado,9.9,2347.6,311.0,188.8,240.3,16.7,81.0,128,1.13,5238,0.84,1190,3.34,0.1579
OLV_42_0304,Jaén,Tradicional,Secano,17.34,Picual,Reposo,Franco,Bueno,4.8,767.5,540.0,83.9,252.6,14.7,32.7,76,2.18,5145,0.86,1035,1.57,0.0
OLV_42_0305,Córdoba,Tradicional,Secano,29.76,Picual,Brotacion,Limoso,Moderado,5.5,1144.5,364.0,111.1,129.9,15.2,61.9,112,0.9,5370,0.79,1225,2.02,0.0
OLV_42_0306,Málaga,Tradicional,Secano,33.93,Hojiblanca,Cuajado,Arcilloso,Moderado,8.2,466.7,332.0,50.0,149.0,14.6,59.2,122,2.11,5366,0.8,1062,1.0,0.0
OLV_42_0307,Córdoba,Intensivo,Secano,25.07,Hojiblanca,Cuajado,Limoso,Malo,3.7,1452.6,281.0,100.6,359.1,18.1,67.9,127,2.64,7030,0.77,1387,3.84,0.0577
OLV_42_0308,Córdoba,Tradicional,Secano,33.59,Hojiblanca,Reposo,Arcilloso,Malo,12.8,1055.3,206.0,58.9,219.1,14.1,42.6,128,2.48,5056,0.77,1441,1.23,0.0
OLV_42_0309,Jaén,Tradicional,Secano,20.35,Picual,Engorde,Franco,Malo,8.7,1211.8,497.0,71.3,190.1,18.3,61.1,92,1.27,5465,0.82,1538,1.4,0.0
OLV_42_0310,Córdoba,Intensivo,Secano,18.13,Hojiblanca,Brotacion,Arenoso,Bueno,9.6,563.7,265.0,167.0,276.3,15.7,35.8,61,2.67,6534,0.75,1353,1.68,0.0
OLV_42_0311,Córdoba,Tradicional,Secano,24.2,Hojiblanca,Cuajado,Limoso,Moderado,7.1,1730.6,326.0,55.4,80.5,21.8,35.4,123,2.13,4888,0.83,1407,0.42,0.0
OLV_42_0312,Córdoba,Tradicional,Secano,23.23,Picual,Floracion,Franco-arcilloso,Bueno,2.0,2231.1,289.0,302.0,380.0,18.4,60.8,62,2.45,5157,0.78,1129,2.4,0.2225
OLV_42_0313,Málaga,Intensivo,Secano,28.03,Hojiblanca,Engorde,Limoso,Malo,2.5,214.2,521.0,75.5,241.7,13.2,60.5,101,1.94,6628,0.79,1291,3.72,0.0
OLV_42_0314,Cadiz,Intensivo,Riego,5.64,Manzanilla,Brotacion,Franco,Moderado,7.3,349.8,103.0,149.4,241.1,18.9,63.2,61,2.54,11892,0.73,1745,4.19,0.0305
OLV_42_0315,Córdoba,Tradicional,Secano,17.34,Picual,Floracion,Franco,Moderado,3.7,2035.2,326.0,81.9,234.3,19.1,31.2,97,2.52,5934,0.86,1191,0.82,0.0
OLV_42_0316,Granada,Tradicional,Secano,30.13,Picual,Reposo,Limoso,Moderado,60.0,225.3,666.0,236.4,367.6,17.5,54.8,45,1.64,5303,0.8,1224,3.82,0.0141
OLV_42_0317,Sevilla,Tradicional,Secano,13.59,Hojiblanca,Floracion,Arcilloso,Moderado,4.2,694.3,157.0,180.2,380.0,21.8,67.1,49,1.66,5324,0.78,1165,4.18,0.3388
OLV_42_0318,Granada,Tradicional,Secano,49.46,Picual,Floracion,Arenoso,Bueno,12.6,1876.7,672.0,83.6,290.7,14.7,27.1,30,2.68,5015,0.79,1356,1.14,0.0
OLV_42_0319,Córdoba,Intensivo,Secano,22.83,Picual,Floracion,Arcilloso,Moderado,3.0,510.6,457.0,189.0,380.0,13.8,74.5,39,1.96,6672,0.81,1523,5.07,0.55
OLV_42_0320,Córdoba,Intensivo,Secano,26.29,Picual,Cuajado,Arcilloso,Moderado,2.6,488.9,304.0,279.1,380.0,16.9,82.0,95,2.68,6727,0.78,1255,4.2,0.2178
OLV_42_0321,Córdoba,Tradicional,Secano,3.86,Picual,Brotacion,Limoso,Bueno,1.2,1287.8,383.0,193.6,380.0,11.1,78.4,112,2.47,5713,0.8,942,4.09,0.058
OLV_42_0322,Sevilla,Tradicional,Secano,2.07,Manzanilla,Cuajado,Arenoso,Malo,2.6,1267.2,149.0,10.2,15.7,18.9,29.3,47,1.39,5632,0.83,1243,0.0,0.0
OLV_42_0323,Córdoba,Tradicional,Secano,8.96,Hojiblanca,Cuajado,Limoso,Moderado,1.9,391.5,404.0,33.2,97.3,12.9,54.8,80,1.94,4647,0.76,1147,0.41,0.0
OLV_42_0324,Sevilla,Tradicional,Secano,44.76,Manzanilla,Floracion,Arenoso,Malo,2.1,1619.6,155.0,159.3,179.9,21.5,29.5,128,2.84,5028,0.74,1209,3.09,0.0
OLV_42_0325,Jaén,Tradicional,Riego,16.33,Picual,Brotacion,Arcilloso,Malo,4.2,177.2,521.0,260.5,380.0,15.2,64.0,81,3.0,9852,0.81,1413,4.47,0.1117
OLV_42_0326,Sevilla,Intensivo,Riego,6.97,Manzanilla,Engorde,Franco-arcilloso,Bueno,5.6,1453.4,95.0,105.6,112.2,21.7,33.8,91,1.6,11188,0.76,1674,0.27,0.0
OLV_42_0327,Jaén,Tradicional,Secano,27.43,Picual,Brotacion,Franco-arcilloso,Moderado,8.0,663.7,383.0,101.1,368.6,15.5,78.9,139,1.85,5033,0.78,1251,3.29,0.0
OLV_42_0328,Sevilla,Tradicional,Secano,47.87,Manzanilla,Reposo,Franco-arcilloso,Moderado,7.0,2189.2,59.0,67.5,189.5,17.4,45.0,78,0.97,4934,0.76,1044,1.07,0.0
OLV_42_0329,Jaén,Tradicional,Secano,10.27,Picual,Engorde,Franco-arcilloso,Moderado,4.4,771.1,455.0,27.9,32.9,20.5,40.2,65,2.52,4922,0.77,1074,0.16,0.0
OLV_42_0330,Córdoba,Tradicional,Secano,47.7,Picual,Reposo,Limoso,Malo,7.2,1006.1,292.0,305.9,380.0,19.3,79.3,93,2.63,4963,0.86,1417,2.57,0.088
OLV_42_0331,Málaga,Superintensivo,Secano,21.34,Arbequina,Engorde,Franco,Malo,2.0,269.4,405.0,111.2,250.5,18.6,82.0,45,1.27,8363,0.88,1681,5.2,0.1872
OLV_42_0332,Sevilla,Intensivo,Secano,4.5,Picual,Engorde,Franco-arcilloso,Moderado,6.9,1740.9,128.0,10.6,23.1,11.4,21.4,113,2.49,6298,0.76,1542,0.0,0.0
OLV_42_0333,Granada,Tradicional,Secano,33.82,Hojiblanca,Brotacion,Arcilloso,Moderado,6.3,487.2,666.0,136.9,252.8,17.7,80.2,69,2.64,4673,0.86,1177,5.17,0.086
OLV_42_0334,Jaén,Tradicional,Secano,27.15,Picual,Cuajado,Franco,Moderado,7.6,1518.8,471.0,48.6,102.2,21.1,31.6,139,1.35,4979,0.76,1357,0.34,0.0
OLV_42_0335,Cadiz,Intensivo,Riego,36.96,Arbequina,Brotacion,Arcilloso,Bueno,6.2,1738.8,158.0,64.1,123.2,10.9,20.8,108,1.23,11675,0.86,1735,0.74,0.0
OLV_42_0336,Córdoba,Tradicional,Riego,28.4,Picual,Cuajado,Arenoso,Bueno,3.3,1303.2,353.0,107.0,314.9,17.2,18.5,136,1.1,9260,0.86,1388,1.12,0.0
OLV_42_0337,Málaga,Tradicional,Secano,14.8,Hojiblanca,Engorde,Arenoso,Moderado,5.7,903.3,110.0,137.2,380.0,14.0,20.3,32,0.84,5193,0.82,1089,2.87,0.0165
OLV_42_0338,Málaga,Tradicional,Secano,40.73,Arbequina,Cuajado,Limoso,Bueno,2.8,1977.0,165.0,51.8,173.3,12.9,40.7,48,2.9,5131,0.86,1079,0.04,0.0
OLV_42_0339,Sevilla,Superintensivo,Secano,33.19,Manzanilla,Engorde,Franco,Bueno,6.2,2354.0,115.0,5.0,23.9,12.3,37.8,77,1.6,8041,0.74,1686,0.41,0.0
OLV_42_0340,Sevilla,Tradicional,Riego,41.45,Picual,Floracion,Arenoso,Bueno,15.0,1387.2,157.0,70.5,93.9,13.8,27.1,63,1.6,8916,0.81,1650,0.29,0.0
OLV_42_0341,Granada,Tradicional,Secano,20.43,Picual,Floracion,Arcilloso,Malo,7.2,1077.9,777.0,43.8,114.1,13.9,49.6,119,2.73,5235,0.81,1232,0.98,0.0
OLV_42_0342,Cadiz,Intensivo,Riego,7.71,Manzanilla,Brotacion,Arenoso,Moderado,2.9,1921.9,65.0,117.9,374.5,12.7,41.9,85,1.57,10533,0.73,1656,2.9,0.0
OLV_42_0343,Jaén,Tradicional,Secano,20.05,Picual,Floracion,Franco,Moderado,17.9,1298.3,593.0,65.9,236.0,20.0,23.5,81,2.9,5094,0.82,1322,1.15,0.0
OLV_42_0344,Málaga,Tradicional,Secano,41.09,Arbequina,Floracion,Franco,Bueno,10.8,2175.9,302.0,83.1,176.2,14.6,18.0,110,2.91,5390,0.87,1124,0.68,0.0
OLV_42_0345,Cadiz,Tradicional,Secano,19.45,Manzanilla,Reposo,Arcilloso,Bueno,2.8,22.5,208.0,22.6,98.4,18.2,46.1,112,1.19,5136,0.8,1392,0.78,0.0
OLV_42_0346,Jaén,Tradicional,Secano,33.73,Picual,Engorde,Franco-arcilloso,Moderado,4.8,926.1,509.0,222.6,380.0,13.8,59.5,130,0.84,5247,0.85,1166,3.61,0.1176
OLV_42_0347,Málaga,Tradicional,Riego,40.45,Arbequina,Engorde,Limoso,Malo,6.1,1323.6,441.0,70.8,121.6,14.7,70.3,43,1.06,7863,0.87,1394,2.18,0.0
OLV_42_0348,Jaén,Intensivo,Secano,11.99,Picual,Reposo,Arenoso,Moderado,2.7,1933.3,550.0,92.7,255.9,13.3,31.3,32,2.21,6709,0.83,1520,2.74,0.0
OLV_42_0349,Córdoba,Tradicional,Secano,42.07,Picual,Cuajado,Franco,Moderado,14.9,1838.8,235.0,75.4,127.1,17.3,41.5,68,0.85,4538,0.86,1393,0.51,0.0
OLV_42_0350,Jaén,Tradicional,Riego,46.28,Hojiblanca,Cuajado,Franco-arcilloso,Malo,3.6,1165.2,627.0,40.0,89.7,13.0,58.9,30,1.2,9291,0.82,1627,1.4,0.0
OLV_42_0351,Jaén,Tradicional,Secano,35.86,Picual,Reposo,Franco-arcilloso,Moderado,4.8,1935.0,632.0,36.7,52.7,18.8,25.2,146,0.97,5288,0.84,1176,0.0,0.0
OLV_42_0352,Jaén,Tradicional,Secano,25.47,Arbequina,Floracion,Franco-arcilloso,Moderado,5.3,2269.3,545.0,182.9,380.0,8.0,54.7,113,1.3,5048,0.88,1220,3.9,0.1266
OLV_42_0353,Granada,Tradicional,Secano,9.86,Arbequina,Floracion,Franco,Moderado,5.9,1681.7,680.0,100.7,362.6,22.3,35.5,134,1.1,5265,0.88,1174,2.44,0.0
OLV_42_0354,Cadiz,Intensivo,Riego,13.44,Arbequina,Reposo,Arcilloso,Bueno,4.5,1210.5,43.0,,85.6,19.4,55.9,79,2.67,11049,0.88,1646,0.64,0.0
OLV_42_0355,Jaén,Tradicional,Riego,25.39,Picual,Engorde,Limoso,Malo,9.1,2019.0,405.0,57.7,199.1,18.8,42.6,145,1.7,8928,0.83,1455,2.12,0.0
OLV_42_0356,Sevilla,Intensivo,Riego,28.86,Manzanilla,Brotacion,Arcilloso,Malo,3.4,397.1,175.0,284.3,380.0,16.7,60.6,101,2.3,10412,0.76,1652,4.5,0.1723
OLV_42_0357,Jaén,Intensivo,Riego,17.76,Picual,Brotacion,Franco-arcilloso,Malo,2.0,381.4,513.0,222.4,380.0,20.5,68.7,103,2.13,10927,0.84,1445,4.71,0.104
OLV_42_0358,Jaén,Tradicional,Secano,32.02,Picual,Engorde,Limoso,Moderado,7.2,1341.8,501.0,22.6,70.4,14.3,29.9,58,2.72,4587,0.86,1035,0.0,0.0
OLV_42_0359,Córdoba,Intensivo,Secano,22.98,Hojiblanca,Reposo,Limoso,Moderado,13.1,310.3,350.0,59.1,172.7,22.9,54.6,63,2.59,5819,0.78,1658,1.0,0.0
OLV_42_0360,Jaén,Tradicional,Riego,30.03,Arbequina,Floracion,Limoso,Malo,15.2,1089.1,379.0,106.5,223.4,19.1,64.6,41,2.23,7394,0.89,1498,4.11,0.1115
OLV_42_0361,Córdoba,Tradicional,Secano,36.58,Hojiblanca,Floracion,Arcilloso,Malo,12.6,607.4,287.0,319.5,380.0,18.8,82.0,81,2.83,5261,0.75,1471,4.45,0.3636
OLV_42_0362,Sevilla,Intensivo,Secano,5.16,Manzanilla,Floracion,Arenoso,Moderado,3.1,1283.1,253.0,21.0,65.0,23.7,33.1,147,1.1,6160,0.7,1469,0.19,0.0
OLV_42_0363,Granada,Tradicional,Secano,18.99,Picual,Engorde,Arenoso,Bueno,2.0,1933.1,462.0,162.6,283.7,13.5,23.6,81,1.07,5091,0.82,983,2.27,0.0
OLV_42_0364,Sevilla,Tradicional,Secano,46.45,Hojiblanca,Brotacion,Franco-arcilloso,Bueno,1.3,512.0,200.0,3.8,10.4,13.7,19.4,77,1.33,5198,0.78,991,0.0,0.0
OLV_42_0365,Málaga,Tradicional,Riego,2.51,Arbequina,Engorde,Franco,Bueno,8.7,1006.9,335.0,100.5,337.7,18.8,19.6,148,1.46,8866,0.87,1524,0.9,0.0
OLV_42_0366,Granada,Tradicional,Secano,43.19,Picual,Cuajado,Arcilloso,Bueno,6.8,366.9,803.0,65.6,92.6,20.4,81.7,106,0.84,5061,0.86,1236,0.89,0.0
OLV_42_0367,Jaén,Tradicional,Riego,18.04,Picual,Floracion,Franco,Moderado,6.5,2294.5,291.0,225.8,373.9,18.7,62.5,71,2.89,7869,0.8,1368,5.5,0.1901
OLV_42_0368,Granada,Tradicional,Riego,19.48,Hojiblanca,Brotacion,Limoso,Moderado,12.7,741.5,733.0,76.6,98.3,16.8,46.6,143,2.3,8785,0.81,1655,0.44,0.0
OLV_42_0369,Jaén,Tradicional,Secano,9.75,Picual,Brotacion,Limoso,Moderado,7.1,1359.2,450.0,83.6,227.4,19.1,50.3,43,1.81,5123,0.85,1197,2.05,0.0
OLV_42_0370,Cadiz,Tradicional,Riego,28.21,Hojiblanca,Brotacion,Arcilloso,Moderado,2.1,794.7,0.0,34.2,108.1,18.9,40.7,46,1.91,10215,0.82,1142,1.45,0.0
OLV_42_0371,Córdoba,Intensivo,Riego,7.89,Picual,Engorde,Franco-arcilloso,Bueno,2.3,1385.4,257.0,223.5,380.0,18.5,65.0,36,2.35,10204,0.86,1400,5.5,0.1272
OLV_42_0372,Córdoba,Tradicional,Riego,40.32,Cornicabra,Brotacion,Limoso,Moderado,9.2,1717.2,252.0,101.9,380.0,14.1,52.3,52,1.53,8899,0.86,1341,4.12,0.0234
OLV_42_0373,Córdoba,Intensivo,Secano,19.82,Picual,Floracion,Limoso,Moderado,5.4,738.8,391.0,30.9,104.0,16.2,45.0,53,1.19,7064,0.86,1300,0.33,0.0
OLV_42_0374,Sevilla,Tradicional,Secano,14.45,Manzanilla,Engorde,Limoso,Malo,5.6,284.4,133.0,202.5,380.0,17.4,74.2,58,1.64,5129,0.78,1225,4.03,0.19
OLV_42_0375,Córdoba,Intensivo,Secano,35.29,Picual,Engorde,Limoso,Moderado,0.5,574.1,218.0,33.3,60.2,17.3,46.7,133,0.94,7099,0.83,1477,0.14,0.0
OLV_42_0376,Jaén,Tradicional,Secano,10.49,Picual,Engorde,Limoso,Malo,4.1,507.2,399.0,21.3,31.2,12.7,47.1,98,2.52,5589,0.83,1045,0.0,0.0
OLV_42_0377,Jaén,Intensivo,Secano,38.23,Picual,Cuajado,Limoso,Moderado,17.4,293.5,360.0,211.8,380.0,14.5,77.9,79,1.85,6543,0.85,1747,4.4,0.2932
OLV_42_0378,Córdoba,Intensivo,Secano,43.89,Picual,Floracion,Arcilloso,Moderado,11.2,1236.2,334.0,46.7,158.6,14.9,35.2,141,1.94,6064,0.83,1563,0.57,0.0
OLV_42_0379,Sevilla,Intensivo,Riego,32.92,Arbequina,Engorde,Franco-arcilloso,Moderado,6.3,81.0,80.0,311.5,380.0,14.2,58.9,133,2.32,10838,0.87,1763,2.92,0.1
OLV_42_0380,Málaga,Intensivo,Secano,20.23,Manzanilla,Floracion,Arenoso,Malo,1.5,388.9,311.0,52.5,57.5,17.1,42.3,148,1.37,6788,0.76,1424,0.09,0.0
OLV_42_0381,Córdoba,Intensivo,Secano,14.89,Picual,Brotacion,Arcilloso,Moderado,4.0,1202.6,329.0,46.9,93.3,21.9,60.2,126,2.36,6671,0.85,1348,0.93,0.0
OLV_42_0382,Granada,Intensivo,Riego,46.28,Hojiblanca,Floracion,Arcilloso,Bueno,2.0,1233.1,643.0,59.4,223.1,23.9,52.7,112,2.55,11850,0.82,1661,1.2,0.0
OLV_42_0383,Jaén,Tradicional,Riego,38.42,Picual,Cuajado,Franco-arcilloso,Malo,5.0,1327.5,565.0,46.6,131.6,13.8,46.6,144,2.95,9384,0.81,1235,0.04,0.0
OLV_42_0384,Granada,Superintensivo,Secano,42.81,Arbequina,Reposo,Franco-arcilloso,Moderado,2.1,2100.0,695.0,25.1,72.7,17.2,36.3,34,2.0,8090,0.87,1858,0.43,0.0
OLV_42_0385,Jaén,Intensivo,Riego,23.5,Picual,Floracion,Franco-arcilloso,Bueno,4.6,104.9,617.0,31.5,70.9,17.7,42.0,103,2.47,11640,0.87,1554,0.0,0.0
OLV_42_0386,Jaén,Tradicional,Secano,26.19,Picual,Floracion,Limoso,Malo,11.6,458.9,441.0,186.8,332.6,17.3,68.0,34,1.89,5161,0.78,1420,3.19,0.3469
OLV_42_0387,Jaén,Intensivo,Secano,35.93,Picual,Reposo,Limoso,Moderado,2.0,456.3,595.0,31.6,116.3,11.6,56.3,95,2.09,7010,0.81,1594,1.34,0.0
OLV_42_0388,Córdoba,Tradicional,Secano,24.09,Picual,Reposo,Arcilloso,Bueno,1.7,565.0,295.0,36.5,109.3,25.6,29.3,149,2.7,5650,0.84,1028,0.92,0.0
OLV_42_0389,Jaén,Tradicional,Riego,46.94,Picual,Engorde,Franco-arcilloso,Bueno,3.4,721.3,512.0,59.1,212.8,24.2,49.3,63,2.92,8217,0.78,1400,1.41,0.0
OLV_42_0390,Sevilla,Tradicional,Secano,18.93,Picual,Floracion,Limoso,Moderado,9.6,995.3,146.0,48.0,131.5,15.6,27.6,75,2.07,5289,0.79,1477,0.0,0.0
OLV_42_0391,Granada,Tradicional,Secano,22.66,Hojiblanca,Engorde,Arenoso,Moderado,3.7,573.6,683.0,92.2,203.2,16.4,33.2,132,0.81,5598,0.77,962,0.93,0.0
OLV_42_0392,Cadiz,Tradicional,Riego,33.14,Manzanilla,Engorde,Franco-arcilloso,Malo,5.8,535.0,39.0,236.6,380.0,17.2,75.1,41,2.44,8643,0.78,1393,5.38,0.2652
OLV_42_0393,Jaén,Tradicional,Riego,46.31,Picual,Brotacion,Franco,Malo,10.9,224.3,515.0,12.7,40.4,22.9,44.4,123,1.6,8988,0.8,1518,0.02,0.0
OLV_42_0394,Málaga,Tradicional,Riego,21.19,Hojiblanca,Floracion,Limoso,Moderado,4.8,467.2,391.0,35.0,115.1,21.9,49.1,128,1.09,7390,0.78,1293,1.22,0.0
OLV_42_0395,Jaén,Tradicional,Riego,9.86,Picual,Floracion,Franco,Moderado,6.9,1343.7,573.0,12.1,49.7,18.3,23.7,98,2.63,9606,0.82,1330,0.04,0.0
OLV_42_0396,Cadiz,Tradicional,Secano,14.22,Hojiblanca,Cuajado,Arcilloso,Malo,3.6,2289.8,20.0,285.1,380.0,17.2,68.5,38,2.01,5796,0.82,1174,4.97,0.3729
OLV_42_0397,Jaén,Intensivo,Riego,27.27,Picual,Reposo,Limoso,Moderado,5.9,170.0,477.0,33.9,73.6,18.0,64.1,104,2.8,12000,0.82,1342,0.81,0.0
OLV_42_0398,Córdoba,Superintensivo,Riego,47.0,Picual,Cuajado,Arenoso,Malo,2.3,486.5,120.0,40.0,130.7,16.1,32.5,44,2.03,12000,0.81,1926,1.02,0.0
OLV_42_0399,Jaén,Intensivo,Secano,26.79,Picual,Floracion,Limoso,Malo,1.9,1614.5,451.0,21.4,79.5,19.4,31.4,93,0.98,6244,0.86,1284,0.68,0.0
OLV_42_0400,Cadiz,Tradicional,Riego,36.06,Manzanilla,Reposo,Arenoso,Moderado,0.1,2062.9,324.0,,181.0,13.1,34.9,59,1.61,8399,0.75,1095,2.8,0.0
OLV_42_0401,Jaén,Tradicional,Riego,32.72,Picual,Floracion,Arenoso,Malo,4.0,1949.0,443.0,65.6,234.1,12.7,25.8,123,2.73,8935,0.82,1317,1.08,0.0
OLV_42_0402,Granada,Tradicional,Secano,17.52,Picual,Floracion,Arcilloso,Malo,5.0,1443.0,812.0,46.5,68.4,22.1,50.0,67,2.62,5502,0.82,1303,0.72,0.0
OLV_42_0403,Córdoba,Tradicional,Secano,9.69,Arbequina,Brotacion,Limoso,Moderado,3.5,1364.5,320.0,8.7,28.4,10.7,32.8,30,2.94,4864,0.85,1060,0.18,0.0
OLV_42_0404,Jaén,Tradicional,Secano,27.87,Picual,Cuajado,Franco-arcilloso,Moderado,4.9,311.7,533.0,244.9,380.0,14.3,73.3,99,0.94,5079,0.85,1176,3.53,0.2317
OLV_42_0405,Córdoba,Tradicional,Secano,28.05,Picual,Brotacion,Arcilloso,Malo,3.8,414.7,330.0,214.3,277.2,21.5,81.7,109,2.62,5275,0.79,1264,3.88,0.1224
OLV_42_0406,Granada,Intensivo,Secano,2.7,Picual,Cuajado,Limoso,Moderado,6.1,575.2,595.0,67.6,165.4,28.0,50.8,84,2.21,6725,0.81,1587,2.45,0.0
OLV_42_0407,Málaga,Tradicional,Riego,33.89,Manzanilla,Cuajado,Arenoso,Malo,7.9,1739.8,330.0,127.5,262.3,15.3,26.7,142,2.0,9075,0.81,1516,2.7,0.0
OLV_42_0408,Jaén,Tradicional,Secano,17.63,Picual,Cuajado,Arcilloso,Moderado,13.8,246.2,609.0,59.3,124.9,17.6,54.5,94,2.54,5042,0.86,1505,1.77,0.0
OLV_42_0409,Cadiz,Intensivo,Secano,22.12,Manzanilla,Cuajado,Franco,Bueno,3.6,1507.5,74.0,29.2,72.9,24.6,37.5,99,2.11,6325,0.76,1331,0.81,0.0
OLV_42_0410,Granada,Tradicional,Riego,10.44,Picual,Cuajado,Limoso,Bueno,6.4,325.5,649.0,34.9,131.1,16.8,30.1,77,2.66,8829,0.76,1408,1.09,0.0
OLV_42_0411,Málaga,Intensivo,Riego,12.4,Hojiblanca,Floracion,Franco,Bueno,0.9,1525.4,225.0,83.4,190.6,14.4,35.4,144,2.28,12000,0.84,1639,0.21,0.0
OLV_42_0412,Cadiz,Intensivo,Riego,5.44,Manzanilla,Reposo,Arenoso,Moderado,4.5,2249.7,19.0,,145.6,17.2,30.0,101,2.85,10792,0.73,1910,0.43,0.0
OLV_42_0413,Jaén,Tradicional,Secano,38.68,Picual,Cuajado,Franco,Malo,6.4,122.1,548.0,48.9,60.3,20.8,39.9,82,2.18,5093,0.84,1156,0.6,0.0
OLV_42_0414,Córdoba,Tradicional,Secano,5.65,Picual,Brotacion,Arcilloso,Moderado,8.4,834.5,177.0,50.6,138.9,20.4,41.3,64,1.31,5022,0.82,1149,1.48,0.0
OLV_42_0415,Málaga,Tradicional,Riego,19.02,Hojiblanca,Cuajado,Arcilloso,Bueno,6.9,1281.8,294.0,90.4,111.9,17.9,50.9,73,2.0,9044,0.79,1447,1.29,0.0
OLV_42_0416,Granada,Superintensivo,Secano,27.19,Arbequina,Cuajado,Franco-arcilloso,Moderado,3.8,31.9,607.0,255.6,380.0,19.8,58.7,91,1.25,8121,0.82,1523,3.45,0.29
OLV_42_0417,Jaén,Intensivo,Secano,27.62,Picual,Brotacion,Franco-arcilloso,Bueno,2.3,1403.7,632.0,24.4,68.8,12.0,28.2,82,2.87,6825,0.86,1376,0.0,0.0
OLV_42_0418,Sevilla,Intensivo,Riego,12.24,Hojiblanca,Brotacion,Arcilloso,Malo,0.1,1824.8,244.0,21.7,77.2,10.4,28.6,68,2.76,11261,0.8,1643,0.0,0.0
OLV_42_0419,Córdoba,Superintensivo,Secano,36.6,Hojiblanca,Brotacion,Arcilloso,Moderado,1.2,605.1,127.0,187.2,380.0,13.5,76.3,30,3.0,8369,0.83,1545,4.38,0.1742
OLV_42_0420,Granada,Tradicional,Secano,24.31,Hojiblanca,Reposo,Franco,Bueno,9.3,163.5,565.0,43.9,143.4,15.4,36.4,73,2.0,5320,0.75,1233,0.21,0.0
OLV_42_0421,Jaén,Tradicional,Riego,47.44,Picual,Reposo,Franco,Bueno,5.7,1368.6,514.0,84.6,325.8,14.6,23.6,32,2.53,9915,0.87,1243,0.59,0.0
OLV_42_0422,Jaén,Tradicional,Secano,23.51,Picual,Reposo,Arenoso,Bueno,3.3,1074.7,514.0,61.6,173.0,15.8,36.9,76,1.76,5603,0.78,1109,0.0,0.0
OLV_42_0423,Sevilla,Intensivo,Riego,14.03,Manzanilla,Engorde,Franco,Moderado,6.2,2289.7,245.0,100.6,113.0,14.2,36.7,63,2.54,11616,0.75,1607,0.9,0.0
OLV_42_0424,Granada,Intensivo,Secano,38.76,Picual,Cuajado,Arcilloso,Moderado,3.6,1504.2,620.0,42.3,59.1,12.1,57.7,40,2.56,6657,0.82,1557,1.52,0.0
OLV_42_0425,Jaén,Tradicional,Secano,26.95,Picual,Reposo,Franco-arcilloso,Moderado,6.3,508.7,711.0,302.7,380.0,16.6,69.1,116,2.78,5632,0.84,1235,4.14,0.0348
OLV_42_0426,Cadiz,Intensivo,Secano,14.62,Hojiblanca,Brotacion,Franco-arcilloso,Moderado,8.1,2088.3,191.0,56.8,200.7,12.1,20.9,136,0.95,6450,0.81,1643,0.97,0.0
OLV_42_0427,Málaga,Intensivo,Riego,38.73,Picual,Brotacion,Arcilloso,Malo,2.6,464.9,519.0,153.7,380.0,18.5,79.4,144,2.17,10757,0.86,1462,5.5,0.0789
OLV_42_0428,Jaén,Tradicional,Secano,22.33,Picual,Brotacion,Franco-arcilloso,Malo,7.0,1979.8,688.0,16.3,55.5,23.2,45.3,63,1.37,5102,0.82,1263,0.53,0.0
OLV_42_0429,Málaga,Intensivo,Riego,14.42,Arbequina,Reposo,Arcilloso,Malo,2.5,556.0,207.0,103.5,357.7,17.9,73.2,35,2.77,11428,0.9,1860,5.12,0.0
OLV_42_0430,Málaga,Tradicional,Riego,48.51,Hojiblanca,Reposo,Franco,Moderado,7.0,1813.3,229.0,86.8,287.1,20.1,38.9,126,1.88,9261,0.8,1524,1.51,0.0
OLV_42_0431,Córdoba,Tradicional,Secano,36.69,Hojiblanca,Cuajado,Arenoso,Malo,5.6,140.7,525.0,43.9,127.5,23.0,48.8,138,1.02,5106,0.8,980,0.25,0.0
OLV_42_0432,Granada,Tradicional,Secano,48.85,Picual,Cuajado,Limoso,Bueno,4.0,1785.6,714.0,53.0,159.8,13.5,27.3,44,2.87,5571,0.82,1055,0.3,0.0
OLV_42_0433,Córdoba,Tradicional,Secano,12.74,Hojiblanca,Brotacion,Franco,Malo,7.4,1308.6,407.0,312.8,366.3,18.7,71.1,71,1.18,5109,0.84,1020,3.76,0.1147
OLV_42_0434,Córdoba,Intensivo,Secano,33.03,Picual,Floracion,Franco,Moderado,6.0,389.5,399.0,52.7,175.7,12.0,32.7,60,0.96,6625,0.82,1522,1.08,0.0
OLV_42_0435,Málaga,Tradicional,Secano,34.79,Hojiblanca,Floracion,Franco-arcilloso,Malo,4.3,593.5,131.0,228.5,294.2,21.7,82.0,140,0.81,5166,0.79,1003,4.51,0.3197
OLV_42_0436,Cadiz,Tradicional,Secano,28.17,Manzanilla,Brotacion,Arenoso,Moderado,1.8,1887.5,129.0,79.6,255.1,18.2,32.7,56,2.94,5310,0.77,916,0.67,0.0
OLV_42_0437,Málaga,Intensivo,Riego,44.6,Cornicabra,Engorde,Limoso,Bueno,3.7,1682.6,356.0,4.7,9.7,15.3,22.1,134,2.45,11601,0.88,1552,0.0,0.0
OLV_42_0438,Córdoba,Tradicional,Riego,35.21,Picual,Brotacion,Franco-arcilloso,Moderado,10.5,485.0,253.0,123.2,266.9,8.8,74.2,90,2.95,10358,0.77,1754,3.53,0.0178
OLV_42_0439,Sevilla,Tradicional,Secano,12.05,Hojiblanca,Brotacion,Franco,Bueno,2.1,1605.1,284.0,103.9,289.6,19.6,30.1,80,0.96,5028,0.82,1094,1.4,0.0
OLV_42_0440,Córdoba,Tradicional,Secano,40.91,Picual,Floracion,Franco,Bueno,5.4,858.0,328.0,117.6,380.0,17.1,37.8,42,2.97,5457,0.79,1281,2.34,0.0
OLV_42_0441,Córdoba,Tradicional,Secano,37.11,Hojiblanca,Engorde,Franco-arcilloso,Malo,6.7,1067.6,290.0,54.2,209.6,17.5,62.8,145,2.63,5186,0.81,1160,2.69,0.0
OLV_42_0442,Jaén,Tradicional,Riego,37.98,Picual,Floracion,Franco-arcilloso,Malo,6.6,1360.8,477.0,58.1,170.3,19.1,58.1,98,2.93,9768,0.83,1410,1.54,0.0
OLV_42_0443,Jaén,Tradicional,Riego,48.13,Picual,Cuajado,Franco,Malo,3.7,1344.6,576.0,73.9,144.4,21.8,51.5,140,0.98,10103,0.86,1210,0.98,0.0
OLV_42_0444,Córdoba,Superintensivo,Secano,8.35,Picual,Engorde,Limoso,Bueno,4.2,716.5,359.0,69.5,171.0,20.9,36.2,102,2.16,8629,0.86,1676,0.0,0.0
OLV_42_0445,Córdoba,Tradicional,Secano,28.59,Picual,Floracion,Franco-arcilloso,Moderado,5.4,461.8,277.0,188.3,380.0,9.8,82.0,113,1.45,5529,0.88,1060,5.04,0.2787
OLV_42_0446,Jaén,Tradicional,Secano,24.74,Picual,Reposo,Franco,Moderado,7.2,2146.7,434.0,43.5,59.9,18.7,35.5,97,2.03,5238,0.83,1264,0.97,0.0
OLV_42_0447,Córdoba,Tradicional,Secano,46.13,Picual,Engorde,Franco-arcilloso,Bueno,8.7,1791.0,456.0,146.5,380.0,15.6,42.4,129,2.17,5148,0.81,1391,3.78,0.0
OLV_42_0448,Córdoba,Tradicional,Riego,35.91,Picual,Reposo,Arcilloso,Moderado,12.2,1687.8,451.0,71.3,160.6,15.1,36.1,53,1.83,8787,0.79,1533,1.93,0.0
OLV_42_0449,Jaén,Tradicional,Secano,3.05,Picual,Cuajado,Franco,Bueno,4.2,1673.9,507.0,119.4,380.0,24.1,34.2,37,1.98,5322,0.86,1140,2.39,0.0
OLV_42_0450,Jaén,Intensivo,Secano,34.87,Hojiblanca,Reposo,Arenoso,Malo,45.0,2284.4,412.0,27.7,83.5,17.9,43.0,81,1.7,6425,0.82,1542,0.0,0.0
OLV_42_0451,Sevilla,Intensivo,Secano,16.17,Manzanilla,Engorde,Franco,Bueno,2.6,880.7,195.0,24.1,43.0,19.1,34.2,30,0.93,6390,0.7,1187,0.02,0.0
OLV_42_0452,Jaén,Tradicional,Secano,22.11,Picual,Floracion,Franco-arcilloso,Moderado,11.2,1122.9,477.0,63.3,185.1,19.8,55.1,69,2.87,4659,0.83,1488,0.27,0.0
OLV_42_0453,Jaén,Tradicional,Riego,13.94,Picual,Floracion,Franco-arcilloso,Bueno,7.9,1841.9,455.0,62.9,212.5,9.7,40.4,112,2.08,9828,0.86,1318,0.08,0.0
OLV_42_0454,Granada,Tradicional,Secano,24.14,Picual,Floracion,Arenoso,Bueno,4.0,2392.5,599.0,130.8,267.0,8.8,23.4,83,2.62,5055,0.82,1170,1.88,0.0
OLV_42_0455,Málaga,Tradicional,Secano,49.61,Hojiblanca,Engorde,Franco-arcilloso,Moderado,5.3,923.0,383.0,66.3,209.9,23.1,45.8,69,2.01,4849,0.83,1144,1.48,0.0
OLV_42_0456,Jaén,Tradicional,Riego,16.86,Picual,Cuajado,Arcilloso,Bueno,10.6,1339.1,544.0,97.3,120.5,16.9,48.5,57,1.43,8681,0.82,1479,1.39,0.0
OLV_42_0457,Málaga,Superintensivo,Secano,48.05,Hojiblanca,Brotacion,Franco,Malo,1.3,1071.4,373.0,256.5,380.0,17.5,56.2,71,2.37,8767,0.9,1796,5.5,0.1144
OLV_42_0458,Sevilla,Tradicional,Riego,43.62,Manzanilla,Brotacion,Limoso,Malo,4.4,680.5,115.0,173.6,296.6,15.4,76.5,149,2.83,10397,0.84,1381,3.35,0.0521
OLV_42_0459,Jaén,Tradicional,Secano,5.88,Picual,Reposo,Arenoso,Malo,2.1,1643.0,589.0,118.6,256.7,13.0,31.3,76,2.92,5066,0.88,967,2.93,0.0
OLV_42_0460,Granada,Tradicional,Secano,25.17,Picual,Floracion,Arenoso,Bueno,4.1,862.2,676.0,84.3,212.5,17.1,35.9,96,2.18,5098,0.82,1196,0.02,0.0
OLV_42_0461,Jaén,Tradicional,Secano,32.95,Picual,Floracion,Franco-arcilloso,Bueno,4.0,614.2,676.0,60.5,138.6,21.7,37.2,44,1.63,4885,0.81,1175,0.64,0.0
OLV_42_0462,Córdoba,Tradicional,Secano,46.46,Picual,Cuajado,Franco,Bueno,3.6,2296.2,381.0,75.0,252.5,21.1,29.6,107,1.85,5494,0.85,1355,1.88,0.0
OLV_42_0463,Málaga,Intensivo,Secano,34.81,Arbequina,Cuajado,Franco,Bueno,11.3,456.0,384.0,102.3,215.6,16.4,49.2,129,1.68,6177,0.85,1604,1.22,0.0
OLV_42_0464,Sevilla,Tradicional,Secano,2.0,Hojiblanca,Floracion,Arenoso,Malo,2.2,1449.5,96.0,54.8,164.9,19.4,46.7,65,2.33,5111,0.79,1140,0.27,0.0
OLV_42_0465,Jaén,Tradicional,Secano,35.86,Cornicabra,Engorde,Limoso,Moderado,2.6,1583.3,595.0,73.9,110.2,17.9,57.4,120,1.61,5696,0.8,1034,0.67,0.0
OLV_42_0466,Sevilla,Tradicional,Riego,23.21,Manzanilla,Floracion,Franco-arcilloso,Bueno,9.5,1068.9,123.0,39.0,58.4,17.3,22.1,88,1.64,8162,0.74,1442,0.0,0.0
OLV_42_0467,Jaén,Tradicional,Secano,44.19,Picual,Floracion,Limoso,Malo,3.2,69.3,548.0,290.5,380.0,14.5,72.0,101,1.11,5218,0.81,988,3.71,0.454
OLV_42_0468,Sevilla,Intensivo,Secano,24.43,Arbequina,Floracion,Franco-arcilloso,Moderado,6.1,104.9,201.0,36.0,100.9,17.1,36.2,57,1.32,6073,0.86,1275,0.89,0.0
OLV_42_0469,Jaén,Tradicional,Secano,34.62,Hojiblanca,Reposo,Franco,Malo,4.9,42.5,440.0,159.9,211.9,16.0,68.9,85,2.2,5484,0.8,1123,3.9,0.0231
OLV_42_0470,Jaén,Tradicional,Riego,4.85,Picual,Engorde,Arcilloso,Moderado,6.2,1410.2,475.0,48.1,108.9,9.1,55.5,142,2.44,9896,0.77,1336,0.63,0.0
OLV_42_0471,Sevilla,Intensivo,Secano,4.11,Arbequina,Engorde,Limoso,Bueno,3.7,1213.2,138.0,38.5,145.4,17.5,29.8,79,0.81,6157,0.81,1374,0.16,0.0
OLV_42_0472,Jaén,Tradicional,Secano,48.83,Picual,Brotacion,Arenoso,Bueno,5.2,844.4,386.0,68.3,79.3,25.5,29.6,46,2.09,5046,0.8,1173,0.65,0.0
OLV_42_0473,Córdoba,Tradicional,Riego,46.1,Picual,Cuajado,Arcilloso,Bueno,1.0,1899.8,383.0,197.2,380.0,19.0,68.0,92,2.74,9375,0.86,1447,5.08,0.1841
OLV_42_0474,Córdoba,Tradicional,Riego,11.79,Picual,Floracion,Arenoso,Moderado,7.9,2075.9,352.0,97.6,246.4,20.5,34.7,116,1.16,9451,0.85,1221,1.64,0.0
OLV_42_0475,Córdoba,Tradicional,Secano,24.81,Hojiblanca,Brotacion,Arenoso,Bueno,8.1,550.5,348.0,66.0,169.5,15.3,32.7,136,1.48,4663,0.79,1270,0.19,0.0
OLV_42_0476,Jaén,Intensivo,Secano,25.99,Picual,Engorde,Arcilloso,Moderado,9.2,720.0,556.0,95.6,273.2,19.9,57.7,112,2.51,6706,0.85,1641,2.65,0.0129
OLV_42_0477,Córdoba,Tradicional,Secano,24.17,Picual,Engorde,Arcilloso,Bueno,3.3,2300.9,377.0,95.2,173.3,17.6,29.6,80,2.81,4976,0.83,763,1.78,0.0
OLV_42_0478,Córdoba,Tradicional,Secano,30.88,Hojiblanca,Floracion,Limoso,Moderado,8.7,159.7,357.0,55.6,159.9,19.3,61.7,91,2.39,4824,0.77,1298,1.7,0.0
OLV_42_0479,Jaén,Tradicional,Riego,48.22,Hojiblanca,Engorde,Limoso,Bueno,2.9,1012.9,470.0,77.7,190.3,20.9,37.2,42,2.04,9545,0.78,1257,1.74,0.0
OLV_42_0480,Málaga,Intensivo,Secano,17.38,Arbequina,Engorde,Arcilloso,Malo,6.3,257.9,373.0,277.1,380.0,13.5,82.0,111,1.75,6498,0.81,1233,3.1,0.2904
OLV_42_0481,Granada,Intensivo,Secano,28.54,Picual,Reposo,Arcilloso,Moderado,2.3,2380.8,733.0,38.8,72.1,12.0,41.7,34,2.27,6514,0.84,1608,1.58,0.0
OLV_42_0482,Málaga,Tradicional,Secano,20.4,Picual,Floracion,Arenoso,Malo,8.8,780.9,390.0,57.9,206.2,14.3,46.2,89,2.35,5116,0.85,1302,1.64,0.0
OLV_42_0483,Granada,Intensivo,Secano,44.95,Arbequina,Engorde,Arcilloso,Moderado,1.7,1054.1,762.0,21.9,34.3,15.6,30.6,78,2.98,6227,0.83,1421,0.0,0.0
OLV_42_0484,Jaén,Tradicional,Secano,12.54,Picual,Brotacion,Arenoso,Malo,4.5,1340.0,506.0,238.8,380.0,18.6,49.1,143,2.43,5298,0.88,1180,3.3,0.0
OLV_42_0485,Jaén,Tradicional,Secano,9.85,Picual,Engorde,Limoso,Moderado,8.1,142.3,502.0,107.9,380.0,24.1,76.6,121,1.24,5749,0.8,1128,3.12,0.051
OLV_42_0486,Sevilla,Intensivo,Riego,22.33,Manzanilla,Floracion,Limoso,Malo,1.1,201.0,128.0,312.4,380.0,20.9,75.0,112,1.48,11398,0.75,1447,5.09,0.4502
OLV_42_0487,Sevilla,Intensivo,Secano,49.52,Manzanilla,Cuajado,Franco-arcilloso,Bueno,4.1,363.1,194.0,63.8,86.0,22.2,41.5,69,2.15,6504,0.83,1556,1.39,0.0
OLV_42_0488,Córdoba,Intensivo,Riego,11.8,Picual,Cuajado,Arcilloso,Moderado,1.8,68.9,435.0,117.4,258.3,9.3,82.0,42,2.46,11475,0.77,1490,3.1,0.251
OLV_42_0489,Málaga,Tradicional,Secano,18.46,Manzanilla,Cuajado,Franco,Moderado,9.6,1819.3,205.0,27.1,53.0,17.8,36.1,40,1.29,4363,0.72,1428,0.07,0.0
OLV_42_0490,Málaga,Intensivo,Secano,17.62,Hojiblanca,Floracion,Arcilloso,Moderado,7.2,1610.8,327.0,15.9,20.9,12.3,35.5,44,2.17,6187,0.79,1442,0.61,0.0
OLV_42_0491,Córdoba,Tradicional,Secano,5.86,Picual,Engorde,Limoso,Malo,1.9,869.9,237.0,32.8,78.0,22.6,58.9,105,1.02,5558,0.83,970,0.86,0.0
OLV_42_0492,Córdoba,Tradicional,Riego,31.26,Picual,Floracion,Franco-arcilloso,Moderado,3.3,359.7,142.0,231.2,380.0,8.0,65.9,56,2.93,9016,0.83,1410,2.38,0.3757
OLV_42_0493,Córdoba,Tradicional,Secano,44.71,Arbequina,Cuajado,Franco-arcilloso,Malo,2.9,1545.4,491.0,116.6,197.4,15.7,68.3,114,1.0,5456,0.9,924,3.06,0.0899
OLV_42_0494,Málaga,Tradicional,Secano,19.7,Hojiblanca,Cuajado,Arcilloso,Bueno,3.7,756.8,316.0,131.1,280.7,21.1,69.6,141,2.87,5249,0.83,1162,4.4,0.1098
OLV_42_0495,Sevilla,Tradicional,Secano,35.04,Picual,Engorde,Arcilloso,Bueno,3.2,1445.1,186.0,45.7,121.2,8.0,36.1,129,2.22,4978,0.85,1221,0.28,0.0
OLV_42_0496,Córdoba,Tradicional,Secano,22.35,Picual,Brotacion,Franco,Malo,1.9,1795.3,447.0,104.9,174.0,18.2,70.6,55,1.77,5050,0.82,1246,2.58,0.0
OLV_42_0497,Málaga,Tradicional,Riego,18.31,Hojiblanca,Floracion,Limoso,Malo,7.3,2301.3,205.0,49.3,145.7,15.6,44.7,79,1.24,8732,0.0,1518,1.67,0.0
OLV_42_0498,Jaén,Tradicional,Secano,34.39,Picual,Reposo,Limoso,Moderado,3.9,300.2,558.0,28.3,109.5,18.0,59.1,82,1.56,4662,0.78,1030,0.0,0.0
OLV_42_0499,Málaga,Intensivo,Secano,20.1,Picual,Reposo,Limoso,Bueno,4.5,296.6,261.0,162.5,380.0,16.4,80.7,69,1.64,7156,0.78,1389,5.17,0.0399
OLV_42_0500,Córdoba,Tradicional,Secano,27.65,Cornicabra,Reposo,Franco-arcilloso,Moderado,3.7,1184.3,422.0,88.8,203.4,18.1,77.2,63,1.35,4909,0.88,1142,1.73,0.0
OLV_42_0501,Sevilla,Intensivo,Secano,26.64,Manzanilla,Brotacion,Arenoso,Moderado,1.3,112.7,0.0,116.9,328.9,18.1,34.7,133,1.77,6325,0.79,1172,2.69,0.0
OLV_42_0502,Granada,Superintensivo,Riego,37.56,Hojiblanca,Brotacion,Franco-arcilloso,Malo,2.9,372.8,835.0,14.9,47.7,19.0,31.2,101,2.83,12000,0.83,1961,0.0,0.0
OLV_42_0503,Córdoba,Tradicional,Secano,8.77,Hojiblanca,Floracion,Limoso,Moderado,5.8,1645.4,409.0,107.2,158.6,12.6,42.8,95,2.94,5071,0.84,1223,1.68,0.0
OLV_42_0504,Córdoba,Intensivo,Secano,35.67,Hojiblanca,Reposo,Arenoso,Moderado,7.0,1205.0,317.0,81.1,121.6,17.9,43.2,42,0.85,6312,0.8,1304,0.68,0.0
OLV_42_0505,Jaén,Tradicional,Secano,19.9,Picual,Brotacion,Limoso,Bueno,4.5,305.8,619.0,43.6,164.5,8.6,57.4,140,1.87,5024,0.87,1062,1.04,0.0
OLV_42_0506,Granada,Tradicional,Secano,34.42,Arbequina,Floracion,Arcilloso,Malo,6.3,621.0,525.0,249.0,380.0,14.6,82.0,39,2.35,4813,0.84,1091,5.5,0.5289
OLV_42_0507,Córdoba,Superintensivo,Secano,29.65,Cornicabra,Cuajado,Arcilloso,Malo,0.0,1037.2,328.0,229.3,276.2,16.5,82.0,41,1.66,8610,0.86,1780,4.89,0.55
OLV_42_0508,Granada,Tradicional,Secano,40.57,Picual,Engorde,Limoso,Moderado,6.4,485.4,549.0,252.9,380.0,12.3,67.6,113,1.53,5253,0.78,1123,3.72,0.1534
OLV_42_0509,Córdoba,Intensivo,Secano,46.43,Hojiblanca,Floracion,Franco,Bueno,6.3,1267.5,286.0,248.1,380.0,19.9,56.6,68,1.49,6913,0.8,1439,1.92,0.2297
OLV_42_0510,Córdoba,Intensivo,Riego,22.15,Picual,Engorde,Franco,Malo,5.7,411.9,240.0,85.1,299.5,10.0,74.3,56,2.6,8387,0.84,1902,3.54,0.0258
OLV_42_0511,Córdoba,Tradicional,Secano,31.56,Cornicabra,Reposo,Arcilloso,Malo,11.6,605.5,343.0,148.9,380.0,14.7,66.2,95,1.24,5377,0.86,1257,2.72,0.0
OLV_42_0512,Córdoba,Tradicional,Secano,40.39,Cornicabra,Brotacion,Limoso,Bueno,3.2,1027.0,279.0,85.5,289.6,13.4,29.5,124,1.23,5567,0.83,1077,0.81,0.0
OLV_42_0513,Jaén,Tradicional,Secano,44.81,Picual,Engorde,Franco,Malo,9.1,431.2,597.0,19.8,70.3,16.3,34.1,35,1.34,5037,0.85,1170,0.05,0.0
OLV_42_0514,Sevilla,Tradicional,Secano,36.74,Hojiblanca,Engorde,Limoso,Malo,6.5,497.2,88.0,142.1,380.0,17.0,61.3,109,1.7,5105,0.77,1247,5.18,0.1004
OLV_42_0515,Cadiz,Superintensivo,Riego,28.75,Arbequina,Brotacion,Arcilloso,Malo,4.7,1087.8,185.0,134.5,161.4,16.0,73.8,63,2.38,12000,0.89,1849,5.26,0.0
OLV_42_0516,Granada,Tradicional,Riego,46.02,Picual,Brotacion,Limoso,Bueno,9.1,825.9,750.0,32.1,46.0,10.1,23.6,73,2.73,7656,0.83,1430,0.1,0.0
OLV_42_0517,Jaén,Tradicional,Secano,47.31,Picual,Brotacion,Arcilloso,Bueno,5.8,1610.0,512.0,5.0,10.0,18.6,37.0,132,1.43,5312,0.82,1374,0.0,0.0
OLV_42_0518,Jaén,Tradicional,Secano,14.16,Picual,Engorde,Arcilloso,Bueno,4.6,364.3,608.0,71.6,146.4,22.4,60.7,63,1.01,5472,0.81,1164,1.52,0.0
OLV_42_0519,Sevilla,Tradicional,Secano,10.4,Manzanilla,Cuajado,Franco-arcilloso,Malo,12.8,603.9,175.0,203.2,380.0,10.5,82.0,88,1.88,4544,0.72,1253,3.98,0.2423
OLV_42_0520,Sevilla,Intensivo,Riego,17.94,Manzanilla,Cuajado,Limoso,Moderado,2.1,1906.9,91.0,184.9,206.3,21.0,82.0,123,2.92,51245,0.83,1650,4.02,0.1982
OLV_42_0521,Jaén,Intensivo,Riego,25.49,Picual,Cuajado,Arcilloso,Malo,12.1,690.7,566.0,282.1,358.6,12.8,82.0,129,2.09,10286,0.82,1797,4.41,0.2675
OLV_42_0522,Córdoba,Tradicional,Secano,31.89,Hojiblanca,Engorde,Franco,Bueno,6.5,2104.6,303.0,82.1,96.0,20.9,18.0,80,1.35,5067,0.78,1171,0.49,0.0
OLV_42_0523,Jaén,Tradicional,Riego,49.06,Picual,Floracion,Arenoso,Moderado,4.6,2383.4,562.0,90.7,119.3,16.9,27.4,70,1.77,8939,0.78,1371,0.64,0.0
OLV_42_0524,Jaén,Intensivo,Secano,5.0,Picual,Cuajado,Limoso,Bueno,4.7,1676.4,562.0,61.6,106.3,14.8,27.9,30,1.23,6564,0.86,1477,0.0,0.0
OLV_42_0525,Sevilla,Superintensivo,Secano,38.12,Hojiblanca,Engorde,Arenoso,Malo,5.2,1971.7,57.0,14.9,29.5,13.4,38.9,117,0.86,8749,0.79,1658,0.1,0.0
OLV_42_0526,Sevilla,Intensivo,Secano,33.43,Manzanilla,Engorde,Arcilloso,Moderado,3.7,603.0,247.0,281.0,380.0,19.9,82.0,112,1.87,6811,0.79,1382,3.32,0.2516
OLV_42_0527,Jaén,Tradicional,Secano,25.78,Picual,Reposo,Arcilloso,Malo,10.8,384.8,536.0,37.7,128.1,16.2,52.3,129,2.14,5636,0.8,1160,0.77,0.0
OLV_42_0528,Sevilla,Intensivo,Secano,41.26,Picual,Engorde,Arenoso,Bueno,0.8,739.9,53.0,88.5,249.0,12.0,18.9,84,1.93,6869,0.85,1330,1.69,0.0
OLV_42_0529,Jaén,Intensivo,Secano,3.93,Picual,Cuajado,Arcilloso,Malo,2.8,1988.4,324.0,120.4,127.8,15.1,67.5,101,1.51,6242,0.78,1387,2.69,0.0
OLV_42_0530,Jaén,Tradicional,Riego,5.18,Picual,Cuajado,Arenoso,Bueno,5.8,366.5,554.0,58.2,227.2,14.3,18.0,87,1.82,8551,0.84,1233,1.69,0.0
OLV_42_0531,Jaén,Tradicional,Secano,12.12,Picual,Engorde,Arenoso,Malo,6.2,611.2,551.0,70.8,193.6,20.2,44.3,136,0.81,5442,0.82,1012,0.74,0.0
OLV_42_0532,Sevilla,Tradicional,Secano,26.88,Manzanilla,Floracion,Limoso,Malo,4.4,2256.0,91.0,28.5,65.2,17.9,38.7,61,2.45,4601,0.76,1082,0.15,0.0
OLV_42_0533,Jaén,Tradicional,Secano,15.69,Picual,Engorde,Arenoso,Malo,7.7,1222.3,575.0,15.2,27.8,16.7,40.5,100,0.81,5313,0.78,1272,0.0,0.0
OLV_42_0534,Jaén,Tradicional,Secano,20.53,Picual,Engorde,Arcilloso,Moderado,3.7,1455.7,494.0,149.9,380.0,22.3,70.1,53,1.61,5340,0.85,1306,2.88,0.2032
OLV_42_0535,Granada,Tradicional,Riego,45.97,Hojiblanca,Cuajado,Limoso,Malo,3.8,645.5,680.0,211.0,323.0,17.0,82.0,115,2.78,8739,0.81,1314,3.23,0.2494
OLV_42_0536,Jaén,Tradicional,Secano,27.56,Picual,Brotacion,Franco-arcilloso,Moderado,11.6,1852.9,357.0,131.6,163.8,15.5,54.1,112,1.6,4893,0.83,1192,2.43,0.0
OLV_42_0537,Sevilla,Superintensivo,Secano,27.12,Manzanilla,Engorde,Arenoso,Moderado,6.9,1632.4,155.0,11.9,24.0,15.6,27.9,124,1.61,8645,0.77,1859,0.0,0.0
OLV_42_0538,Jaén,Tradicional,Secano,3.38,Picual,Reposo,Franco-arcilloso,Moderado,9.6,1988.6,636.0,89.3,185.2,18.6,49.6,142,2.16,4849,0.81,1417,2.94,0.0
OLV_42_0539,Córdoba,Intensivo,Secano,14.35,Hojiblanca,Engorde,Limoso,Malo,5.9,1063.7,294.0,79.4,141.5,20.5,76.0,97,2.06,6260,0.8,1496,2.3,0.0
OLV_42_0540,Córdoba,Intensivo,Secano,49.63,Picual,Brotacion,Franco-arcilloso,Bueno,1.3,1617.9,344.0,100.6,112.4,14.6,57.4,88,1.03,6566,0.86,1410,1.43,0.0
OLV_42_0541,Córdoba,Intensivo,Riego,5.16,Picual,Brotacion,Franco-arcilloso,Bueno,5.2,763.1,426.0,78.4,204.8,18.2,56.3,60,1.55,10159,0.83,1543,1.84,0.0
OLV_42_0542,Jaén,Tradicional,Secano,41.23,Picual,Brotacion,Limoso,Moderado,6.9,1009.8,441.0,108.2,242.7,13.2,61.7,30,2.15,5026,0.82,1126,3.79,0.0334
OLV_42_0543,Jaén,Tradicional,Riego,12.69,Picual,Engorde,Arenoso,Bueno,9.4,2058.4,538.0,131.6,380.0,17.2,29.8,86,0.99,8257,0.83,1413,2.21,0.0
OLV_42_0544,Córdoba,Intensivo,Riego,35.55,Picual,Engorde,Franco-arcilloso,Moderado,2.3,672.2,351.0,24.0,79.2,14.3,30.3,124,1.4,11326,0.8,1799,0.04,0.0
OLV_42_0545,Sevilla,Tradicional,Secano,7.71,Hojiblanca,Brotacion,Arenoso,Bueno,9.3,522.2,246.0,67.0,187.6,23.0,18.0,141,1.54,5158,0.79,1294,1.18,0.0
OLV_42_0546,Córdoba,Tradicional,Secano,40.08,Manzanilla,Cuajado,Franco-arcilloso,Moderado,3.4,223.4,365.0,35.5,62.4,18.0,46.6,38,1.31,4815,0.79,1175,0.71,0.0
OLV_42_0547,Sevilla,Intensivo,Riego,38.14,Manzanilla,Brotacion,Limoso,Moderado,1.5,847.1,131.0,71.4,150.5,17.9,80.1,133,1.88,11017,0.81,1444,1.13,0.0
OLV_42_0548,Cadiz,Tradicional,Secano,25.93,Hojiblanca,Engorde,Arcilloso,Bueno,11.4,1212.5,72.0,17.1,59.6,18.6,32.5,38,2.54,4703,0.75,1493,0.0,0.0
OLV_42_0549,Sevilla,Tradicional,Secano,8.68,Manzanilla,Cuajado,Limoso,Moderado,7.0,894.1,60.0,49.8,95.6,16.6,54.8,145,1.17,4714,0.75,1456,0.0,0.0
OLV_42_0550,Córdoba,Tradicional,Secano,9.69,Arbequina,Engorde,Limoso,Moderado,3.0,1771.8,274.0,91.7,214.8,15.2,37.4,127,1.31,5221,0.89,1387,1.35,0.0
OLV_42_0551,Sevilla,Intensivo,Riego,3.77,Arbequina,Floracion,Arcilloso,Bueno,2.9,1334.9,316.0,15.4,34.7,13.0,19.4,79,0.99,10700,0.84,1809,0.28,0.0
OLV_42_0552,Sevilla,Tradicional,Secano,25.21,Manzanilla,Reposo,Franco-arcilloso,Bueno,1.6,1369.3,277.0,92.2,169.2,13.3,45.6,52,1.05,4860,0.81,1015,1.22,0.0
OLV_42_0553,Córdoba,Intensivo,Riego,18.45,Picual,Engorde,Arenoso,Malo,5.1,1492.9,338.0,37.0,105.5,10.4,40.8,131,2.58,12000,0.83,1628,0.08,0.0
OLV_42_0554,Jaén,Tradicional,Secano,3.15,Picual,Floracion,Franco-arcilloso,Moderado,11.9,426.1,534.0,276.7,358.7,23.2,62.6,70,2.96,5615,0.82,1131,2.37,0.2348
OLV_42_0555,Málaga,Tradicional,Riego,36.57,Hojiblanca,Cuajado,Arcilloso,Bueno,3.1,1996.8,270.0,93.3,186.1,18.8,54.1,60,1.16,7896,0.8,1371,2.95,0.0
OLV_42_0556,Jaén,Tradicional,Secano,37.38,Picual,Cuajado,Franco,Bueno,3.7,1747.4,517.0,29.5,73.3,14.7,28.6,65,0.99,5506,0.76,1134,0.0,0.0
OLV_42_0557,Sevilla,Tradicional,Secano,19.21,Manzanilla,Cuajado,Arcilloso,Malo,4.1,529.0,338.0,95.0,304.9,21.8,82.0,78,1.27,4635,0.81,1172,2.7,0.1126
OLV_42_0558,Jaén,Tradicional,Secano,18.28,Picual,Brotacion,Franco,Moderado,8.8,1470.2,609.0,110.6,222.2,15.3,44.7,44,0.91,4958,0.79,1409,2.52,0.0
OLV_42_0559,Córdoba,Tradicional,Secano,5.54,Picual,Brotacion,Arenoso,Malo,3.1,2006.6,395.0,13.3,53.4,13.1,49.7,132,2.68,5481,0.77,1277,0.26,0.0
OLV_42_0560,Jaén,Tradicional,Riego,12.74,Picual,Reposo,Arcilloso,Bueno,3.5,2162.7,401.0,121.4,225.1,17.1,54.5,56,1.52,8336,0.85,1295,3.91,0.0
OLV_42_0561,Granada,Tradicional,Secano,47.76,Manzanilla,Brotacion,Franco-arcilloso,Moderado,3.8,1415.7,664.0,66.7,131.6,12.8,59.8,82,2.09,5060,0.81,1166,0.55,0.0
OLV_42_0562,Cadiz,Tradicional,Secano,34.07,Manzanilla,Engorde,Arcilloso,Bueno,5.2,1084.0,189.0,70.0,253.1,19.9,49.2,118,1.45,5499,0.73,1311,1.78,0.0
OLV_42_0563,Málaga,Tradicional,Secano,24.26,Manzanilla,Floracion,Franco,Bueno,7.8,340.8,226.0,89.9,151.1,8.4,40.6,132,2.27,5071,0.81,1118,1.66,0.0
OLV_42_0564,Jaén,Tradicional,Riego,33.97,Hojiblanca,Cuajado,Franco,Moderado,7.0,1796.3,530.0,81.4,274.4,9.1,25.8,32,2.62,9884,0.84,1490,1.84,0.0
OLV_42_0565,Sevilla,Tradicional,Riego,5.98,Cornicabra,Floracion,Limoso,Bueno,9.3,1491.8,284.0,93.4,154.8,12.0,31.9,76,2.39,8130,0.83,1351,0.33,0.0
OLV_42_0566,Jaén,Intensivo,Riego,22.03,Picual,Cuajado,Limoso,Malo,2.6,1220.4,582.0,41.0,154.2,9.8,61.0,61,1.72,9707,0.86,1442,1.79,0.0
OLV_42_0567,Jaén,Intensivo,Secano,21.45,Picual,Floracion,Limoso,Bueno,7.8,1527.4,468.0,123.8,355.9,9.2,32.0,126,1.62,6771,0.84,1364,2.24,0.0
OLV_42_0568,Granada,Tradicional,Secano,37.38,Hojiblanca,Cuajado,Arenoso,Bueno,4.6,35.2,759.0,65.3,155.8,18.8,20.6,51,1.12,5173,0.77,1023,0.1,0.0
OLV_42_0569,Sevilla,Intensivo,Riego,17.43,Arbequina,Engorde,Limoso,Bueno,1.1,1938.4,185.0,89.6,215.8,19.5,55.1,33,1.88,11219,0.88,1185,1.61,0.0153
OLV_42_0570,Córdoba,Tradicional,Secano,11.94,Picual,Reposo,Arcilloso,Malo,8.4,1955.3,326.0,129.3,285.4,25.5,63.2,148,2.3,5111,0.87,1053,4.14,0.0
OLV_42_0571,Sevilla,Tradicional,Riego,43.76,Manzanilla,Floracion,Arcilloso,Malo,4.9,608.4,109.0,96.0,362.1,20.1,76.1,70,2.27,9577,0.78,1355,3.92,0.1438
OLV_42_0572,Córdoba,Tradicional,Secano,9.65,Picual,Floracion,Arenoso,Moderado,6.4,132.2,369.0,27.1,45.2,21.9,39.8,93,2.08,5284,0.87,1106,0.19,0.0
OLV_42_0573,Córdoba,Superintensivo,Riego,23.31,Hojiblanca,Reposo,Franco,Moderado,0.1,468.7,266.0,44.0,125.5,18.3,35.8,88,1.44,12000,0.81,1845,0.5,0.0
OLV_42_0574,Granada,Intensivo,Secano,24.84,Picual,Brotacion,Arcilloso,Malo,1.7,306.9,560.0,294.2,380.0,20.7,80.7,64,2.51,6582,0.82,1312,5.19,0.1964
OLV_42_0575,Cadiz,Tradicional,Riego,15.57,Manzanilla,Cuajado,Limoso,Malo,3.5,557.1,70.0,146.3,342.3,25.5,79.0,41,2.82,7774,0.81,1212,2.79,0.244
OLV_42_0576,Sevilla,Tradicional,Secano,20.95,Picual,Engorde,Arcilloso,Bueno,5.5,542.7,256.0,46.3,127.7,15.2,46.3,57,1.97,5086,0.79,1171,1.5,0.0
OLV_42_0577,Granada,Intensivo,Riego,3.29,Picual,Cuajado,Arcilloso,Bueno,1.7,707.9,565.0,29.3,34.3,16.3,26.9,87,1.11,11231,0.77,1691,0.11,0.0
OLV_42_0578,Sevilla,Intensivo,Riego,41.23,Manzanilla,Engorde,Arenoso,Malo,4.0,307.8,167.0,69.6,218.0,8.0,38.9,30,1.29,11114,0.81,1680,2.21,0.0
OLV_42_0579,Granada,Tradicional,Secano,4.92,Hojiblanca,Engorde,Franco-arcilloso,Moderado,5.4,692.4,706.0,251.4,380.0,15.4,69.9,141,1.49,5418,0.79,1190,3.68,0.1063
OLV_42_0580,Jaén,Tradicional,Secano,21.32,Picual,Floracion,Arcilloso,Malo,4.3,40.2,537.0,301.2,380.0,14.9,67.5,110,1.55,4961,0.8,1030,3.39,0.4458
OLV_42_0581,Jaén,Tradicional,Secano,25.14,Picual,Brotacion,Arenoso,Malo,6.5,2338.1,295.0,135.9,380.0,14.7,28.3,68,2.76,5517,0.82,999,1.85,0.0
OLV_42_0582,Sevilla,Tradicional,Secano,7.08,Manzanilla,Cuajado,Arcilloso,Moderado,14.9,1746.3,154.0,91.2,133.7,17.6,64.0,103,1.04,4667,0.78,1455,1.56,0.0
OLV_42_0583,Granada,Tradicional,Secano,25.2,Picual,Floracion,Limoso,Malo,6.0,1060.2,688.0,60.7,134.6,23.5,69.2,86,2.17,5533,0.86,1108,1.44,0.0
OLV_42_0584,Jaén,Tradicional,Secano,21.53,Picual,Floracion,Limoso,Malo,3.0,864.6,384.0,68.4,125.8,22.0,65.0,92,2.06,5091,0.8,1184,1.45,0.0
OLV_42_0585,Jaén,Tradicional,Secano,40.22,Picual,Reposo,Limoso,Moderado,5.1,1783.1,696.0,73.9,209.3,12.5,43.5,51,1.69,4974,0.76,1098,1.53,0.0
OLV_42_0586,Granada,Tradicional,Secano,13.02,Picual,Cuajado,Franco,Bueno,4.6,285.1,675.0,188.1,380.0,20.7,61.7,44,2.65,5433,0.82,980,4.59,0.1814
OLV_42_0587,Sevilla,Tradicional,Riego,38.67,Manzanilla,Reposo,Franco-arcilloso,Moderado,7.0,972.7,153.0,168.5,380.0,20.4,76.2,86,1.26,7965,0.78,1554,5.01,0.0
OLV_42_0588,Sevilla,Intensivo,Riego,13.27,Hojiblanca,Reposo,Arcilloso,Malo,1.9,255.0,77.0,128.9,324.2,13.3,77.9,143,2.78,11201,0.82,1580,4.4,0.0194
OLV_42_0589,Granada,Superintensivo,Secano,19.94,Arbequina,Brotacion,Limoso,Bueno,2.5,170.1,640.0,88.1,124.6,18.6,76.0,56,1.28,8593,0.87,1705,0.65,0.0
OLV_42_0590,Córdoba,Tradicional,Secano,9.25,Hojiblanca,Cuajado,Arenoso,Moderado,4.4,1254.7,255.0,129.0,313.1,16.4,24.8,122,1.93,5081,0.76,1268,2.53,0.0
OLV_42_0591,Málaga,Tradicional,Secano,18.29,Hojiblanca,Floracion,Arenoso,Moderado,5.8,1875.4,290.0,94.3,271.2,20.4,35.7,73,1.03,5236,0.84,1253,1.13,0.0
OLV_42_0592,Jaén,Tradicional,Riego,23.63,Picual,Reposo,Arenoso,Moderado,5.7,178.4,541.0,7.9,29.9,14.6,18.9,62,2.81,7825,0.82,1406,0.0,0.0
OLV_42_0593,Málaga,Tradicional,Secano,29.25,Picual,Floracion,Franco,Malo,2.5,755.8,500.0,96.9,278.4,21.3,78.7,125,1.49,5290,0.84,1129,4.25,0.0694
OLV_42_0594,Córdoba,Tradicional,Secano,41.6,Hojiblanca,Brotacion,Franco-arcilloso,Moderado,5.3,839.8,289.0,70.6,181.3,18.5,66.6,99,1.61,5080,0.81,1194,1.61,0.0
OLV_42_0595,Córdoba,Tradicional,Secano,28.89,Hojiblanca,Engorde,Arcilloso,Malo,13.3,271.4,287.0,34.0,57.2,15.9,68.8,58,1.37,5091,0.75,1390,1.22,0.0
OLV_42_0596,Jaén,Superintensivo,Secano,3.3,Picual,Cuajado,Arcilloso,Moderado,8.2,411.4,398.0,103.9,243.3,22.2,82.0,104,1.86,9126,0.81,1949,3.01,0.1474
OLV_42_0597,Málaga,Tradicional,Riego,15.04,Arbequina,Engorde,Franco-arcilloso,Moderado,5.1,487.7,329.0,197.2,380.0,15.5,68.3,64,1.49,7765,0.87,1267,2.99,0.1339
OLV_42_0598,Córdoba,Tradicional,Riego,7.17,Picual,Engorde,Limoso,Moderado,11.6,137.8,266.0,231.3,380.0,10.6,56.1,127,0.94,7636,0.86,1508,5.1,0.0801
OLV_42_0599,Córdoba,Tradicional,Secano,23.91,Hojiblanca,Reposo,Franco,Moderado,9.2,784.3,366.0,119.3,312.9,12.8,45.2,95,1.88,5358,0.82,1179,2.49,0.0
OLV_42_0600,Córdoba,Tradicional,Secano,22.89,Picual,Floracion,Limoso,Moderado,5.0,64.6,313.0,255.7,380.0,15.0,78.4,137,2.41,4973,0.89,1036,3.75,0.1985
OLV_42_0601,Málaga,Intensivo,Secano,13.3,Hojiblanca,Cuajado,Arenoso,Moderado,8.7,1960.0,89.0,23.4,62.4,13.7,102.8,64,2.16,6698,0.86,1518,0.15,0.0
OLV_42_0602,Córdoba,Tradicional,Secano,47.6,Arbequina,Floracion,Franco-arcilloso,Bueno,4.1,1361.1,434.0,106.8,380.0,13.2,58.9,33,2.53,5023,0.86,1098,2.86,0.1184
OLV_42_0603,Jaén,Tradicional,Riego,22.11,Hojiblanca,Brotacion,Arcilloso,Malo,6.0,2118.9,492.0,32.6,66.6,16.3,49.2,138,2.14,8532,0.73,1275,0.46,0.0
OLV_42_0604,Jaén,Tradicional,Secano,16.59,Picual,Cuajado,Arenoso,Moderado,10.8,1145.0,514.0,61.2,98.3,19.4,21.6,131,2.89,5167,0.84,1285,0.66,0.0
OLV_42_0605,Jaén,Tradicional,Secano,6.41,Picual,Floracion,Franco,Malo,2.0,2235.5,431.0,134.7,287.9,18.3,75.4,111,1.54,5693,0.82,1072,4.72,0.1985
OLV_42_0606,Jaén,Tradicional,Riego,36.65,Hojiblanca,Brotacion,Arcilloso,Malo,4.8,1060.4,489.0,98.7,211.9,19.4,82.0,89,1.22,8571,0.84,1218,4.7,0.0
OLV_42_0607,Córdoba,Tradicional,Secano,46.03,Hojiblanca,Reposo,Arcilloso,Moderado,3.7,1310.9,157.0,31.6,92.6,18.6,32.5,38,1.49,4810,0.79,1186,0.52,0.0
OLV_42_0608,Granada,Intensivo,Secano,44.25,Hojiblanca,Floracion,Franco-arcilloso,Malo,5.1,81.8,468.0,165.1,329.0,15.1,78.8,56,2.34,7033,0.8,1098,3.61,0.4848
OLV_42_0609,Córdoba,Intensivo,Riego,30.38,Picual,Floracion,Limoso,Malo,3.2,962.7,312.0,48.1,72.4,17.8,44.2,118,1.3,9842,0.87,1580,0.67,0.0
OLV_42_0610,Jaén,Tradicional,Secano,14.0,Picual,Engorde,Arenoso,Bueno,8.0,175.9,617.0,143.6,380.0,16.1,25.7,43,1.78,5116,0.83,1266,2.74,0.0
OLV_42_0611,Granada,Intensivo,Secano,18.85,Arbequina,Floracion,Arcilloso,Moderado,3.1,1674.1,705.0,147.7,380.0,14.5,58.2,125,0.87,6268,0.94,1285,4.67,0.1958
OLV_42_0612,Cadiz,Intensivo,Riego,5.76,Picual,Brotacion,Franco-arcilloso,Malo,0.0,389.5,173.0,102.0,337.2,20.0,82.0,56,2.48,12000,0.82,1438,2.79,0.0821
OLV_42_0613,Málaga,Intensivo,Secano,39.12,Picual,Reposo,Arenoso,Malo,4.6,767.2,125.0,80.1,165.5,16.1,28.8,40,2.53,6758,0.89,1543,1.98,0.0
OLV_42_0614,Cadiz,Tradicional,Riego,5.99,Picual,Brotacion,Arcilloso,Moderado,60.0,381.1,64.0,29.6,83.1,18.4,58.7,40,1.01,9194,0.86,1383,1.51,0.0
OLV_42_0615,Córdoba,Tradicional,Secano,37.98,Hojiblanca,Engorde,Arenoso,Bueno,7.2,1009.4,519.0,25.5,84.4,19.8,27.2,88,1.38,5439,0.82,1295,0.1,0.0
OLV_42_0616,Jaén,Intensivo,Riego,27.89,Cornicabra,Floracion,Arenoso,Moderado,8.4,860.3,435.0,114.7,379.0,15.1,20.3,134,1.21,12000,0.82,1645,1.83,0.0
OLV_42_0617,Jaén,Tradicional,Secano,35.67,Picual,Cuajado,Franco,Bueno,2.6,907.9,638.0,122.1,161.9,17.4,31.0,73,1.98,5207,0.77,1037,0.68,0.0
OLV_42_0618,Córdoba,Intensivo,Riego,27.4,Hojiblanca,Cuajado,Arcilloso,Moderado,1.6,315.9,391.0,89.4,225.5,13.5,75.7,146,2.98,11510,0.78,1675,3.48,0.0223
OLV_42_0619,Jaén,Tradicional,Riego,20.2,Picual,Engorde,Arenoso,Malo,4.9,226.9,624.0,37.4,66.8,11.0,48.4,105,2.9,10333,0.83,1587,0.48,0.0
OLV_42_0620,Córdoba,Tradicional,Riego,15.0,Cornicabra,Cuajado,Franco,Malo,3.6,1159.4,231.0,65.7,193.1,11.9,36.9,49,1.92,9145,0.82,1182,1.87,0.0
OLV_42_0621,Jaén,Tradicional,Secano,23.48,Hojiblanca,Brotacion,Limoso,Bueno,1.9,2216.0,640.0,166.8,276.2,17.1,48.6,33,1.4,5472,0.78,1358,3.07,0.049
OLV_42_0622,Granada,Superintensivo,Secano,26.86,Picual,Brotacion,Arcilloso,Bueno,5.3,2191.9,583.0,27.3,56.4,12.1,39.9,54,2.92,42685,0.83,1884,0.38,0.0
OLV_42_0623,Jaén,Tradicional,Riego,10.98,Hojiblanca,Brotacion,Limoso,Bueno,2.6,1059.5,410.0,46.1,65.7,16.3,32.4,58,2.18,8989,0.79,1274,0.26,0.0
OLV_42_0624,Córdoba,Superintensivo,Riego,46.82,Picual,Brotacion,Limoso,Bueno,0.0,901.6,411.0,74.5,121.1,10.7,41.9,55,0.85,12000,0.75,1701,0.54,0.0
OLV_42_0625,Granada,Tradicional,Secano,48.04,Cornicabra,Brotacion,Franco-arcilloso,Moderado,6.2,961.7,508.0,63.9,152.2,14.9,40.2,92,2.52,5575,0.82,1013,0.63,0.0
OLV_42_0626,Sevilla,Intensivo,Secano,45.61,Hojiblanca,Engorde,Franco-arcilloso,Bueno,0.2,658.5,130.0,50.3,151.6,18.7,41.9,31,0.9,6644,0.79,1306,1.83,0.0
OLV_42_0627,Jaén,Tradicional,Secano,5.79,Picual,Brotacion,Limoso,Bueno,5.8,472.4,593.0,62.2,139.4,19.0,52.3,113,1.16,5047,0.78,1211,0.96,0.0
OLV_42_0628,Córdoba,Tradicional,Secano,10.44,Picual,Engorde,Franco-arcilloso,Malo,6.8,668.8,331.0,64.4,111.0,19.9,79.5,36,1.95,5242,0.82,1284,1.2,0.0
OLV_42_0629,Jaén,Tradicional,Riego,34.74,Picual,Reposo,Franco-arcilloso,Moderado,6.4,41.1,547.0,112.3,380.0,16.8,62.2,130,2.25,8616,0.79,1501,2.72,0.0
OLV_42_0630,Málaga,Intensivo,Secano,25.54,Picual,Floracion,Limoso,Moderado,2.9,1334.6,245.0,99.3,168.8,18.0,81.2,54,0.8,6288,0.84,1484,2.68,0.0902
OLV_42_0631,Córdoba,Intensivo,Riego,5.41,Picual,Floracion,Arcilloso,Malo,2.0,24.5,349.0,276.6,380.0,9.7,82.0,134,2.55,10118,0.82,1486,4.84,0.3106
OLV_42_0632,Málaga,Tradicional,Secano,15.81,Hojiblanca,Cuajado,Franco,Moderado,5.2,1679.8,253.0,53.7,99.5,11.8,22.2,124,1.07,5032,0.78,829,0.0,0.0
OLV_42_0633,Córdoba,Tradicional,Secano,37.26,Picual,Engorde,Limoso,Moderado,1.5,619.7,342.0,293.7,380.0,15.9,65.8,51,2.69,5552,0.82,1291,3.2,0.1971
OLV_42_0634,Córdoba,Tradicional,Riego,20.95,Hojiblanca,Floracion,Limoso,Malo,5.9,224.3,307.0,135.0,341.2,21.4,82.0,145,2.46,8976,0.79,1356,3.74,0.1782
OLV_42_0635,Jaén,Tradicional,Secano,5.34,Picual,Cuajado,Franco-arcilloso,Malo,8.2,272.9,631.0,310.7,380.0,21.5,78.6,55,2.38,5497,0.89,1122,4.2,0.3425
OLV_42_0636,Jaén,Tradicional,Secano,32.55,Picual,Reposo,Arcilloso,Malo,6.4,642.1,610.0,152.6,290.5,17.2,82.0,99,2.75,5393,0.83,1023,2.77,0.0
OLV_42_0637,Córdoba,Intensivo,Riego,20.63,Picual,Reposo,Limoso,Bueno,7.9,412.4,333.0,10.1,22.6,16.5,33.9,52,1.4,11277,0.76,1650,0.0,0.0
OLV_42_0638,Sevilla,Tradicional,Secano,19.11,Hojiblanca,Floracion,Limoso,Bueno,1.4,2348.5,129.0,49.1,72.4,16.6,39.5,88,2.53,5209,0.76,873,0.16,0.0
OLV_42_0639,Jaén,Tradicional,Secano,36.11,Picual,Brotacion,Arcilloso,Moderado,7.8,559.0,558.0,237.0,361.0,12.1,72.7,88,2.36,5427,0.84,1260,5.24,0.1079
OLV_42_0640,Jaén,Tradicional,Riego,35.05,Picual,Brotacion,Franco-arcilloso,Bueno,6.1,1984.5,514.0,43.9,119.0,18.7,33.9,111,2.47,9539,0.81,1368,0.42,0.0
OLV_42_0641,Córdoba,Tradicional,Secano,46.07,Picual,Engorde,Franco-arcilloso,Bueno,5.3,1376.6,288.0,57.2,182.8,19.2,36.3,33,1.87,5175,0.81,1202,1.26,0.0
OLV_42_0642,Málaga,Tradicional,Secano,47.07,Picual,Brotacion,Franco,Moderado,6.4,1355.5,294.0,136.6,380.0,17.1,51.0,33,1.63,5276,0.8,1444,3.42,0.0448
OLV_42_0643,Jaén,Tradicional,Riego,15.29,Picual,Floracion,Limoso,Malo,6.2,552.5,567.0,181.1,323.5,13.3,82.0,92,1.46,9248,0.83,1289,3.24,0.3068
OLV_42_0644,Córdoba,Intensivo,Secano,4.52,Hojiblanca,Reposo,Limoso,Moderado,1.2,2301.4,265.0,25.2,51.9,9.7,46.1,101,2.99,6149,0.79,1361,1.9,0.0
OLV_42_0645,Cadiz,Superintensivo,Secano,47.17,Manzanilla,Floracion,Franco-arcilloso,Malo,7.5,1021.7,118.0,37.8,82.3,14.7,43.8,33,2.96,8225,0.77,1814,0.59,0.0
OLV_42_0646,Jaén,Tradicional,Secano,7.45,Picual,Brotacion,Limoso,Malo,10.1,2043.3,491.0,23.4,53.0,13.7,41.5,145,1.57,5018,0.79,1158,0.44,0.0
OLV_42_0647,Jaén,Tradicional,Riego,24.42,Picual,Floracion,Franco-arcilloso,Moderado,7.0,589.2,407.0,51.2,179.5,13.9,41.1,128,2.13,9382,0.82,1440,1.17,0.0
OLV_42_0648,Jaén,Tradicional,Riego,38.85,Picual,Floracion,Franco,Moderado,4.4,1069.4,574.0,6.7,18.5,15.7,28.2,48,2.01,8141,0.88,1561,0.7,0.0
OLV_42_0649,Córdoba,Tradicional,Secano,27.9,Picual,Reposo,Franco-arcilloso,Malo,12.4,637.3,327.0,23.9,49.2,12.7,33.3,96,2.26,4939,0.85,1229,0.27,0.0
OLV_42_0650,Granada,Intensivo,Secano,20.21,Cornicabra,Reposo,Limoso,Malo,1.7,1830.1,754.0,83.9,194.8,14.0,75.3,140,0.88,6626,0.82,1359,2.67,0.0
OLV_42_0651,Málaga,Tradicional,Secano,10.21,Arbequina,Cuajado,Franco-arcilloso,Moderado,6.5,1279.9,213.0,24.9,63.0,14.6,30.6,143,2.03,4973,0.88,1227,0.22,0.0
OLV_42_0652,Córdoba,Intensivo,Secano,44.97,Hojiblanca,Cuajado,Franco,Bueno,8.4,2177.9,299.0,50.3,113.2,24.9,18.4,97,2.01,6768,0.81,1532,0.0,0.0
OLV_42_0653,Jaén,Intensivo,Riego,34.68,Picual,Engorde,Franco-arcilloso,Moderado,2.6,2193.0,494.0,48.4,91.6,12.4,23.1,148,2.84,11068,0.81,1674,0.0,0.0
OLV_42_0654,Jaén,Tradicional,Secano,23.9,Picual,Engorde,Arenoso,Moderado,5.4,188.7,492.0,114.0,255.3,18.7,31.7,136,2.78,5266,0.88,923,1.82,0.0
OLV_42_0655,Córdoba,Tradicional,Secano,37.85,Picual,Engorde,Arcilloso,Malo,7.8,1662.9,250.0,79.1,208.5,18.8,82.0,122,1.22,4949,0.78,1289,2.34,0.0
OLV_42_0656,Jaén,Tradicional,Secano,49.95,Hojiblanca,Floracion,Limoso,Moderado,10.5,797.5,575.0,58.1,204.7,13.3,47.1,81,2.04,4957,0.81,1281,0.21,0.0
OLV_42_0657,Córdoba,Tradicional,Secano,39.38,Arbequina,Cuajado,Limoso,Moderado,1.0,1922.3,265.0,70.5,178.6,9.9,58.7,112,2.63,5061,0.93,1172,2.84,0.0
OLV_42_0658,Córdoba,Tradicional,Riego,7.47,Picual,Brotacion,Franco-arcilloso,Moderado,6.1,1519.2,144.0,202.4,353.6,13.3,54.0,134,2.68,10115,0.83,1308,3.85,0.0245
OLV_42_0659,Jaén,Tradicional,Secano,17.45,Picual,Cuajado,Limoso,Moderado,2.9,613.9,520.0,254.3,380.0,15.1,72.8,42,1.51,5420,0.78,1058,4.85,0.4069
OLV_42_0660,Málaga,Tradicional,Secano,33.07,Picual,Cuajado,Franco,Malo,3.4,2195.9,474.0,59.2,70.0,9.7,40.0,124,1.24,5844,0.8,1314,0.0,0.0
OLV_42_0661,Granada,Intensivo,Secano,26.76,Picual,Cuajado,Limoso,Moderado,5.4,1407.3,522.0,77.5,163.6,22.3,49.4,113,2.12,6411,0.8,1569,1.67,0.0
OLV_42_0662,Málaga,Intensivo,Secano,16.69,Arbequina,Engorde,Arcilloso,Moderado,1.1,1091.5,276.0,42.6,47.6,16.8,62.8,72,2.08,6624,0.92,1681,0.46,0.0
OLV_42_0663,Málaga,Tradicional,Secano,35.51,Hojiblanca,Floracion,Arcilloso,Malo,45.0,235.6,240.0,152.3,380.0,16.8,71.7,48,1.97,5006,0.86,966,5.16,0.3931
OLV_42_0664,Sevilla,Tradicional,Riego,6.31,Picual,Cuajado,Limoso,Bueno,4.7,991.9,86.0,111.8,313.8,19.5,57.9,110,2.24,10174,0.79,1384,3.35,0.0568
OLV_42_0665,Jaén,Tradicional,Secano,5.54,Picual,Brotacion,Franco-arcilloso,Malo,5.5,422.2,340.0,98.7,131.0,20.9,82.0,79,1.49,5445,0.8,971,2.14,0.0
OLV_42_0666,Sevilla,Intensivo,Secano,23.61,Manzanilla,Floracion,Arenoso,Malo,4.1,1386.9,203.0,238.2,380.0,15.9,33.9,91,2.57,6166,0.78,1372,2.26,0.0218
OLV_42_0667,Córdoba,Intensivo,Secano,10.57,Hojiblanca,Brotacion,Arenoso,Malo,3.5,1032.1,404.0,45.2,167.4,19.3,21.5,121,1.88,6479,0.77,1586,0.19,0.0
OLV_42_0668,Jaén,Intensivo,Secano,16.34,Picual,Brotacion,Limoso,Moderado,3.1,1797.7,500.0,47.4,68.2,22.4,29.2,139,1.07,6620,0.84,1491,0.0,0.0
OLV_42_0669,Córdoba,Tradicional,Secano,35.63,Picual,Engorde,Franco,Malo,10.9,1656.0,291.0,151.4,380.0,18.3,55.0,147,1.68,5036,0.81,1379,4.21,0.0831
OLV_42_0670,Málaga,Intensivo,Secano,18.79,Picual,Cuajado,Franco,Malo,9.3,2089.2,380.0,38.3,62.6,20.5,28.5,85,1.35,6627,0.8,1530,0.23,0.0
OLV_42_0671,Granada,Intensivo,Riego,35.21,Picual,Floracion,Franco-arcilloso,Bueno,13.5,1177.5,625.0,168.9,270.9,16.1,52.5,79,1.12,11313,0.8,1937,1.76,0.1628
OLV_42_0672,Cadiz,Superintensivo,Secano,2.71,Manzanilla,Brotacion,Arcilloso,Malo,0.3,401.7,77.0,181.1,299.8,17.5,70.8,137,1.56,9081,0.78,1536,4.79,0.1608
OLV_42_0673,Jaén,Intensivo,Riego,29.93,Picual,Engorde,Franco-arcilloso,Malo,10.2,2184.9,637.0,69.4,186.9,19.8,48.9,75,1.89,10725,0.83,1847,2.16,0.0
OLV_42_0674,Jaén,Tradicional,Secano,17.42,Picual,Reposo,Franco-arcilloso,Moderado,2.4,368.2,520.0,152.1,380.0,14.3,54.6,103,2.42,5547,0.79,1164,3.77,0.0
OLV_42_0675,Sevilla,Tradicional,Secano,39.85,Picual,Reposo,Franco-arcilloso,Malo,4.9,442.6,37.0,320.0,380.0,17.3,82.0,50,1.03,5427,0.77,1213,4.05,0.1101
OLV_42_0676,Córdoba,Tradicional,Secano,11.02,Hojiblanca,Cuajado,Franco,Bueno,4.1,2295.0,277.0,81.2,262.6,19.4,18.2,140,1.26,4836,0.81,1317,1.65,0.0
OLV_42_0677,Sevilla,Superintensivo,Secano,32.04,Arbequina,Floracion,Franco,Moderado,3.0,1366.3,254.0,86.0,151.7,12.9,44.1,134,1.28,8136,0.88,1754,1.83,0.0
OLV_42_0678,Sevilla,Intensivo,Secano,29.67,Cornicabra,Floracion,Arenoso,Malo,2.8,1740.5,0.0,36.8,66.3,21.2,32.1,107,2.31,6370,0.81,1253,0.08,0.0
OLV_42_0679,Córdoba,Tradicional,Riego,22.21,Hojiblanca,Cuajado,Arenoso,Malo,4.7,56.2,212.0,96.9,194.7,20.1,41.1,32,2.76,10002,0.77,1316,1.81,0.0
OLV_42_0680,Jaén,Tradicional,Secano,34.23,Picual,Reposo,Arcilloso,Moderado,45.0,695.1,621.0,60.7,185.4,16.3,80.3,103,0.95,5223,0.85,1098,2.84,0.0
OLV_42_0681,Cadiz,Tradicional,Secano,48.19,Arbequina,Cuajado,Limoso,Malo,4.4,1747.4,102.0,,171.9,16.4,60.3,56,2.33,4825,0.87,1189,2.23,0.0
OLV_42_0682,Cadiz,Superintensivo,Secano,35.47,Arbequina,Engorde,Limoso,Moderado,5.3,376.3,50.0,87.1,182.7,12.0,62.5,109,1.21,8507,0.89,1583,1.83,0.0
OLV_42_0683,Granada,Intensivo,Riego,11.19,Hojiblanca,Floracion,Arcilloso,Bueno,9.7,1628.7,638.0,143.8,380.0,14.4,41.2,33,1.15,10980,0.76,1379,2.48,0.1287
OLV_42_0684,Jaén,Tradicional,Riego,22.27,Hojiblanca,Engorde,Limoso,Malo,5.9,746.5,566.0,48.4,89.4,22.5,48.1,80,1.12,8369,0.79,1190,1.87,0.0
OLV_42_0685,Granada,Tradicional,Riego,29.4,Picual,Engorde,Franco,Malo,5.1,1776.8,762.0,68.7,193.6,24.5,48.0,93,1.09,9834,0.87,1336,3.08,0.0
OLV_42_0686,Jaén,Tradicional,Secano,39.77,Hojiblanca,Engorde,Arcilloso,Bueno,7.2,231.7,576.0,41.7,122.4,15.7,35.1,116,1.14,4721,0.82,1121,0.31,0.0
OLV_42_0687,Málaga,Tradicional,Secano,21.4,Hojiblanca,Cuajado,Franco-arcilloso,Malo,9.1,1747.0,256.0,87.5,115.8,23.3,44.7,133,1.04,4839,0.78,1285,1.46,0.0
OLV_42_0688,Sevilla,Intensivo,Riego,32.05,Manzanilla,Floracion,Limoso,Bueno,3.6,1612.0,226.0,121.6,380.0,17.2,42.5,132,1.11,10896,0.71,1544,1.96,0.0464
OLV_42_0689,Cadiz,Superintensivo,Secano,16.32,Hojiblanca,Reposo,Arenoso,Malo,3.8,1221.3,55.0,14.4,19.4,14.9,43.5,46,2.41,8994,0.77,1528,0.02,0.0
OLV_42_0690,Jaén,Tradicional,Secano,11.14,Picual,Cuajado,Arcilloso,Moderado,14.6,1065.0,607.0,72.6,123.9,15.8,65.3,52,2.79,5145,0.84,1537,1.91,0.0
OLV_42_0691,Córdoba,Intensivo,Riego,32.55,Picual,Floracion,Limoso,Bueno,1.7,1788.2,420.0,77.0,216.8,16.4,41.6,31,1.12,11376,0.81,1556,1.92,0.0
OLV_42_0692,Sevilla,Tradicional,Secano,19.72,Manzanilla,Engorde,Franco-arcilloso,Malo,3.7,1480.5,208.0,38.7,103.1,15.0,58.4,47,1.5,5150,0.8,1177,1.05,0.0
OLV_42_0693,Málaga,Superintensivo,Secano,6.18,Hojiblanca,Engorde,Limoso,Malo,6.3,909.8,292.0,40.9,86.1,25.4,52.8,84,1.18,8523,0.78,1823,0.29,0.0
OLV_42_0694,Jaén,Tradicional,Secano,28.74,Picual,Cuajado,Arcilloso,Bueno,4.7,201.8,438.0,34.6,48.1,15.2,36.4,107,0.87,5076,0.85,1261,0.91,0.0
OLV_42_0695,Sevilla,Tradicional,Secano,26.22,Manzanilla,Engorde,Franco-arcilloso,Malo,1.9,2065.7,105.0,77.8,196.8,13.1,68.9,30,1.83,4592,0.79,1202,2.32,0.0
OLV_42_0696,Sevilla,Intensivo,Secano,47.07,Hojiblanca,Brotacion,Limoso,Moderado,2.7,2129.4,296.0,41.9,95.3,16.0,36.1,148,2.55,6728,0.73,1355,0.23,0.0
OLV_42_0697,Jaén,Tradicional,Riego,25.46,Picual,Brotacion,Franco-arcilloso,Malo,5.1,725.0,430.0,69.1,191.6,13.3,69.1,52,1.97,10158,0.82,1221,1.92,0.0
OLV_42_0698,Cadiz,Intensivo,Riego,9.7,Hojiblanca,Engorde,Arenoso,Bueno,7.0,1760.3,25.0,41.5,51.5,19.8,23.9,116,2.09,9833,0.77,1822,0.6,0.0
OLV_42_0699,Sevilla,Intensivo,Secano,32.85,Manzanilla,Reposo,Franco,Moderado,8.4,1644.0,230.0,109.3,352.5,17.0,44.9,63,2.79,6541,0.74,1611,2.6,0.0
OLV_42_0700,Jaén,Tradicional,Secano,13.98,Picual,Floracion,Franco-arcilloso,Malo,7.8,56.2,649.0,156.0,380.0,15.5,82.0,80,1.86,5291,0.8,1551,3.56,0.2636
OLV_42_0701,Granada,Tradicional,Riego,47.98,Picual,Brotacion,Arcilloso,Moderado,5.0,875.1,533.0,41.4,123.0,22.5,36.1,76,1.25,9612,0.91,1516,0.37,0.0
OLV_42_0702,Sevilla,Intensivo,Riego,11.88,Manzanilla,Engorde,Franco,Moderado,1.4,1782.8,293.0,71.4,228.1,24.4,62.5,75,2.03,9515,0.8,1444,1.77,0.0
OLV_42_0703,Málaga,Tradicional,Secano,3.49,Hojiblanca,Floracion,Franco-arcilloso,Malo,5.0,101.0,290.0,142.1,356.6,14.4,82.0,137,2.59,5639,0.8,1055,4.21,0.1837
OLV_42_0704,Jaén,Tradicional,Riego,18.88,Picual,Brotacion,Arcilloso,Malo,3.7,132.6,533.0,255.3,380.0,18.9,66.6,141,1.74,8758,0.78,1465,4.64,0.1307
OLV_42_0705,Córdoba,Tradicional,Riego,44.43,Hojiblanca,Engorde,Franco-arcilloso,Bueno,3.9,2093.7,365.0,29.5,103.4,18.9,18.0,34,2.02,9118,0.82,1324,0.39,0.0
OLV_42_0706,Córdoba,Tradicional,Secano,5.84,Hojiblanca,Engorde,Limoso,Malo,7.6,1109.4,396.0,103.4,375.3,18.6,64.0,117,1.28,5670,0.79,1227,3.07,0.0435
OLV_42_0707,Sevilla,Tradicional,Secano,33.96,Manzanilla,Brotacion,Franco,Bueno,5.0,782.7,234.0,33.6,81.0,21.4,39.4,82,2.94,4939,0.78,1276,0.0,0.0
OLV_42_0708,Jaén,Tradicional,Secano,17.47,Picual,Engorde,Arenoso,Moderado,5.4,244.5,501.0,177.9,380.0,15.9,18.0,61,2.09,5472,0.81,1151,2.43,0.0
OLV_42_0709,Córdoba,Tradicional,Secano,35.6,Manzanilla,Floracion,Arcilloso,Moderado,9.4,617.7,318.0,93.2,248.3,19.8,56.4,56,0.94,4749,0.79,1235,3.37,0.0624
OLV_42_0710,Málaga,Intensivo,Secano,44.27,Hojiblanca,Brotacion,Limoso,Malo,3.5,672.2,369.0,54.6,170.2,21.9,82.0,141,2.95,6696,0.76,1481,2.22,0.0
OLV_42_0711,Granada,Tradicional,Secano,12.6,Picual,Cuajado,Arenoso,Bueno,8.7,635.3,677.0,133.7,380.0,20.2,18.0,139,2.47,4911,0.85,1516,1.05,0.0
OLV_42_0712,Jaén,Tradicional,Secano,29.25,Picual,Engorde,Arenoso,Malo,4.0,108.3,590.0,116.7,281.3,16.5,27.6,61,2.53,5038,0.84,1216,1.22,0.0
OLV_42_0713,Sevilla,Intensivo,Riego,13.21,Manzanilla,Cuajado,Franco-arcilloso,Moderado,2.8,1007.0,160.0,85.3,122.9,18.0,64.7,67,1.85,10841,0.75,1632,0.89,0.0
OLV_42_0714,Córdoba,Tradicional,Secano,23.97,Hojiblanca,Floracion,Franco,Malo,8.9,2060.1,217.0,44.2,102.4,17.0,39.0,128,2.02,4845,0.8,986,0.25,0.0
OLV_42_0715,Jaén,Tradicional,Secano,47.72,Picual,Engorde,Arcilloso,Malo,3.9,58.2,611.0,237.9,380.0,10.8,61.6,126,1.28,5355,0.82,1251,4.67,0.1359
OLV_42_0716,Sevilla,Intensivo,Riego,47.6,Manzanilla,Engorde,Franco-arcilloso,Bueno,5.6,509.5,229.0,142.2,239.5,21.0,59.4,116,2.38,10547,0.77,1604,4.19,0.042
OLV_42_0717,Córdoba,Superintensivo,Secano,5.0,Picual,Cuajado,Limoso,Moderado,8.0,1189.8,517.0,64.0,166.3,12.1,64.5,135,1.93,8781,0.86,1791,1.19,0.0
OLV_42_0718,Córdoba,Intensivo,Secano,48.31,Arbequina,Cuajado,Limoso,Bueno,3.5,34.6,465.0,28.0,54.2,16.1,20.7,76,2.56,6470,0.92,1331,0.53,0.0
OLV_42_0719,Córdoba,Intensivo,Secano,45.37,Picual,Reposo,Limoso,Malo,6.8,369.1,311.0,36.0,132.3,21.5,55.2,108,1.36,6230,0.85,1622,1.56,0.0
OLV_42_0720,Córdoba,Tradicional,Secano,36.03,Picual,Floracion,Franco-arcilloso,Moderado,9.5,1283.6,370.0,106.9,301.7,17.0,72.3,43,1.58,5252,0.81,1269,2.97,0.2114
OLV_42_0721,Cadiz,Intensivo,Riego,11.67,Hojiblanca,Brotacion,Arcilloso,Moderado,7.6,1373.8,191.0,64.2,80.6,14.7,46.4,140,1.74,10943,0.83,1649,0.0,0.0
OLV_42_0722,Córdoba,Tradicional,Secano,14.23,Cornicabra,Floracion,Franco-arcilloso,Malo,4.5,1150.3,304.0,66.8,105.2,16.6,72.7,34,2.22,5414,0.85,1181,1.52,0.0
OLV_42_0723,Sevilla,Tradicional,Secano,49.73,Picual,Floracion,Franco-arcilloso,Moderado,5.4,2139.6,190.0,139.1,380.0,11.9,56.8,40,1.0,5208,0.78,1158,4.75,0.3222
OLV_42_0724,Córdoba,Tradicional,Riego,23.13,Picual,Floracion,Limoso,Moderado,4.5,821.9,423.0,43.3,106.4,13.7,56.1,50,2.67,9305,0.85,1533,1.61,0.0
OLV_42_0725,Granada,Superintensivo,Riego,24.11,Hojiblanca,Engorde,Limoso,Bueno,6.8,1474.6,615.0,180.0,308.9,19.4,68.7,149,1.92,12000,0.75,2023,3.19,0.1214
OLV_42_0726,Córdoba,Tradicional,Riego,44.94,Hojiblanca,Engorde,Arcilloso,Malo,9.2,1099.1,302.0,48.2,159.9,11.6,55.8,85,1.42,7687,0.81,1452,1.22,0.0
OLV_42_0727,Córdoba,Superintensivo,Riego,11.54,Hojiblanca,Engorde,Franco-arcilloso,Malo,1.8,1765.6,396.0,68.8,210.2,17.4,69.2,47,2.38,12000,0.78,1804,3.38,0.0
OLV_42_0728,Jaén,Tradicional,Secano,6.02,Hojiblanca,Floracion,Arcilloso,Bueno,4.1,332.8,407.0,41.6,106.1,16.6,44.6,78,2.81,5366,0.82,1156,0.95,0.0
OLV_42_0729,Córdoba,Tradicional,Riego,22.57,Picual,Brotacion,Franco,Moderado,2.6,2071.6,276.0,22.4,50.0,17.1,32.4,34,1.37,8942,0.81,1413,1.01,0.0
OLV_42_0730,Córdoba,Superintensivo,Riego,27.56,Picual,Cuajado,Arenoso,Moderado,9.0,91.8,266.0,60.2,161.7,16.9,22.9,67,1.15,12000,0.82,1835,0.53,0.0
OLV_42_0731,Jaén,Tradicional,Riego,4.2,Picual,Floracion,Arcilloso,Bueno,9.6,1677.6,542.0,42.2,88.8,19.3,22.1,42,1.28,8669,0.75,1461,1.3,0.0
OLV_42_0732,Málaga,Tradicional,Secano,16.96,Hojiblanca,Floracion,Franco-arcilloso,Bueno,4.7,1127.5,282.0,70.7,235.1,16.6,58.1,53,2.89,5035,0.86,1114,1.5,0.0
OLV_42_0733,Jaén,Tradicional,Riego,4.39,Picual,Engorde,Franco-arcilloso,Bueno,4.0,639.4,504.0,75.0,269.7,21.5,37.3,146,2.86,10919,0.82,1178,1.08,0.0
OLV_42_0734,Cadiz,Intensivo,Riego,23.26,Picual,Floracion,Franco,Moderado,9.5,2253.9,197.0,134.5,160.9,16.1,18.4,35,1.31,11240,0.79,1901,2.34,0.0
OLV_42_0735,Córdoba,Tradicional,Secano,37.66,Hojiblanca,Cuajado,Limoso,Malo,3.0,1287.1,362.0,59.5,150.6,22.1,59.9,78,0.98,5161,0.79,990,1.66,0.0
OLV_42_0736,Córdoba,Tradicional,Riego,11.48,Manzanilla,Cuajado,Franco-arcilloso,Bueno,6.4,1272.8,451.0,127.3,380.0,22.2,30.2,49,1.11,7634,0.77,1400,1.09,0.0
OLV_42_0737,Jaén,Tradicional,Secano,17.48,Picual,Reposo,Limoso,Bueno,4.5,1113.4,421.0,110.2,164.1,13.7,33.8,100,1.22,5340,0.85,1173,1.53,0.0
OLV_42_0738,Jaén,Tradicional,Secano,35.43,Picual,Engorde,Franco,Bueno,8.7,155.2,385.0,88.5,165.1,15.3,42.0,94,2.84,5249,0.84,1250,0.68,0.0
OLV_42_0739,Sevilla,Tradicional,Secano,40.94,Manzanilla,Floracion,Franco-arcilloso,Moderado,9.7,50.2,0.0,185.5,380.0,15.4,80.8,116,1.57,4874,0.78,1145,4.78,0.1521
OLV_42_0740,Granada,Tradicional,Riego,7.98,Picual,Cuajado,Franco,Moderado,9.7,931.8,714.0,281.6,380.0,17.4,65.6,124,2.46,9871,0.83,1431,3.96,0.1567
OLV_42_0741,Jaén,Tradicional,Secano,16.53,Picual,Brotacion,Franco-arcilloso,Moderado,4.3,503.8,456.0,152.3,380.0,14.7,67.6,82,1.37,5386,0.81,1003,2.84,0.0482
OLV_42_0742,Jaén,Intensivo,Secano,22.89,Picual,Cuajado,Arenoso,Moderado,8.7,88.7,585.0,26.3,62.7,18.6,32.2,85,0.85,6386,0.8,1774,0.24,0.0
OLV_42_0743,Jaén,Tradicional,Secano,26.77,Picual,Cuajado,Arenoso,Bueno,4.5,1328.2,498.0,86.5,158.8,17.7,35.4,136,0.86,5473,0.78,1331,0.0,0.0
OLV_42_0744,Jaén,Tradicional,Riego,7.79,Picual,Floracion,Arcilloso,Bueno,4.1,1311.8,684.0,38.6,135.9,16.9,25.9,41,2.3,9677,0.79,1376,0.3,0.0
OLV_42_0745,Cadiz,Intensivo,Riego,31.19,Hojiblanca,Cuajado,Franco,Bueno,0.2,1390.1,12.0,118.9,346.7,18.3,44.8,109,1.29,12000,0.82,1653,2.1,0.0681
OLV_42_0746,Jaén,Intensivo,Secano,6.88,Picual,Brotacion,Limoso,Moderado,14.9,645.4,586.0,148.6,380.0,20.9,71.9,138,2.26,6431,0.83,1657,3.19,0.0416
OLV_42_0747,Málaga,Intensivo,Riego,28.52,Hojiblanca,Cuajado,Franco-arcilloso,Malo,2.8,1254.2,338.0,89.4,224.7,10.7,72.9,130,1.27,11862,0.86,1577,3.16,0.0443
OLV_42_0748,Córdoba,Tradicional,Secano,23.88,Hojiblanca,Engorde,Franco-arcilloso,Bueno,8.2,725.6,331.0,122.9,199.0,18.0,80.1,102,1.73,5176,0.73,1412,3.68,0.0587
OLV_42_0749,Sevilla,Tradicional,Secano,41.15,Manzanilla,Engorde,Arcilloso,Malo,12.6,192.7,298.0,111.4,300.9,24.8,74.0,37,2.39,4705,0.74,1268,3.99,0.1129
OLV_42_0750,Sevilla,Tradicional,Secano,6.43,Manzanilla,Engorde,Franco,Malo,5.1,2346.8,238.0,172.0,286.0,10.7,79.3,111,1.28,5309,0.71,1122,3.6,0.1121
OLV_42_0751,Jaén,Superintensivo,Secano,6.36,Picual,Reposo,Arcilloso,Moderado,2.7,56.9,573.0,272.5,380.0,10.1,79.5,58,2.75,8566,0.81,1717,5.11,0.1027
OLV_42_0752,Córdoba,Intensivo,Riego,31.22,Picual,Reposo,Franco-arcilloso,Moderado,3.1,695.1,260.0,254.3,349.9,15.2,82.0,110,2.66,12000,0.9,1462,3.86,0.0434
OLV_42_0753,Córdoba,Tradicional,Secano,7.64,Arbequina,Reposo,Franco-arcilloso,Malo,3.5,635.3,338.0,237.0,380.0,12.3,70.0,140,2.52,5072,0.87,1222,5.5,0.0363
OLV_42_0754,Córdoba,Tradicional,Secano,40.76,Cornicabra,Engorde,Limoso,Bueno,13.0,1723.0,407.0,81.1,137.3,15.6,20.7,44,2.46,4904,0.86,1347,1.03,0.0
OLV_42_0755,Jaén,Tradicional,Riego,48.24,Picual,Floracion,Franco,Malo,5.3,474.3,468.0,121.2,277.4,13.2,67.9,88,1.93,8521,0.8,1189,2.72,0.1769
OLV_42_0756,Córdoba,Tradicional,Secano,18.62,Hojiblanca,Brotacion,Franco-arcilloso,Moderado,7.1,196.7,335.0,217.7,380.0,22.3,59.2,149,1.26,4951,0.81,1065,3.85,0.0552
OLV_42_0757,Jaén,Tradicional,Secano,49.25,Picual,Engorde,Arcilloso,Bueno,5.5,78.0,421.0,103.9,196.2,18.3,52.7,35,1.97,5513,0.8,1298,3.73,0.0
OLV_42_0758,Granada,Tradicional,Riego,43.63,Picual,Engorde,Franco,Bueno,1.0,1058.3,504.0,17.5,22.5,12.2,31.8,139,2.55,9887,0.83,1150,0.0,0.0
OLV_42_0759,Málaga,Tradicional,Riego,18.82,Hojiblanca,Floracion,Arenoso,Malo,1.3,358.1,218.0,57.0,139.3,14.4,49.2,35,1.66,8457,0.85,1149,1.14,0.0
OLV_42_0760,Cadiz,Tradicional,Secano,14.65,Hojiblanca,Engorde,Franco-arcilloso,Moderado,5.4,802.4,88.0,39.6,123.1,13.9,43.8,125,0.98,4491,0.74,1141,0.72,0.0
OLV_42_0761,Sevilla,Tradicional,Secano,28.38,Manzanilla,Brotacion,Franco-arcilloso,Malo,5.9,1333.5,4.0,19.2,39.4,14.1,29.1,104,1.46,4733,0.78,1278,0.0,0.0
OLV_42_0762,Jaén,Tradicional,Secano,23.17,Picual,Reposo,Arcilloso,Bueno,9.1,1210.3,526.0,102.0,154.3,16.4,109.8,65,1.83,4916,0.83,1243,1.48,0.0
OLV_42_0763,Cadiz,Tradicional,Secano,35.45,Manzanilla,Brotacion,Limoso,Moderado,1.6,2378.8,259.0,117.5,197.2,17.4,79.4,81,1.16,26690,0.79,1088,2.82,0.036
OLV_42_0764,Málaga,Superintensivo,Riego,34.15,Picual,Cuajado,Arenoso,Bueno,11.2,959.9,209.0,320.0,380.0,12.9,32.5,100,1.97,12000,0.82,1954,0.24,0.0216
OLV_42_0765,Cadiz,Intensivo,Riego,4.44,Manzanilla,Brotacion,Arenoso,Malo,3.3,456.6,0.0,80.8,225.4,24.4,36.5,62,1.1,10590,0.77,1540,2.12,0.0
OLV_42_0766,Jaén,Tradicional,Secano,33.77,Picual,Reposo,Limoso,Malo,6.7,782.4,591.0,27.2,75.8,20.4,49.1,127,2.07,4992,0.81,1079,1.16,0.0
OLV_42_0767,Granada,Intensivo,Riego,41.39,Manzanilla,Reposo,Limoso,Moderado,2.8,291.5,756.0,39.4,72.9,16.7,60.0,134,2.78,10085,0.78,1490,1.15,0.0
OLV_42_0768,Córdoba,Tradicional,Riego,44.34,Hojiblanca,Brotacion,Franco-arcilloso,Malo,2.9,73.0,134.0,136.5,176.5,14.9,66.6,138,0.98,8535,0.83,1134,3.38,0.0
OLV_42_0769,Córdoba,Tradicional,Secano,20.21,Arbequina,Brotacion,Franco-arcilloso,Moderado,4.0,2027.1,379.0,21.8,77.5,18.8,26.8,113,1.07,4773,0.85,1019,0.0,0.0
OLV_42_0770,Jaén,Tradicional,Secano,11.64,Picual,Cuajado,Arcilloso,Moderado,3.4,1228.2,564.0,38.5,129.5,19.4,61.1,125,1.33,5018,0.85,1198,1.11,0.0
OLV_42_0771,Cadiz,Tradicional,Secano,12.73,Arbequina,Cuajado,Arcilloso,Moderado,1.0,1416.0,99.0,86.6,128.4,13.6,56.9,50,0.97,4793,0.89,959,2.03,0.0
OLV_42_0772,Córdoba,Intensivo,Riego,46.69,Picual,Cuajado,Franco,Bueno,1.8,364.6,482.0,88.4,143.4,13.7,30.1,55,2.24,10809,0.89,1542,0.95,0.0
OLV_42_0773,Sevilla,Tradicional,Secano,37.1,Hojiblanca,Reposo,Franco,Malo,4.6,2283.3,176.0,58.0,184.6,11.6,49.6,139,1.21,5491,0.77,1190,1.3,0.0
OLV_42_0774,Cadiz,Intensivo,Riego,40.81,Manzanilla,Reposo,Franco,Malo,4.7,1334.3,86.0,74.2,193.8,19.9,47.5,75,1.63,11460,0.76,1850,2.03,0.0
OLV_42_0775,Cadiz,Tradicional,Secano,47.09,Hojiblanca,Cuajado,Franco-arcilloso,Bueno,3.1,1589.4,99.0,72.4,88.5,22.3,58.7,88,1.18,5009,0.74,1059,1.46,0.0
OLV_42_0776,Jaén,Tradicional,Secano,36.47,Picual,Engorde,Arenoso,Malo,60.0,2252.9,607.0,131.2,380.0,15.8,46.9,143,2.68,5250,0.83,1063,3.65,0.038
OLV_42_0777,Jaén,Intensivo,Secano,35.08,Picual,Cuajado,Franco,Malo,8.0,1040.7,620.0,25.5,30.5,17.6,38.7,138,1.79,6266,0.78,1487,0.0,0.0
OLV_42_0778,Córdoba,Intensivo,Secano,28.26,Cornicabra,Floracion,Franco,Moderado,7.7,928.0,361.0,157.7,380.0,17.2,80.2,143,1.88,6407,0.86,1528,3.21,0.1667
OLV_42_0779,Málaga,Tradicional,Riego,6.25,Hojiblanca,Reposo,Limoso,Bueno,6.7,225.2,225.0,43.5,48.5,22.6,41.6,51,2.97,8835,0.82,1487,0.97,0.0
OLV_42_0780,Granada,Tradicional,Riego,40.79,Arbequina,Cuajado,Franco,Moderado,3.5,1295.2,652.0,72.5,142.5,13.3,51.6,92,1.83,9061,0.87,1324,0.56,0.0
OLV_42_0781,Córdoba,Tradicional,Secano,7.15,Picual,Floracion,Franco,Bueno,1.2,2373.1,240.0,81.2,134.3,11.8,37.9,106,2.2,5672,0.87,1005,1.88,0.0
OLV_42_0782,Jaén,Intensivo,Secano,14.67,Picual,Brotacion,Limoso,Moderado,5.6,220.5,385.0,49.9,76.8,17.1,48.6,48,2.41,6487,0.81,1664,0.1,0.0
OLV_42_0783,Málaga,Tradicional,Secano,14.41,Picual,Floracion,Arcilloso,Moderado,4.9,1926.8,239.0,57.6,194.1,11.4,55.7,68,2.05,5176,0.8,1318,1.08,0.0
OLV_42_0784,Córdoba,Tradicional,Secano,18.13,Hojiblanca,Brotacion,Limoso,Bueno,5.2,1605.9,333.0,132.6,200.9,20.4,54.6,138,2.14,4669,0.8,1083,2.71,0.0
OLV_42_0785,Granada,Tradicional,Secano,23.54,Hojiblanca,Reposo,Limoso,Bueno,1.3,834.1,428.0,90.1,331.2,16.7,72.2,114,0.95,5773,0.84,1044,3.16,0.0
OLV_42_0786,Córdoba,Intensivo,Secano,35.67,Hojiblanca,Floracion,Limoso,Bueno,3.7,2241.7,260.0,39.1,100.6,16.6,33.8,65,2.61,6491,0.83,1376,0.0,0.0
OLV_42_0787,Granada,Intensivo,Secano,11.98,Picual,Floracion,Arenoso,Moderado,4.2,1443.7,569.0,41.5,135.7,15.9,36.6,112,2.25,6280,0.81,1368,0.51,0.0
OLV_42_0788,Jaén,Tradicional,Secano,28.18,Picual,Brotacion,Arcilloso,Moderado,9.7,506.7,519.0,230.4,380.0,10.3,81.2,89,1.87,4687,0.83,1205,3.84,0.0899
OLV_42_0789,Córdoba,Tradicional,Secano,11.09,Manzanilla,Engorde,Arenoso,Moderado,1.9,1878.9,318.0,89.2,260.1,23.0,40.8,58,2.21,4866,0.73,1068,1.07,0.0
OLV_42_0790,Jaén,Tradicional,Secano,34.56,Picual,Cuajado,Arenoso,Bueno,4.5,434.6,592.0,73.0,256.5,19.2,26.4,39,2.43,5361,0.83,1248,2.02,0.0
OLV_42_0791,Jaén,Tradicional,Riego,11.63,Picual,Cuajado,Limoso,Moderado,4.8,1561.7,509.0,192.1,380.0,22.9,61.3,140,1.46,7223,0.8,1383,3.52,0.1639
OLV_42_0792,Cadiz,Intensivo,Secano,20.34,Picual,Engorde,Franco,Malo,7.7,1235.9,229.0,31.8,110.2,14.2,49.6,105,2.7,6575,0.82,1368,0.0,0.0
OLV_42_0793,Málaga,Tradicional,Secano,43.74,Hojiblanca,Floracion,Arcilloso,Bueno,3.7,1136.2,211.0,71.3,242.7,11.6,34.7,111,2.98,5249,0.82,1057,1.47,0.0
OLV_42_0794,Málaga,Tradicional,Secano,41.96,Picual,Cuajado,Franco-arcilloso,Bueno,12.0,273.4,395.0,62.9,215.7,17.4,30.3,90,1.61,5124,0.79,1531,0.0,0.0
OLV_42_0795,Sevilla,Tradicional,Secano,17.3,Hojiblanca,Engorde,Arcilloso,Bueno,1.4,531.5,267.0,143.5,380.0,16.9,76.3,140,1.76,5378,0.75,1289,4.23,0.0892
OLV_42_0796,Jaén,Intensivo,Riego,12.35,Picual,Cuajado,Limoso,Moderado,4.8,861.8,627.0,17.8,57.6,12.7,42.5,140,1.19,11382,0.85,1788,0.44,0.0
OLV_42_0797,Granada,Tradicional,Secano,17.44,Picual,Reposo,Arcilloso,Malo,3.3,327.9,599.0,17.8,34.7,15.0,63.0,34,1.59,5408,0.82,1126,0.42,0.0
OLV_42_0798,Córdoba,Tradicional,Secano,4.26,Picual,Floracion,Franco-arcilloso,Malo,3.1,738.8,267.0,43.5,157.3,20.6,72.4,114,2.15,5545,0.82,822,2.98,0.0
OLV_42_0799,Córdoba,Tradicional,Riego,11.39,Arbequina,Engorde,Franco,Bueno,7.2,628.6,275.0,63.0,166.4,19.1,18.1,146,2.22,8681,0.88,1316,1.24,0.0
OLV_42_0800,Córdoba,Tradicional,Secano,17.05,Picual,Brotacion,Franco-arcilloso,Moderado,2.5,1595.9,251.0,252.2,380.0,15.9,81.4,58,2.83,5352,0.8,1282,5.5,0.12
OLV_42_0801,Málaga,Intensivo,Secano,30.59,Picual,Floracion,Franco-arcilloso,Bueno,2.2,741.8,392.0,59.6,96.5,17.0,52.9,81,2.32,6789,0.87,1449,0.23,0.0
OLV_42_0802,Sevilla,Intensivo,Secano,14.66,Manzanilla,Reposo,Arcilloso,Moderado,2.6,1151.0,188.0,38.5,53.0,12.3,43.4,50,1.06,6591,0.77,1456,0.39,0.0
OLV_42_0803,Granada,Tradicional,Secano,46.01,Hojiblanca,Reposo,Arenoso,Bueno,7.3,1029.6,630.0,77.2,253.7,21.2,36.6,130,2.03,4987,0.78,1247,0.0,0.0
OLV_42_0804,Jaén,Tradicional,Secano,22.48,Picual,Cuajado,Franco,Moderado,3.1,1908.2,408.0,169.8,303.2,10.3,71.8,90,1.84,5561,0.79,1335,3.08,0.1523
OLV_42_0805,Cadiz,Intensivo,Secano,19.32,Hojiblanca,Brotacion,Arenoso,Bueno,0.8,2213.6,152.0,175.7,380.0,14.2,29.9,92,1.59,6249,0.77,1216,1.08,0.0
OLV_42_0806,Jaén,Tradicional,Secano,42.58,Cornicabra,Engorde,Arcilloso,Moderado,4.2,287.9,439.0,162.6,380.0,15.3,82.0,31,1.47,5111,0.77,1249,4.86,0.219
OLV_42_0807,Granada,Tradicional,Secano,10.56,Hojiblanca,Floracion,Franco-arcilloso,Bueno,5.8,1167.6,854.0,59.3,210.9,16.5,41.2,41,1.72,4935,0.81,1033,2.14,0.0
OLV_42_0808,Córdoba,Tradicional,Secano,32.15,Picual,Brotacion,Franco-arcilloso,Moderado,9.3,1364.5,493.0,95.7,333.1,16.9,47.2,85,1.25,5443,0.81,1149,1.79,0.0
OLV_42_0809,Granada,Tradicional,Secano,3.62,Hojiblanca,Floracion,Limoso,Moderado,2.7,635.2,848.0,130.3,380.0,13.7,77.6,58,0.89,4845,0.78,866,4.9,0.328
OLV_42_0810,Córdoba,Tradicional,Riego,49.5,Hojiblanca,Engorde,Arcilloso,Bueno,10.1,1807.2,498.0,68.8,93.8,13.3,42.6,45,1.17,8509,0.8,1521,0.62,0.0
OLV_42_0811,Sevilla,Tradicional,Secano,15.48,Manzanilla,Brotacion,Limoso,Malo,3.5,552.1,48.0,41.1,85.6,14.0,65.6,59,2.69,4890,0.75,1159,0.56,0.0
OLV_42_0812,Málaga,Tradicional,Secano,11.33,Arbequina,Brotacion,Franco,Bueno,6.3,1821.9,338.0,107.1,351.5,10.1,35.5,127,1.96,27610,0.88,1250,1.05,0.0
OLV_42_0813,Cadiz,Intensivo,Riego,32.84,Arbequina,Floracion,Arenoso,Moderado,4.6,616.4,136.0,122.6,380.0,16.0,28.3,70,2.9,10408,0.87,1654,1.61,0.0387
OLV_42_0814,Málaga,Intensivo,Secano,26.07,Manzanilla,Engorde,Limoso,Moderado,0.8,645.6,253.0,219.3,320.0,14.0,51.6,60,1.21,6581,0.75,1386,3.73,0.1645
OLV_42_0815,Jaén,Tradicional,Secano,21.37,Picual,Brotacion,Franco,Malo,2.1,391.1,362.0,153.0,364.5,17.9,63.3,104,0.91,5444,0.79,1200,4.24,0.0827
OLV_42_0816,Sevilla,Superintensivo,Riego,3.11,Manzanilla,Brotacion,Arcilloso,Bueno,0.0,2259.0,177.0,210.8,380.0,16.1,64.7,77,2.05,12000,0.73,1923,3.63,0.1245
OLV_42_0817,Granada,Tradicional,Riego,13.62,Cornicabra,Brotacion,Franco-arcilloso,Moderado,3.6,1536.7,703.0,48.0,180.8,20.6,64.4,75,0.99,8591,0.89,1122,2.0,0.0
OLV_42_0818,Málaga,Intensivo,Secano,15.33,Hojiblanca,Brotacion,Limoso,Bueno,5.8,672.7,262.0,154.0,380.0,11.8,71.9,127,1.49,6333,0.82,1473,3.5,0.0671
OLV_42_0819,Jaén,Tradicional,Secano,37.35,Picual,Engorde,Arenoso,Bueno,5.4,977.5,653.0,158.4,380.0,22.1,38.3,42,1.74,5188,0.82,1149,3.12,0.0
OLV_42_0820,Córdoba,Tradicional,Secano,32.41,Cornicabra,Cuajado,Limoso,Bueno,60.0,1934.6,250.0,83.0,134.6,10.7,26.1,47,1.79,5132,0.9,1111,0.11,0.0
OLV_42_0821,Sevilla,Tradicional,Riego,13.68,Manzanilla,Floracion,Arcilloso,Moderado,1.0,2295.5,37.0,74.0,92.2,17.7,67.9,136,2.62,9365,0.77,1189,1.11,0.0
OLV_42_0822,Granada,Tradicional,Secano,46.59,Picual,Brotacion,Limoso,Bueno,5.7,649.2,541.0,98.3,176.9,17.7,48.2,69,1.61,5889,0.83,1014,1.85,0.0
OLV_42_0823,Jaén,Tradicional,Secano,36.15,Hojiblanca,Engorde,Franco-arcilloso,Malo,3.3,45.8,614.0,62.0,123.5,13.9,71.4,111,1.5,5083,0.81,969,1.41,0.0
OLV_42_0824,Jaén,Tradicional,Secano,40.99,Picual,Reposo,Franco-arcilloso,Bueno,2.4,1834.8,431.0,24.3,52.3,19.3,24.5,114,2.6,5496,0.84,1151,0.54,0.0
OLV_42_0825,Granada,Intensivo,Riego,5.22,Picual,Engorde,Arcilloso,Malo,5.2,653.0,600.0,116.4,250.6,21.2,67.1,79,1.53,11582,0.81,1679,3.87,0.1449
OLV_42_0826,Sevilla,Superintensivo,Secano,25.75,Manzanilla,Floracion,Franco,Malo,4.9,1793.1,257.0,95.1,191.3,15.7,43.8,52,2.58,8541,0.74,1713,1.91,0.0
OLV_42_0827,Córdoba,Intensivo,Riego,33.2,Picual,Brotacion,Arenoso,Bueno,2.8,1102.8,318.0,,12.0,13.9,38.9,67,1.97,10011,0.83,1569,0.0,0.0
OLV_42_0828,Granada,Tradicional,Secano,39.24,Hojiblanca,Floracion,Arcilloso,Bueno,5.8,1061.0,715.0,78.5,167.0,9.8,39.8,60,2.2,5489,0.81,1175,2.28,0.0
OLV_42_0829,Málaga,Tradicional,Secano,17.2,Hojiblanca,Brotacion,Franco,Bueno,8.8,1212.7,207.0,82.7,204.0,22.0,24.8,127,1.31,5496,0.8,1142,0.89,0.0
OLV_42_0830,Sevilla,Tradicional,Riego,41.04,Arbequina,Cuajado,Limoso,Bueno,5.1,1389.4,186.0,128.4,296.4,14.0,52.6,101,2.43,7700,0.88,1310,2.4,0.0308
OLV_42_0831,Jaén,Tradicional,Secano,23.21,Picual,Floracion,Arcilloso,Bueno,2.8,909.3,508.0,41.1,72.4,14.9,39.4,127,3.0,6027,0.79,1065,0.0,0.0
OLV_42_0832,Jaén,Tradicional,Secano,25.73,Picual,Floracion,Franco-arcilloso,Malo,3.3,1503.7,517.0,116.6,241.5,9.0,82.0,142,2.01,26305,0.83,1178,4.09,0.1315
OLV_42_0833,Cadiz,Intensivo,Riego,23.21,Manzanilla,Engorde,Arcilloso,Malo,0.9,1927.4,125.0,38.6,115.3,14.2,48.2,74,0.87,10747,0.78,1446,1.44,0.0
OLV_42_0834,Granada,Tradicional,Secano,44.34,Picual,Floracion,Franco-arcilloso,Bueno,13.0,1577.0,631.0,13.8,32.3,18.8,21.7,54,2.39,5021,0.8,1019,0.0,0.0
OLV_42_0835,Málaga,Tradicional,Riego,4.1,Arbequina,Engorde,Franco,Bueno,3.7,2340.9,308.0,138.5,380.0,13.2,25.7,87,0.82,7971,0.86,1447,2.35,0.0
OLV_42_0836,Cadiz,Intensivo,Riego,41.9,Manzanilla,Floracion,Limoso,Malo,1.2,1915.1,0.0,136.0,296.8,17.7,64.8,53,1.4,11977,0.82,1632,4.33,0.3541
OLV_42_0837,Granada,Tradicional,Riego,30.82,Arbequina,Reposo,Franco,Bueno,7.9,1601.5,603.0,35.0,105.7,14.1,23.2,84,1.36,8656,0.87,1363,0.15,0.0
OLV_42_0838,Málaga,Intensivo,Riego,31.76,Picual,Engorde,Franco,Malo,9.4,1979.8,434.0,127.2,300.9,12.8,58.7,67,1.2,9577,0.83,1667,4.48,0.1128
OLV_42_0839,Jaén,Tradicional,Riego,17.4,Picual,Engorde,Arcilloso,Moderado,8.0,382.7,562.0,89.3,101.9,22.8,72.6,136,2.76,8862,0.74,1364,1.09,0.0
OLV_42_0840,Córdoba,Tradicional,Riego,24.87,Arbequina,Reposo,Franco-arcilloso,Malo,6.9,422.6,267.0,157.8,380.0,20.4,63.0,80,1.87,7416,0.88,1115,3.12,0.0
OLV_42_0841,Córdoba,Tradicional,Secano,16.78,Picual,Reposo,Limoso,Moderado,6.9,747.7,299.0,69.9,169.2,15.4,37.0,96,1.62,5061,0.81,1159,0.0,0.0
OLV_42_0842,Jaén,Tradicional,Secano,37.98,Picual,Cuajado,Arenoso,Bueno,4.8,1965.8,448.0,57.8,161.9,15.8,21.2,37,2.03,5247,0.84,1127,0.0,0.0
OLV_42_0843,Jaén,Tradicional,Riego,36.16,Manzanilla,Engorde,Limoso,Moderado,2.3,939.5,597.0,55.2,230.9,18.0,59.6,30,1.61,8201,0.83,1267,2.45,0.0
OLV_42_0844,Málaga,Intensivo,Secano,39.88,Arbequina,Brotacion,Franco-arcilloso,Malo,7.2,302.4,207.0,86.7,116.7,18.2,78.4,147,2.83,6394,0.83,1382,1.86,0.0
OLV_42_0845,Jaén,Tradicional,Secano,3.07,Picual,Reposo,Limoso,Bueno,1.2,535.9,438.0,63.4,147.9,19.3,43.5,100,1.5,5602,0.82,1060,0.53,0.0
OLV_42_0846,Jaén,Tradicional,Secano,25.39,Picual,Cuajado,Franco,Malo,10.9,1438.1,695.0,75.3,132.8,11.5,31.9,120,0.89,4610,0.8,1344,0.54,0.0
OLV_42_0847,Sevilla,Intensivo,Riego,24.86,Picual,Floracion,Arcilloso,Moderado,1.7,1338.6,98.0,24.0,65.2,13.1,30.7,130,1.67,10825,0.84,1692,0.45,0.0
OLV_42_0848,Cadiz,Tradicional,Secano,43.16,Hojiblanca,Brotacion,Franco-arcilloso,Malo,3.3,144.2,192.0,307.3,380.0,21.1,82.0,74,2.59,5462,0.77,1050,3.87,0.1767
OLV_42_0849,Cadiz,Superintensivo,Riego,11.7,Hojiblanca,Brotacion,Franco,Bueno,0.0,105.0,137.0,80.7,143.4,17.0,72.0,72,2.16,12000,0.72,1819,0.82,0.0
OLV_42_0850,Málaga,Superintensivo,Riego,26.9,Hojiblanca,Reposo,Arenoso,Bueno,8.4,483.0,214.0,75.9,257.0,23.5,33.9,122,2.79,12000,0.8,1899,0.86,0.0
OLV_42_0851,Jaén,Intensivo,Secano,32.24,Picual,Engorde,Arcilloso,Moderado,8.6,1602.1,554.0,82.7,133.0,19.2,47.3,70,2.4,6244,0.83,1682,1.09,0.0
OLV_42_0852,Córdoba,Intensivo,Riego,24.85,Picual,Reposo,Arcilloso,Moderado,6.5,106.0,380.0,295.3,380.0,21.9,75.0,89,1.82,12000,0.85,1732,3.87,0.0795
OLV_42_0853,Córdoba,Tradicional,Secano,24.7,Picual,Reposo,Limoso,Bueno,60.0,731.2,286.0,59.5,145.4,15.1,58.1,147,0.81,5627,0.86,967,0.71,0.0
OLV_42_0854,Jaén,Tradicional,Secano,33.18,Hojiblanca,Engorde,Limoso,Moderado,4.7,1458.7,309.0,70.3,126.8,13.2,31.5,147,2.51,5464,0.82,1060,0.13,0.0
OLV_42_0855,Sevilla,Intensivo,Secano,18.29,Hojiblanca,Engorde,Limoso,Bueno,3.2,78.9,0.0,45.6,97.8,8.0,61.3,146,1.48,7000,0.72,1530,0.72,0.0
OLV_42_0856,Sevilla,Intensivo,Riego,8.55,Manzanilla,Reposo,Arenoso,Moderado,1.3,658.2,140.0,97.0,125.9,13.7,22.3,62,1.28,11969,0.72,1616,1.75,0.0
OLV_42_0857,Jaén,Tradicional,Secano,26.52,Picual,Brotacion,Arcilloso,Malo,19.3,509.8,587.0,275.6,380.0,13.8,73.4,44,0.99,4495,0.88,1480,4.07,0.2085
OLV_42_0858,Jaén,Tradicional,Riego,5.97,Picual,Cuajado,Limoso,Moderado,8.6,268.7,365.0,85.5,96.1,16.1,82.0,105,1.66,9737,0.78,1373,0.4,0.0
OLV_42_0859,Granada,Intensivo,Secano,31.91,Arbequina,Brotacion,Franco,Bueno,9.0,1751.3,724.0,320.0,380.0,16.9,59.8,116,1.02,6608,0.87,1589,4.08,0.0595
OLV_42_0860,Sevilla,Tradicional,Secano,5.02,Cornicabra,Engorde,Arcilloso,Moderado,7.2,2258.7,40.0,156.8,227.5,17.7,69.2,43,2.73,5291,0.79,1052,2.97,0.1679
OLV_42_0861,Córdoba,Tradicional,Riego,26.43,Hojiblanca,Floracion,Arenoso,Malo,3.4,1444.1,182.0,100.5,156.4,10.0,27.8,136,1.93,8276,0.8,1250,1.79,0.0
OLV_42_0862,Jaén,Tradicional,Secano,49.41,Picual,Cuajado,Franco,Bueno,5.8,2278.5,513.0,19.3,42.3,14.1,24.3,96,1.0,5072,0.85,1184,0.1,0.0
OLV_42_0863,Sevilla,Tradicional,Secano,5.14,Manzanilla,Reposo,Arcilloso,Moderado,6.6,926.6,94.0,46.2,109.0,18.1,43.1,144,1.53,4737,0.79,1158,0.92,0.0
OLV_42_0864,Jaén,Intensivo,Secano,49.02,Picual,Reposo,Limoso,Malo,2.9,617.7,589.0,110.9,291.2,12.6,64.8,120,2.41,6554,0.0,1574,3.95,0.0
OLV_42_0865,Cadiz,Superintensivo,Riego,41.58,Manzanilla,Engorde,Franco-arcilloso,Malo,7.3,649.0,25.0,92.7,259.0,8.0,62.6,56,2.49,12000,0.76,2109,3.7,0.0259
OLV_42_0866,Cadiz,Intensivo,Secano,12.0,Picual,Engorde,Limoso,Moderado,2.4,358.2,111.0,36.2,99.5,20.4,61.7,64,1.49,7005,0.81,1534,1.19,0.0
OLV_42_0867,Jaén,Tradicional,Riego,42.34,Picual,Cuajado,Limoso,Moderado,3.8,476.1,537.0,97.9,245.1,20.5,59.7,128,0.96,10126,0.78,1402,4.36,0.0399
OLV_42_0868,Granada,Tradicional,Secano,19.93,Picual,Engorde,Limoso,Moderado,3.6,153.8,675.0,176.8,380.0,18.5,82.0,114,2.92,5402,0.81,1143,4.44,0.1315
OLV_42_0869,Córdoba,Tradicional,Secano,25.97,Hojiblanca,Reposo,Franco-arcilloso,Bueno,3.7,1055.5,285.0,89.5,94.5,14.4,51.0,32,2.09,5259,0.78,1066,0.89,0.0
OLV_42_0870,Cadiz,Tradicional,Secano,49.85,Picual,Floracion,Franco-arcilloso,Moderado,2.0,604.2,41.0,50.8,93.4,18.8,59.6,30,2.09,5498,0.84,1320,1.46,0.0
OLV_42_0871,Jaén,Tradicional,Secano,27.5,Hojiblanca,Engorde,Franco-arcilloso,Malo,12.2,317.8,426.0,52.5,150.5,15.6,71.2,44,0.98,4703,0.79,1443,1.96,0.0
OLV_42_0872,Granada,Tradicional,Secano,49.03,Hojiblanca,Engorde,Limoso,Bueno,3.3,63.5,664.0,33.8,129.7,19.8,40.4,107,2.1,5145,0.72,1093,0.67,0.0
OLV_42_0873,Málaga,Intensivo,Riego,19.45,Hojiblanca,Brotacion,Arcilloso,Malo,13.9,1659.2,410.0,47.4,155.1,19.3,41.6,60,0.85,11056,0.8,1627,1.03,0.0
OLV_42_0874,Granada,Tradicional,Secano,4.61,Picual,Brotacion,Limoso,Moderado,15.7,671.4,537.0,116.7,349.5,15.2,80.0,97,1.81,4909,0.81,1552,2.35,0.0223
OLV_42_0875,Córdoba,Tradicional,Secano,46.12,Hojiblanca,Engorde,Franco,Malo,7.0,1089.9,400.0,68.6,140.4,12.7,62.8,143,1.24,5562,0.74,1045,1.55,0.0
OLV_42_0876,Cadiz,Intensivo,Riego,8.87,Picual,Cuajado,Franco,Moderado,4.4,636.7,153.0,38.3,115.8,18.4,29.0,66,1.14,12000,0.82,1838,0.0,0.0
OLV_42_0877,Sevilla,Intensivo,Riego,20.26,Hojiblanca,Engorde,Limoso,Malo,0.7,482.7,108.0,194.1,380.0,13.7,82.0,88,1.83,12000,0.77,1618,3.76,0.2088
OLV_42_0878,Jaén,Tradicional,Secano,20.03,Hojiblanca,Engorde,Arcilloso,Bueno,6.8,1101.6,537.0,21.0,55.9,22.9,20.9,102,1.91,4915,0.81,1173,0.0,0.0
OLV_42_0879,Granada,Tradicional,Secano,34.6,Cornicabra,Brotacion,Limoso,Malo,4.3,1640.8,761.0,73.5,137.5,17.2,44.4,130,1.09,5066,0.89,1374,1.61,0.0
OLV_42_0880,Córdoba,Tradicional,Riego,33.78,Cornicabra,Cuajado,Arcilloso,Moderado,1.8,913.7,348.0,110.4,286.0,13.3,55.5,48,2.63,8327,0.86,1266,4.64,0.1464
OLV_42_0881,Granada,Tradicional,Riego,35.58,Picual,Engorde,Arcilloso,Bueno,3.0,1757.6,759.0,52.6,174.2,18.4,36.8,52,1.85,9550,0.82,1421,0.77,0.0
OLV_42_0882,Sevilla,Intensivo,Secano,45.24,Arbequina,Cuajado,Franco-arcilloso,Malo,5.5,943.6,158.0,36.9,135.4,17.2,43.3,77,2.27,5961,0.88,1400,0.97,0.0
OLV_42_0883,Córdoba,Superintensivo,Secano,42.17,Picual,Cuajado,Arenoso,Malo,10.1,297.2,246.0,275.0,350.5,14.5,54.2,68,2.67,8794,0.84,1768,2.6,0.1897
OLV_42_0884,Cadiz,Tradicional,Secano,11.94,Manzanilla,Floracion,Franco,Malo,5.2,1171.9,0.0,55.8,156.0,17.5,58.7,131,2.19,4980,0.76,1145,1.61,0.0
OLV_42_0885,Málaga,Superintensivo,Riego,38.48,Hojiblanca,Engorde,Franco,Moderado,3.2,652.1,418.0,67.0,131.0,18.2,34.6,137,2.3,12000,0.76,1710,0.79,0.0
OLV_42_0886,Jaén,Tradicional,Secano,49.87,Picual,Reposo,Arcilloso,Bueno,5.2,731.0,426.0,85.0,117.0,18.5,54.0,103,2.51,5488,0.87,1068,1.47,0.0
OLV_42_0887,Córdoba,Tradicional,Secano,26.43,Picual,Reposo,Limoso,Moderado,7.7,2110.3,345.0,20.6,25.6,16.7,25.9,91,1.31,5516,0.88,1146,0.0,0.0
OLV_42_0888,Jaén,Tradicional,Secano,18.65,Picual,Brotacion,Arenoso,Moderado,7.0,290.7,620.0,43.7,64.3,14.1,35.6,97,1.64,5190,0.84,1170,0.74,0.0
OLV_42_0889,Jaén,Intensivo,Riego,15.21,Picual,Engorde,Arcilloso,Moderado,4.9,31.9,603.0,10.8,27.6,16.9,29.1,122,0.8,11584,0.85,1541,0.24,0.0
OLV_42_0890,Granada,Tradicional,Secano,37.5,Picual,Brotacion,Arenoso,Bueno,8.0,1671.9,540.0,33.4,38.4,12.9,27.2,102,2.21,5202,0.83,1411,0.0,0.0
OLV_42_0891,Málaga,Tradicional,Secano,11.99,Hojiblanca,Floracion,Franco,Moderado,5.8,1291.9,136.0,144.1,380.0,13.8,62.7,75,1.35,5220,0.77,1127,4.08,0.191
OLV_42_0892,Sevilla,Intensivo,Riego,32.39,Hojiblanca,Floracion,Arenoso,Moderado,1.0,112.6,388.0,45.6,142.8,16.0,30.0,47,1.97,10171,0.76,1673,1.51,0.0
OLV_42_0893,Córdoba,Intensivo,Secano,45.35,Picual,Reposo,Franco-arcilloso,Moderado,45.0,544.8,380.0,182.3,333.9,17.2,65.7,74,1.1,6586,0.82,1339,3.43,0.0651
OLV_42_0894,Sevilla,Tradicional,Secano,47.43,Arbequina,Engorde,Franco,Bueno,8.3,300.0,207.0,58.7,176.3,14.4,22.8,36,0.96,4956,0.82,1415,0.0,0.0
OLV_42_0895,Córdoba,Tradicional,Riego,14.29,Picual,Brotacion,Franco,Moderado,2.8,2374.1,286.0,150.4,380.0,21.0,53.9,113,2.52,9062,0.79,1268,2.78,0.0
OLV_42_0896,Jaén,Intensivo,Secano,9.36,Picual,Engorde,Arcilloso,Moderado,9.5,620.7,525.0,139.3,380.0,17.2,66.8,136,0.86,6664,0.82,1607,3.73,0.1302
OLV_42_0897,Jaén,Tradicional,Riego,40.58,Picual,Floracion,Franco,Malo,9.0,2252.0,498.0,226.5,376.4,12.1,82.0,93,2.82,9043,0.78,1509,2.76,0.2314
OLV_42_0898,Jaén,Tradicional,Secano,48.67,Picual,Floracion,Limoso,Malo,3.4,30.8,704.0,203.7,380.0,16.7,82.0,49,2.9,5139,0.86,1430,4.92,0.3705
OLV_42_0899,Granada,Tradicional,Secano,27.61,Hojiblanca,Floracion,Limoso,Bueno,2.1,1607.6,809.0,63.7,200.7,11.0,36.2,87,2.99,5435,0.78,980,1.8,0.0
OLV_42_0900,Málaga,Tradicional,Secano,33.73,Arbequina,Engorde,Franco,Bueno,1.1,1056.9,213.0,92.1,113.9,22.2,37.4,83,2.73,5095,0.91,1124,0.55,0.0
OLV_42_0901,Jaén,Tradicional,Secano,48.13,Picual,Cuajado,Franco,Moderado,4.4,351.3,708.0,25.2,87.1,14.8,42.6,60,0.93,5079,0.77,1252,0.86,0.0
OLV_42_0902,Granada,Tradicional,Secano,43.34,Picual,Cuajado,Limoso,Malo,10.4,1438.1,829.0,43.9,52.2,14.3,31.5,80,2.58,5136,0.85,1119,0.0,0.0
OLV_42_0903,Granada,Intensivo,Secano,11.51,Picual,Floracion,Limoso,Bueno,3.7,1465.7,541.0,86.8,110.4,20.2,52.5,141,0.96,6515,0.85,1599,1.51,0.0
OLV_42_0904,Jaén,Tradicional,Secano,48.81,Picual,Cuajado,Franco,Moderado,4.8,1979.0,474.0,46.6,182.3,20.1,35.5,40,2.8,5482,0.83,1176,1.64,0.0
OLV_42_0905,Málaga,Tradicional,Riego,40.28,Hojiblanca,Floracion,Arenoso,Malo,4.1,503.5,126.0,36.0,76.9,19.3,48.4,96,2.72,9318,0.82,1437,0.58,0.0
OLV_42_0906,Sevilla,Intensivo,Riego,31.22,Picual,Brotacion,Limoso,Bueno,7.0,345.0,135.0,75.7,244.6,14.7,49.3,72,2.35,12000,0.8,1886,2.58,0.0
OLV_42_0907,Jaén,Tradicional,Secano,49.37,Picual,Brotacion,Arcilloso,Malo,10.8,287.0,468.0,129.7,137.2,12.1,82.0,120,2.27,5109,0.8,1331,2.61,0.0
OLV_42_0908,Sevilla,Tradicional,Riego,9.34,Picual,Cuajado,Franco-arcilloso,Bueno,2.3,1744.1,52.0,28.4,46.5,13.7,42.9,46,2.57,10180,0.89,1083,0.0,0.0
OLV_42_0909,Granada,Intensivo,Secano,38.53,Arbequina,Cuajado,Limoso,Bueno,4.4,2314.0,690.0,78.4,132.1,13.2,25.9,67,1.31,6349,0.89,1515,0.55,0.0
OLV_42_0910,Jaén,Intensivo,Riego,25.46,Picual,Brotacion,Limoso,Moderado,3.8,426.9,469.0,114.4,241.2,20.5,59.9,95,1.12,12000,0.86,1580,2.42,0.0135
OLV_42_0911,Málaga,Tradicional,Secano,27.49,Hojiblanca,Cuajado,Arcilloso,Moderado,8.2,2308.1,333.0,102.8,185.8,22.0,36.4,90,1.69,5045,0.82,1101,1.4,0.0
OLV_42_0912,Córdoba,Tradicional,Secano,30.11,Arbequina,Engorde,Arenoso,Malo,5.9,2275.2,250.0,66.8,76.2,15.0,36.2,52,1.47,4549,0.9,1344,0.22,0.0
OLV_42_0913,Córdoba,Tradicional,Riego,15.67,Picual,Cuajado,Arcilloso,Moderado,9.5,119.3,326.0,219.3,380.0,11.3,80.7,80,1.25,9157,0.83,1292,3.96,0.2786
OLV_42_0914,Córdoba,Tradicional,Secano,9.33,Picual,Cuajado,Franco,Malo,4.0,1196.4,177.0,50.0,94.3,14.0,50.6,94,1.92,5594,0.82,1208,0.34,0.0
OLV_42_0915,Sevilla,Intensivo,Secano,25.31,Manzanilla,Reposo,Franco-arcilloso,Bueno,15.7,699.8,153.0,40.3,58.6,11.4,31.3,56,2.46,5810,0.73,1724,0.05,0.0
OLV_42_0916,Jaén,Intensivo,Riego,12.6,Hojiblanca,Brotacion,Limoso,Bueno,4.8,1022.4,520.0,43.2,63.0,12.6,40.8,114,1.95,11237,0.8,1665,0.0,0.0
OLV_42_0917,Sevilla,Tradicional,Riego,35.75,Manzanilla,Engorde,Franco-arcilloso,Malo,6.2,2196.1,186.0,285.4,380.0,17.6,72.1,134,1.63,8035,0.74,1250,3.61,0.1389
OLV_42_0918,Granada,Intensivo,Secano,13.64,Picual,Floracion,Franco-arcilloso,Moderado,6.0,595.3,682.0,253.8,380.0,20.0,71.9,84,1.17,6644,0.84,1464,4.71,0.4224
OLV_42_0919,Málaga,Intensivo,Riego,13.99,Picual,Cuajado,Arcilloso,Moderado,5.1,1752.9,413.0,58.6,161.4,19.4,37.7,61,1.89,11949,0.8,1780,1.5,0.0
OLV_42_0920,Jaén,Tradicional,Riego,24.48,Picual,Cuajado,Arcilloso,Malo,5.3,98.0,575.0,228.8,380.0,12.8,77.7,59,2.09,9989,0.84,1387,4.53,0.3903
OLV_42_0921,Jaén,Intensivo,Secano,11.73,Picual,Reposo,Limoso,Moderado,6.1,884.6,566.0,77.0,248.8,21.3,54.9,50,2.58,6211,0.76,1665,2.32,0.0
OLV_42_0922,Córdoba,Tradicional,Secano,5.5,Hojiblanca,Brotacion,Arenoso,Moderado,5.0,140.6,403.0,150.8,244.8,16.9,34.4,145,1.93,5271,0.79,1307,2.04,0.0
OLV_42_0923,Córdoba,Intensivo,Secano,15.4,Picual,Cuajado,Franco-arcilloso,Bueno,3.5,266.2,591.0,63.9,243.9,18.6,69.1,103,2.15,6889,0.86,1511,2.28,0.0
OLV_42_0924,Málaga,Intensivo,Riego,23.82,Picual,Engorde,Franco,Moderado,20.8,278.1,256.0,89.7,301.0,14.9,37.3,111,1.97,10985,0.79,2135,1.71,0.0
OLV_42_0925,Jaén,Tradicional,Riego,26.19,Hojiblanca,Reposo,Franco-arcilloso,Malo,15.9,893.7,477.0,122.7,240.0,12.8,75.4,56,2.71,8721,0.82,1634,4.51,0.0
OLV_42_0926,Sevilla,Superintensivo,Secano,11.58,Manzanilla,Cuajado,Arcilloso,Moderado,1.4,91.7,153.0,103.0,254.9,19.0,81.8,95,0.97,8440,0.75,1809,2.72,0.1594
OLV_42_0927,Jaén,Intensivo,Secano,29.82,Picual,Reposo,Franco-arcilloso,Malo,2.8,714.2,494.0,33.2,72.4,17.3,53.4,124,1.98,6647,0.87,1316,1.28,0.0
OLV_42_0928,Jaén,Tradicional,Secano,39.03,Picual,Brotacion,Limoso,Moderado,7.9,1423.7,335.0,44.4,49.4,24.0,32.1,85,1.28,5447,0.82,1056,0.0,0.0
OLV_42_0929,Córdoba,Intensivo,Secano,37.29,Picual,Engorde,Arenoso,Malo,1.3,832.7,228.0,19.0,39.2,12.7,45.4,138,0.84,7155,0.83,1453,0.0,0.0
OLV_42_0930,Granada,Intensivo,Secano,24.48,Cornicabra,Cuajado,Limoso,Bueno,9.0,1843.2,688.0,139.7,380.0,15.2,52.5,141,1.78,6533,0.82,1406,3.17,0.0993
OLV_42_0931,Jaén,Tradicional,Secano,29.51,Picual,Cuajado,Franco-arcilloso,Bueno,2.3,925.7,450.0,55.7,145.7,17.0,30.2,31,2.06,5794,0.75,1223,0.48,0.0
OLV_42_0932,Sevilla,Tradicional,Secano,4.04,Manzanilla,Engorde,Franco,Malo,10.3,969.4,126.0,73.8,299.5,15.4,61.8,50,1.01,5013,0.75,1371,1.9,0.0
OLV_42_0933,Jaén,Tradicional,Secano,7.15,Picual,Brotacion,Limoso,Bueno,3.1,1780.3,384.0,113.6,286.6,20.7,41.5,86,2.53,5606,0.82,1216,2.12,0.0
OLV_42_0934,Jaén,Intensivo,Riego,29.16,Picual,Engorde,Franco,Bueno,2.5,2360.6,547.0,69.6,258.8,15.6,18.9,140,2.33,11924,0.8,1498,0.34,0.0
OLV_42_0935,Jaén,Intensivo,Secano,13.33,Hojiblanca,Engorde,Arcilloso,Moderado,4.9,1666.9,484.0,52.7,68.3,8.9,43.8,112,2.11,6926,0.78,1336,0.67,0.0
OLV_42_0936,Jaén,Tradicional,Secano,3.97,Picual,Brotacion,Arcilloso,Malo,9.2,1731.9,528.0,51.2,110.6,21.1,38.6,79,2.29,5363,0.8,1239,0.34,0.0
OLV_42_0937,Granada,Intensivo,Secano,12.61,Picual,Cuajado,Limoso,Bueno,4.5,1937.6,775.0,152.5,247.1,19.7,48.3,47,1.72,6773,0.85,1283,3.97,0.0898
OLV_42_0938,Granada,Intensivo,Riego,12.36,Picual,Cuajado,Arenoso,Bueno,3.9,1201.6,549.0,35.1,109.0,18.1,24.4,36,2.02,9485,0.81,1777,0.49,0.0
OLV_42_0939,Córdoba,Tradicional,Secano,31.73,Arbequina,Brotacion,Arenoso,Moderado,4.9,230.0,243.0,207.4,379.5,16.3,43.5,139,2.19,5187,0.88,1175,3.28,0.0
OLV_42_0940,Jaén,Tradicional,Secano,6.76,Picual,Cuajado,Limoso,Malo,5.2,225.5,456.0,77.2,82.2,13.5,82.0,79,1.04,4840,0.82,1153,2.17,0.0
OLV_42_0941,Córdoba,Tradicional,Secano,6.49,Picual,Engorde,Arenoso,Moderado,1.0,481.6,326.0,206.2,380.0,16.7,61.0,119,2.92,5339,0.8,891,3.39,0.0789
OLV_42_0942,Jaén,Tradicional,Secano,11.32,Picual,Engorde,Franco,Bueno,7.6,523.1,533.0,104.6,295.9,23.0,44.7,111,2.43,5471,0.79,1232,1.84,0.0
OLV_42_0943,Córdoba,Tradicional,Riego,38.83,Hojiblanca,Reposo,Arcilloso,Moderado,3.5,170.8,242.0,48.7,79.7,17.0,74.8,139,1.95,7702,0.74,1164,1.08,0.0
OLV_42_0944,Jaén,Tradicional,Secano,47.44,Cornicabra,Cuajado,Franco-arcilloso,Bueno,8.7,1653.2,545.0,111.3,375.8,18.3,48.3,96,1.77,5603,0.86,1037,2.45,0.0147
OLV_42_0945,Córdoba,Tradicional,Riego,30.82,Picual,Engorde,Franco,Malo,4.7,1086.3,358.0,47.9,175.1,24.3,34.3,36,1.76,8362,0.88,1476,1.6,0.0
OLV_42_0946,Jaén,Tradicional,Secano,26.97,Picual,Reposo,Arcilloso,Malo,3.9,480.6,431.0,209.0,380.0,16.4,82.0,53,2.53,5548,0.79,1054,5.5,0.0647
OLV_42_0947,Córdoba,Intensivo,Secano,39.29,Manzanilla,Engorde,Arcilloso,Bueno,13.4,559.7,427.0,66.0,216.9,15.6,30.5,136,1.75,6255,0.75,1499,0.0,0.0
OLV_42_0948,Granada,Tradicional,Secano,28.12,Picual,Reposo,Limoso,Malo,3.9,76.1,589.0,92.5,258.0,20.4,75.3,135,1.04,4921,0.75,1025,1.37,0.0
OLV_42_0949,Sevilla,Tradicional,Secano,44.75,Manzanilla,Brotacion,Franco,Moderado,14.2,2022.9,155.0,,211.1,12.9,52.7,99,1.1,4683,0.76,1319,3.22,0.0
OLV_42_0950,Málaga,Superintensivo,Riego,24.03,Hojiblanca,Reposo,Arcilloso,Moderado,1.3,375.1,247.0,145.1,380.0,16.1,72.1,68,1.95,12000,0.8,1876,4.34,0.0266
OLV_42_0951,Granada,Tradicional,Secano,43.27,Hojiblanca,Floracion,Franco-arcilloso,Bueno,21.9,427.4,820.0,226.7,380.0,14.8,68.1,99,2.2,4714,0.78,1424,2.81,0.1497
OLV_42_0952,Granada,Tradicional,Secano,41.36,Picual,Engorde,Arenoso,Moderado,3.6,1712.4,660.0,111.7,161.7,16.3,28.0,88,0.85,5057,0.79,1245,1.68,0.0
OLV_42_0953,Córdoba,Tradicional,Secano,27.27,Picual,Floracion,Limoso,Bueno,12.0,405.8,191.0,89.5,153.1,12.7,48.1,79,2.57,5198,0.76,1421,1.39,0.0
OLV_42_0954,Granada,Superintensivo,Riego,12.08,Hojiblanca,Floracion,Limoso,Moderado,6.7,995.2,483.0,19.2,51.7,21.8,30.2,44,1.31,12000,0.75,1969,0.26,0.0
OLV_42_0955,Jaén,Tradicional,Riego,22.06,Hojiblanca,Engorde,Arcilloso,Moderado,9.6,410.8,562.0,207.4,380.0,18.5,80.3,98,0.94,8403,0.79,1605,4.29,0.158
OLV_42_0956,Granada,Intensivo,Riego,42.62,Hojiblanca,Brotacion,Arcilloso,Malo,3.2,282.5,654.0,201.8,330.1,16.8,78.4,137,2.34,12000,0.81,1771,5.34,0.0948
OLV_42_0957,Jaén,Intensivo,Riego,37.84,Picual,Cuajado,Limoso,Malo,9.6,684.4,578.0,89.7,225.6,21.5,67.3,108,1.22,10560,0.81,1881,3.24,0.0862
OLV_42_0958,Málaga,Tradicional,Riego,24.17,Picual,Engorde,Limoso,Moderado,7.1,1570.0,346.0,71.8,117.4,14.6,66.4,56,2.94,9013,0.8,1214,1.16,0.0
OLV_42_0959,Córdoba,Intensivo,Riego,41.87,Picual,Engorde,Franco-arcilloso,Malo,5.3,1260.3,401.0,50.5,71.4,12.5,67.7,67,1.19,10819,0.85,1752,1.05,0.0
OLV_42_0960,Córdoba,Tradicional,Riego,30.3,Picual,Engorde,Limoso,Malo,2.4,1477.6,240.0,60.3,65.7,10.4,59.0,36,2.15,9107,0.81,1368,1.8,0.0
OLV_42_0961,Málaga,Tradicional,Riego,42.81,Picual,Cuajado,Arcilloso,Bueno,12.0,816.4,335.0,65.0,130.0,11.2,46.7,73,1.87,8650,0.87,1342,1.03,0.0
OLV_42_0962,Jaén,Tradicional,Secano,17.28,Picual,Reposo,Franco,Moderado,7.7,295.7,609.0,116.2,182.0,16.3,78.3,31,2.0,5179,0.83,1375,2.93,0.0
OLV_42_0963,Córdoba,Tradicional,Riego,18.3,Picual,Cuajado,Arcilloso,Malo,4.3,1522.4,234.0,40.8,62.2,17.8,47.6,31,0.81,8176,0.87,1404,1.41,0.0
OLV_42_0964,Córdoba,Intensivo,Secano,29.19,Cornicabra,Engorde,Arcilloso,Malo,7.4,2118.5,107.0,83.5,216.4,17.7,70.2,59,1.48,7032,0.84,1427,3.83,0.0
OLV_42_0965,Málaga,Tradicional,Secano,10.02,Arbequina,Brotacion,Arcilloso,Malo,9.1,512.6,103.0,156.5,380.0,17.8,82.0,47,2.41,4988,0.9,1041,3.8,0.1172
OLV_42_0966,Granada,Intensivo,Secano,36.87,Picual,Floracion,Limoso,Moderado,3.4,1745.2,627.0,59.4,155.3,17.5,46.1,49,1.32,6392,0.84,1640,0.76,0.0
OLV_42_0967,Granada,Tradicional,Riego,44.74,Picual,Engorde,Limoso,Moderado,4.9,1905.4,458.0,179.4,380.0,17.8,58.7,40,1.65,8462,0.79,1134,2.97,0.1142
OLV_42_0968,Sevilla,Tradicional,Secano,23.7,Hojiblanca,Reposo,Arcilloso,Moderado,6.2,488.6,208.0,189.4,380.0,17.3,82.0,38,1.03,5226,0.8,1293,4.05,0.0188
OLV_42_0969,Córdoba,Tradicional,Secano,46.34,Picual,Cuajado,Franco,Moderado,1.4,2071.7,411.0,17.3,37.3,12.9,48.5,104,2.42,5858,0.85,1066,0.15,0.0
OLV_42_0970,Málaga,Superintensivo,Riego,28.75,Hojiblanca,Cuajado,Limoso,Moderado,4.4,670.3,253.0,86.2,91.2,15.9,72.3,146,0.83,12000,0.77,2092,1.46,0.0
OLV_42_0971,Córdoba,Tradicional,Riego,41.21,Picual,Cuajado,Arenoso,Moderado,4.6,1267.8,496.0,65.0,215.2,12.7,26.9,51,1.17,8164,0.8,1408,1.11,0.0
OLV_42_0972,Jaén,Tradicional,Secano,43.71,Picual,Floracion,Limoso,Bueno,3.9,1887.9,642.0,35.5,111.0,22.8,33.2,131,1.77,5202,0.79,1174,0.0,0.0
OLV_42_0973,Córdoba,Intensivo,Riego,27.23,Hojiblanca,Engorde,Limoso,Bueno,2.0,995.2,342.0,85.6,274.1,14.9,37.6,94,0.86,10642,0.89,1816,1.3,0.0
OLV_42_0974,Málaga,Intensivo,Riego,8.02,Hojiblanca,Floracion,Franco-arcilloso,Moderado,12.7,260.7,220.0,202.3,380.0,19.6,58.1,56,2.58,11402,0.82,1777,3.75,0.2611
OLV_42_0975,Sevilla,Tradicional,Secano,45.79,Manzanilla,Engorde,Franco,Moderado,5.5,667.1,151.0,89.7,160.8,16.2,53.9,137,1.52,5187,0.8,1098,1.69,0.0
OLV_42_0976,Córdoba,Tradicional,Secano,40.46,Picual,Engorde,Franco,Moderado,9.9,1016.1,212.0,24.9,42.9,10.9,37.7,122,2.46,5223,0.83,1185,0.16,0.0
OLV_42_0977,Málaga,Intensivo,Riego,9.99,Hojiblanca,Engorde,Arenoso,Malo,7.2,1408.3,237.0,36.7,61.2,19.0,28.2,69,1.86,10381,0.82,1527,0.52,0.0
OLV_42_0978,Jaén,Tradicional,Secano,19.33,Picual,Reposo,Arenoso,Malo,3.0,1282.1,638.0,172.3,331.1,16.6,47.3,145,2.9,5574,0.82,1152,4.37,0.0
OLV_42_0979,Granada,Tradicional,Secano,16.1,Picual,Cuajado,Limoso,Moderado,4.2,52.7,653.0,305.6,380.0,18.8,65.2,76,2.62,5448,0.8,987,5.25,0.2318
OLV_42_0980,Jaén,Tradicional,Secano,17.02,Picual,Floracion,Franco-arcilloso,Moderado,7.9,460.6,642.0,171.2,222.9,15.9,68.1,86,1.25,5197,0.8,1106,2.89,0.193
OLV_42_0981,Jaén,Tradicional,Riego,31.56,Picual,Reposo,Arenoso,Malo,2.1,948.0,613.0,252.2,380.0,23.2,53.4,32,1.08,8073,0.84,1320,3.86,0.0243
OLV_42_0982,Jaén,Tradicional,Secano,8.04,Picual,Reposo,Franco-arcilloso,Moderado,9.0,725.5,683.0,47.0,177.1,15.4,41.7,48,0.93,5875,0.89,1366,0.69,0.0
OLV_42_0983,Jaén,Intensivo,Riego,21.27,Picual,Cuajado,Franco,Bueno,13.6,172.8,398.0,140.8,356.5,20.2,44.4,84,1.88,10922,0.78,1649,2.23,0.0329
OLV_42_0984,Málaga,Intensivo,Riego,45.01,Manzanilla,Engorde,Franco-arcilloso,Malo,4.4,766.4,445.0,80.8,88.1,19.7,62.8,89,2.03,12000,0.73,1734,1.44,0.0
OLV_42_0985,Jaén,Tradicional,Riego,6.62,Picual,Engorde,Arenoso,Moderado,9.3,33.4,666.0,76.0,110.2,13.8,24.6,30,2.59,8447,0.79,1545,1.04,0.0
OLV_42_0986,Cadiz,Tradicional,Secano,24.31,Arbequina,Floracion,Franco,Bueno,12.4,1325.9,158.0,65.3,149.8,21.2,29.0,146,1.15,5078,0.85,1310,0.95,0.0
OLV_42_0987,Jaén,Tradicional,Secano,16.45,Picual,Cuajado,Franco-arcilloso,Bueno,1.9,741.8,594.0,67.6,217.3,17.6,59.5,142,0.86,5506,0.83,1012,2.04,0.0
OLV_42_0988,Córdoba,Tradicional,Secano,14.04,Picual,Reposo,Arenoso,Malo,7.6,581.2,323.0,39.2,87.5,18.0,43.1,75,1.41,5290,0.84,1212,0.54,0.0
OLV_42_0989,Sevilla,Tradicional,Riego,48.6,Arbequina,Brotacion,Franco,Bueno,3.5,1415.8,94.0,171.9,339.1,21.7,50.5,123,1.89,7890,0.86,1178,2.09,0.0324
OLV_42_0990,Jaén,Intensivo,Secano,20.02,Picual,Brotacion,Franco,Bueno,6.5,1746.9,539.0,24.8,70.9,18.1,18.8,81,1.14,6256,0.81,1545,0.02,0.0
OLV_42_0991,Córdoba,Tradicional,Secano,14.18,Hojiblanca,Floracion,Arenoso,Moderado,16.7,1961.5,297.0,198.2,380.0,8.0,32.9,54,2.26,5094,0.79,1386,1.94,0.0518
OLV_42_0992,Córdoba,Intensivo,Secano,16.49,Hojiblanca,Brotacion,Franco,Moderado,2.9,2379.7,231.0,44.3,104.7,14.0,31.6,108,1.64,7006,0.8,1319,0.79,0.0
OLV_42_0993,Sevilla,Tradicional,Secano,2.18,Hojiblanca,Reposo,Arenoso,Malo,3.8,1077.1,181.0,164.5,323.6,12.7,34.3,108,1.84,5517,0.81,882,3.23,0.0
OLV_42_0994,Málaga,Intensivo,Riego,21.22,Hojiblanca,Floracion,Arcilloso,Moderado,6.4,474.4,299.0,239.7,292.9,13.8,60.1,70,1.83,10635,0.84,1695,4.75,0.2569
OLV_42_0995,Jaén,Tradicional,Secano,8.89,Picual,Brotacion,Franco,Bueno,8.0,2301.3,384.0,34.8,55.3,17.8,18.0,65,2.13,4809,0.0,1238,0.87,0.0
OLV_42_0996,Jaén,Tradicional,Secano,44.23,Picual,Brotacion,Arenoso,Moderado,5.3,1312.7,467.0,112.0,151.2,18.0,30.7,41,2.46,5102,0.82,1202,2.35,0.0
OLV_42_0997,Jaén,Tradicional,Riego,34.54,Picual,Brotacion,Arenoso,Bueno,3.5,701.1,627.0,63.2,91.3,12.3,25.5,34,2.4,8592,0.79,1283,0.08,0.0
OLV_42_0998,Granada,Tradicional,Riego,26.42,Hojiblanca,Reposo,Franco,Malo,9.2,1717.4,557.0,88.9,192.4,16.9,52.7,138,1.01,8810,0.8,1455,1.56,0.0
OLV_42_0999,Jaén,Tradicional,Secano,25.76,Hojiblanca,Engorde,Franco,Bueno,5.8,1756.8,456.0,123.7,295.7,15.8,37.5,115,2.13,4714,0.82,1197,1.09,0.0
OLV_42_1000,Sevilla,Intensivo,Riego,12.33,Hojiblanca,Reposo,Arcilloso,Bueno,5.9,265.4,155.0,75.5,130.5,19.4,51.1,47,1.77,11216,0.8,1729,1.75,0.0
OLV_42_1001,Jaén,Tradicional,Riego,15.5,Picual,Engorde,Arcilloso,Bueno,10.6,2068.5,459.0,13.4,20.6,17.1,34.6,36,1.09,9303,0.83,1574,0.44,0.0
OLV_42_1002,Jaén,Tradicional,Secano,28.77,Arbequina,Cuajado,Arcilloso,Moderado,12.3,992.6,352.0,77.3,224.3,21.3,58.3,114,1.29,5121,0.88,1080,1.31,0.0
OLV_42_1003,Jaén,Tradicional,Secano,8.77,Picual,Cuajado,Franco,Moderado,3.0,367.8,520.0,38.5,116.0,18.7,59.6,31,1.87,5255,0.83,1099,1.76,0.0
OLV_42_1004,Cadiz,Tradicional,Secano,30.55,Picual,Cuajado,Arenoso,Bueno,3.6,1814.0,91.0,101.6,114.3,22.6,28.1,81,0.8,5059,0.77,892,0.46,0.0
OLV_42_1005,Sevilla,Tradicional,Secano,49.99,Hojiblanca,Floracion,Arcilloso,Malo,5.9,2263.5,178.0,123.9,350.0,17.4,78.1,79,1.53,5321,0.81,1208,3.88,0.2397
OLV_42_1006,Jaén,Tradicional,Secano,45.53,Arbequina,Floracion,Franco-arcilloso,Bueno,2.9,852.4,583.0,37.3,104.0,18.1,36.7,132,1.5,5184,0.84,1325,0.0,0.0
OLV_42_1007,Jaén,Tradicional,Secano,35.02,Picual,Cuajado,Arenoso,Bueno,5.1,1712.9,551.0,15.8,44.0,12.2,30.7,70,0.99,5586,0.8,1058,0.0,0.0
OLV_42_1008,Córdoba,Intensivo,Secano,42.41,Picual,Floracion,Arenoso,Moderado,5.0,1356.1,444.0,202.5,272.9,13.1,31.8,73,2.93,6557,0.84,1537,2.72,0.0408
OLV_42_1009,Sevilla,Tradicional,Secano,13.0,Hojiblanca,Reposo,Arcilloso,Malo,4.0,1673.6,16.0,108.3,334.9,15.8,82.0,77,2.29,5527,0.83,1081,3.95,0.0
OLV_42_1010,Córdoba,Intensivo,Riego,14.77,Hojiblanca,Cuajado,Arcilloso,Moderado,5.9,1128.9,364.0,89.3,332.8,18.8,82.0,65,2.45,11708,0.85,1659,2.55,0.0717
OLV_42_1011,Jaén,Intensivo,Secano,28.94,Picual,Floracion,Arcilloso,Bueno,0.8,2339.6,641.0,11.2,23.4,14.3,35.1,134,2.86,6807,0.77,1522,0.07,0.0
OLV_42_1012,Jaén,Intensivo,Riego,22.86,Picual,Engorde,Limoso,Malo,7.6,738.0,706.0,16.4,46.4,14.6,32.8,76,1.69,10628,0.85,1750,0.17,0.0
OLV_42_1013,Jaén,Tradicional,Secano,48.69,Picual,Floracion,Limoso,Moderado,3.4,1653.9,693.0,,380.0,18.8,79.5,106,1.65,5555,0.87,1292,3.36,0.1796
OLV_42_1014,Sevilla,Superintensivo,Secano,48.73,Manzanilla,Reposo,Arcilloso,Moderado,1.0,158.3,238.0,59.0,137.9,16.4,72.8,37,2.19,8427,0.74,1791,2.39,0.0
OLV_42_1015,Jaén,Intensivo,Secano,4.9,Picual,Cuajado,Franco-arcilloso,Malo,5.8,1651.2,557.0,32.5,105.8,22.8,31.6,38,0.96,6604,0.82,1527,0.33,0.0
OLV_42_1016,Jaén,Tradicional,Secano,10.66,Picual,Engorde,Arcilloso,Malo,6.2,420.1,524.0,166.7,380.0,13.7,69.2,84,1.62,5071,0.83,1217,4.89,0.1973
OLV_42_1017,Jaén,Intensivo,Riego,15.15,Picual,Brotacion,Franco-arcilloso,Malo,8.1,522.9,589.0,90.2,144.6,17.4,64.7,133,1.29,10819,0.8,1779,2.78,0.0
OLV_42_1018,Jaén,Tradicional,Secano,35.34,Picual,Engorde,Franco,Moderado,9.3,86.1,479.0,73.6,78.6,20.3,54.1,99,1.49,5219,0.82,1190,0.65,0.0
OLV_42_1019,Sevilla,Intensivo,Secano,44.16,Manzanilla,Reposo,Arcilloso,Malo,5.7,378.3,48.0,292.6,333.3,17.0,65.2,61,0.93,6207,0.81,1500,3.56,0.0718
OLV_42_1020,Jaén,Tradicional,Secano,24.58,Picual,Reposo,Franco-arcilloso,Moderado,6.9,453.2,482.0,47.4,136.8,11.8,39.4,87,1.79,5349,0.8,1249,0.61,0.0
OLV_42_1021,Jaén,Intensivo,Secano,42.32,Cornicabra,Floracion,Franco,Moderado,3.6,869.4,599.0,18.5,33.3,14.1,22.1,40,2.61,6600,0.87,1364,0.0,0.0
OLV_42_1022,Córdoba,Tradicional,Secano,39.67,Hojiblanca,Brotacion,Arenoso,Moderado,4.8,2347.9,294.0,13.1,18.1,17.9,34.7,41,1.33,5406,0.78,1307,0.0,0.0
OLV_42_1023,Málaga,Tradicional,Secano,45.27,Hojiblanca,Reposo,Arcilloso,Moderado,6.0,489.7,239.0,208.3,355.9,18.3,58.2,46,2.27,5322,0.83,1413,3.43,0.0
OLV_42_1024,Jaén,Tradicional,Secano,37.17,Picual,Reposo,Arcilloso,Moderado,2.0,1155.7,578.0,76.8,165.6,18.9,75.6,52,2.92,4921,0.8,1079,2.75,0.0
OLV_42_1025,Córdoba,Tradicional,Secano,16.92,Picual,Floracion,Limoso,Malo,3.5,1668.0,346.0,52.5,129.3,16.9,49.4,100,1.18,5288,0.8,1041,1.15,0.0
OLV_42_1026,Málaga,Intensivo,Secano,40.71,Hojiblanca,Brotacion,Franco,Malo,5.5,307.0,209.0,175.9,221.1,19.7,82.0,104,2.71,6756,0.78,1600,3.94,0.0619
OLV_42_1027,Cadiz,Tradicional,Secano,21.28,Picual,Floracion,Franco-arcilloso,Moderado,7.1,776.0,70.0,55.4,85.9,13.7,38.8,67,2.69,5476,0.81,1463,0.53,0.0
OLV_42_1028,Jaén,Tradicional,Secano,39.69,Picual,Engorde,Franco-arcilloso,Malo,3.3,315.9,528.0,48.1,57.1,23.6,75.8,144,2.07,5806,0.82,1168,0.57,0.0
OLV_42_1029,Córdoba,Tradicional,Riego,14.98,Cornicabra,Cuajado,Arcilloso,Bueno,2.8,1951.8,470.0,99.3,116.1,22.6,45.7,92,0.88,8777,0.87,1178,1.63,0.0
OLV_42_1030,Jaén,Tradicional,Secano,23.86,Hojiblanca,Engorde,Limoso,Moderado,11.2,1042.3,425.0,159.7,380.0,13.3,64.6,118,2.53,4934,0.83,1313,4.07,0.0944
OLV_42_1031,Jaén,Tradicional,Secano,4.5,Hojiblanca,Floracion,Arenoso,Malo,12.7,864.0,553.0,77.9,245.0,14.9,37.2,126,2.94,4729,0.83,1331,0.95,0.0
OLV_42_1032,Jaén,Tradicional,Riego,30.7,Picual,Floracion,Limoso,Bueno,4.2,190.1,586.0,46.9,155.9,12.4,29.5,109,2.48,9946,0.83,1507,0.0,0.0
OLV_42_1033,Granada,Tradicional,Secano,33.3,Picual,Brotacion,Franco,Moderado,13.4,266.2,601.0,94.4,214.5,13.0,41.7,149,1.25,5265,0.79,1314,1.25,0.0
OLV_42_1034,Jaén,Tradicional,Secano,12.31,Picual,Engorde,Arcilloso,Bueno,45.0,318.8,507.0,42.3,111.1,16.0,30.8,129,2.61,5542,0.81,1169,0.0,0.0
OLV_42_1035,Málaga,Intensivo,Riego,40.4,Arbequina,Brotacion,Limoso,Moderado,6.1,1498.6,294.0,83.8,264.6,18.9,49.5,37,2.84,10115,0.9,1784,1.95,0.0
OLV_42_1036,Granada,Tradicional,Riego,4.3,Hojiblanca,Engorde,Franco,Moderado,3.2,120.1,682.0,48.3,101.7,19.2,64.3,132,2.44,8493,0.83,1124,1.02,0.0
OLV_42_1037,Sevilla,Intensivo,Riego,29.05,Manzanilla,Reposo,Limoso,Malo,3.2,1317.7,110.0,40.0,94.1,17.0,65.4,34,1.13,10988,0.82,1605,1.69,0.0
OLV_42_1038,Granada,Tradicional,Secano,7.26,Cornicabra,Brotacion,Arenoso,Bueno,4.6,1065.3,697.0,43.1,100.0,14.7,18.6,133,1.71,4915,0.84,1324,0.0,0.0
OLV_42_1039,Jaén,Tradicional,Secano,25.05,Picual,Brotacion,Arcilloso,Malo,4.2,1801.4,489.0,16.6,52.1,20.2,47.5,65,2.32,5653,0.85,1183,0.35,0.0
OLV_42_1040,Sevilla,Tradicional,Riego,14.35,Manzanilla,Cuajado,Arenoso,Malo,8.9,1820.2,82.0,117.1,320.2,26.8,38.7,31,1.03,8117,0.8,1407,3.29,0.0395
OLV_42_1041,Jaén,Intensivo,Secano,5.33,Picual,Brotacion,Franco,Moderado,3.8,478.0,478.0,102.4,308.3,14.0,57.2,75,2.64,6651,0.8,1499,1.33,0.0
OLV_42_1042,Córdoba,Intensivo,Secano,22.04,Hojiblanca,Floracion,Limoso,Moderado,6.4,2124.7,339.0,85.2,280.6,12.0,52.0,96,2.63,6095,0.78,1410,2.03,0.0307
OLV_42_1043,Jaén,Tradicional,Riego,29.93,Picual,Cuajado,Franco-arcilloso,Moderado,6.8,932.8,531.0,147.9,179.1,17.3,54.8,130,1.91,8804,0.78,1258,2.32,0.0
OLV_42_1044,Cadiz,Superintensivo,Secano,23.24,Arbequina,Floracion,Franco-arcilloso,Moderado,5.5,1755.4,52.0,13.1,34.2,18.8,33.6,134,2.52,8773,0.87,1812,0.0,0.0
OLV_42_1045,Jaén,Tradicional,Secano,46.93,Picual,Reposo,Limoso,Bueno,7.8,1222.1,391.0,244.3,380.0,17.0,68.8,35,0.98,5036,0.81,1106,3.8,0.0263
OLV_42_1046,Jaén,Intensivo,Riego,47.42,Picual,Floracion,Limoso,Malo,6.3,2295.5,517.0,316.4,380.0,13.2,71.3,60,1.42,10921,0.82,1618,3.21,0.4645
OLV_42_1047,Granada,Intensivo,Riego,38.49,Arbequina,Floracion,Arcilloso,Malo,3.5,248.5,377.0,126.6,380.0,18.4,62.7,58,0.98,10551,0.88,1746,5.47,0.3292
OLV_42_1048,Málaga,Intensivo,Secano,40.77,Manzanilla,Engorde,Arcilloso,Bueno,2.1,1408.5,189.0,80.4,142.2,15.2,30.2,91,1.35,6284,0.82,1286,0.0,0.0
OLV_42_1049,Málaga,Intensivo,Riego,6.26,Hojiblanca,Floracion,Franco-arcilloso,Malo,14.8,1357.7,284.0,145.4,380.0,16.7,71.7,87,2.52,10986,0.81,1867,3.63,0.2281
OLV_42_1050,Jaén,Tradicional,Secano,26.99,Picual,Cuajado,Franco,Moderado,5.9,1903.2,550.0,80.7,242.0,18.6,29.2,98,2.64,5117,0.81,1160,0.81,0.0
OLV_42_1051,Jaén,Tradicional,Secano,40.5,Picual,Floracion,Arenoso,Malo,9.3,81.5,581.0,29.3,94.6,13.6,49.8,43,1.7,5402,0.83,1071,0.38,0.0
OLV_42_1052,Málaga,Tradicional,Secano,36.99,Manzanilla,Brotacion,Franco,Malo,2.6,2189.7,298.0,74.2,161.1,13.4,54.0,98,1.86,4798,0.83,1103,2.03,0.0
OLV_42_1053,Córdoba,Intensivo,Riego,20.96,Picual,Reposo,Arcilloso,Moderado,2.9,198.2,326.0,77.7,153.5,14.6,80.1,79,2.73,12000,0.83,1648,1.91,0.0
OLV_42_1054,Córdoba,Tradicional,Secano,16.39,Hojiblanca,Brotacion,Arenoso,Malo,4.9,794.6,349.0,54.1,81.5,15.9,28.8,87,1.25,4789,0.78,1164,0.0,0.0
OLV_42_1055,Málaga,Tradicional,Secano,19.71,Manzanilla,Reposo,Franco-arcilloso,Malo,13.2,206.7,253.0,241.5,380.0,18.3,74.7,98,0.94,5033,0.75,1386,3.11,0.0464
OLV_42_1056,Córdoba,Tradicional,Secano,18.0,Arbequina,Engorde,Franco-arcilloso,Moderado,3.4,89.1,372.0,76.6,182.5,14.3,74.7,146,0.84,5183,0.87,1082,1.53,0.0
OLV_42_1057,Córdoba,Tradicional,Secano,13.58,Hojiblanca,Engorde,Franco,Bueno,3.1,1620.4,343.0,86.8,126.3,22.4,36.4,137,2.96,4972,0.78,1021,0.74,0.0
OLV_42_1058,Jaén,Tradicional,Secano,33.89,Picual,Engorde,Franco-arcilloso,Malo,4.3,649.0,467.0,114.2,380.0,20.9,82.0,148,0.96,5158,0.83,1088,4.42,0.0583
OLV_42_1059,Jaén,Intensivo,Riego,39.89,Picual,Engorde,Franco,Bueno,6.4,627.6,560.0,131.6,373.7,17.5,35.6,49,2.88,11041,0.85,1880,2.51,0.0
OLV_42_1060,Sevilla,Tradicional,Riego,46.94,Picual,Floracion,Franco-arcilloso,Bueno,4.5,2133.4,165.0,58.6,63.6,20.8,18.0,37,2.1,9177,0.76,1357,0.77,0.0
OLV_42_1061,Jaén,Tradicional,Riego,42.71,Picual,Brotacion,Franco,Malo,5.8,1601.9,643.0,44.2,144.8,20.4,45.7,140,2.39,8659,0.86,1469,0.76,0.0
OLV_42_1062,Jaén,Tradicional,Secano,36.64,Picual,Cuajado,Franco-arcilloso,Malo,5.5,1302.8,397.0,237.1,380.0,20.2,61.3,68,2.01,5694,0.8,1217,4.53,0.2614
OLV_42_1063,Jaén,Intensivo,Riego,4.73,Picual,Cuajado,Franco,Moderado,4.9,1507.7,254.0,97.0,341.7,18.9,38.8,131,1.34,10923,0.84,1769,1.75,0.0
OLV_42_1064,Jaén,Intensivo,Secano,27.2,Picual,Engorde,Arenoso,Moderado,2.6,350.1,661.0,25.6,41.3,13.0,19.1,73,1.37,6844,0.79,1335,0.8,0.0
OLV_42_1065,Sevilla,Superintensivo,Secano,22.89,Arbequina,Brotacion,Arcilloso,Moderado,0.0,520.7,88.0,77.0,237.6,8.8,78.3,63,1.9,8605,0.86,1427,4.21,0.0
OLV_42_1066,Sevilla,Intensivo,Riego,22.67,Hojiblanca,Cuajado,Franco-arcilloso,Malo,10.7,776.1,0.0,55.9,61.8,12.8,63.4,98,2.48,46275,0.82,1802,0.96,0.0
OLV_42_1067,Granada,Superintensivo,Secano,38.61,Picual,Cuajado,Franco,Malo,3.5,380.8,674.0,85.7,179.8,10.5,67.0,97,2.58,8671,0.86,1745,2.22,0.0309
OLV_42_1068,Jaén,Tradicional,Riego,18.74,Hojiblanca,Cuajado,Franco-arcilloso,Malo,3.0,935.6,606.0,24.5,57.1,16.6,26.0,43,2.77,9126,0.79,1264,0.88,0.0
OLV_42_1069,Granada,Tradicional,Secano,27.9,Picual,Reposo,Arcilloso,Bueno,9.4,1440.3,640.0,165.4,276.2,16.2,57.4,69,2.28,5654,0.82,1243,3.86,0.0
OLV_42_1070,Cadiz,Tradicional,Riego,34.48,Manzanilla,Floracion,Arcilloso,Moderado,2.8,378.2,135.0,47.6,190.4,17.4,75.4,107,1.85,43425,0.76,1445,1.58,0.0
OLV_42_1071,Córdoba,Tradicional,Riego,29.59,Picual,Cuajado,Franco,Malo,4.1,83.4,330.0,27.9,54.3,12.6,48.6,74,1.63,9471,0.82,1352,0.79,0.0
OLV_42_1072,Sevilla,Intensivo,Secano,41.91,Picual,Engorde,Arcilloso,Moderado,1.7,171.8,153.0,11.3,21.7,16.3,48.0,99,1.11,6591,0.81,1489,0.0,0.0
OLV_42_1073,Jaén,Tradicional,Secano,6.59,Picual,Brotacion,Limoso,Bueno,2.2,1662.4,597.0,95.3,266.6,21.4,44.1,76,1.42,5655,0.78,1103,3.18,0.0
OLV_42_1074,Cadiz,Tradicional,Secano,28.9,Arbequina,Brotacion,Franco-arcilloso,Moderado,17.4,557.8,44.0,49.9,143.5,21.8,47.1,68,1.52,4432,0.87,1155,0.92,0.0
OLV_42_1075,Córdoba,Tradicional,Secano,26.81,Picual,Cuajado,Limoso,Bueno,8.6,624.2,347.0,102.6,117.1,9.6,48.5,126,2.02,4948,0.8,1158,0.55,0.0
OLV_42_1076,Sevilla,Tradicional,Riego,22.81,Hojiblanca,Cuajado,Arenoso,Bueno,3.9,1213.2,0.0,45.8,76.7,15.5,26.9,139,2.04,8210,0.79,1187,0.0,0.0
OLV_42_1077,Cadiz,Tradicional,Riego,13.37,Picual,Cuajado,Franco,Malo,5.5,1600.8,169.0,67.4,203.2,15.9,56.0,41,1.05,8427,0.81,1410,3.07,0.0
OLV_42_1078,Granada,Intensivo,Riego,10.17,Picual,Reposo,Arenoso,Malo,3.7,609.8,739.0,101.4,287.8,16.6,37.4,101,1.64,11570,0.83,1664,2.09,0.0
OLV_42_1079,Sevilla,Tradicional,Secano,13.51,Picual,Brotacion,Franco-arcilloso,Malo,3.0,95.9,171.0,17.7,39.1,20.5,65.6,108,2.67,5276,0.77,1183,0.64,0.0
OLV_42_1080,Córdoba,Intensivo,Riego,18.94,Hojiblanca,Engorde,Arcilloso,Malo,4.4,587.8,437.0,24.8,95.7,19.1,47.7,37,1.3,11657,0.8,1882,1.34,0.0
OLV_42_1081,Sevilla,Tradicional,Secano,10.35,Hojiblanca,Floracion,Limoso,Malo,1.8,2159.6,107.0,43.3,140.7,14.0,60.2,94,1.71,4845,0.76,920,1.13,0.0
OLV_42_1082,Granada,Tradicional,Secano,21.56,Picual,Engorde,Franco-arcilloso,Malo,8.9,1632.3,781.0,122.8,291.1,22.1,63.7,94,2.8,5411,0.76,1293,2.84,0.0714
OLV_42_1083,Jaén,Tradicional,Secano,32.68,Picual,Reposo,Arenoso,Moderado,2.8,552.4,478.0,220.2,380.0,13.2,62.4,136,2.39,5629,0.81,1018,3.72,0.0
OLV_42_1084,Málaga,Superintensivo,Riego,4.49,Arbequina,Reposo,Arcilloso,Bueno,2.3,97.2,289.0,103.0,146.7,16.9,60.0,41,0.86,12000,0.9,2025,3.1,0.0
OLV_42_1085,Córdoba,Intensivo,Riego,25.05,Hojiblanca,Cuajado,Franco-arcilloso,Malo,2.0,541.6,330.0,255.3,380.0,11.1,82.0,48,1.53,9468,0.83,1522,5.5,0.4542
OLV_42_1086,Sevilla,Intensivo,Riego,29.66,Manzanilla,Floracion,Franco,Bueno,5.1,2270.3,149.0,152.3,380.0,16.1,21.2,39,2.14,11376,0.8,1851,2.29,0.0492
OLV_42_1087,Córdoba,Tradicional,Secano,37.27,Hojiblanca,Brotacion,Franco,Bueno,3.1,1071.3,299.0,173.8,380.0,14.6,67.5,42,0.89,4920,0.75,1238,3.6,0.0643
OLV_42_1088,Córdoba,Intensivo,Riego,13.18,Hojiblanca,Engorde,Arcilloso,Moderado,4.7,2310.9,333.0,23.1,80.4,17.4,39.2,95,1.6,12000,0.84,1636,0.95,0.0
OLV_42_1089,Sevilla,Tradicional,Secano,35.64,Picual,Reposo,Limoso,Moderado,8.7,575.3,145.0,290.2,380.0,22.5,65.5,133,1.75,5066,0.82,1017,2.31,0.0307
OLV_42_1090,Córdoba,Tradicional,Secano,30.1,Picual,Brotacion,Arcilloso,Bueno,3.9,1410.4,143.0,82.6,177.2,22.1,45.0,82,2.77,5163,0.78,996,1.43,0.0
OLV_42_1091,Sevilla,Superintensivo,Riego,30.1,Manzanilla,Reposo,Arenoso,Bueno,3.1,633.8,0.0,38.2,94.5,12.1,25.1,62,2.53,12000,0.75,1787,0.0,0.0
OLV_42_1092,Granada,Intensivo,Secano,17.01,Hojiblanca,Cuajado,Arcilloso,Malo,3.1,171.4,591.0,245.6,380.0,12.5,82.0,55,1.89,6601,0.0,1212,4.7,0.55
OLV_42_1093,Sevilla,Superintensivo,Riego,26.7,Picual,Floracion,Arcilloso,Moderado,0.7,570.0,234.0,145.2,376.8,19.7,61.2,134,2.84,12000,0.81,1679,5.08,0.2649
OLV_42_1094,Cadiz,Superintensivo,Riego,7.51,Manzanilla,Floracion,Arenoso,Malo,6.0,1042.4,0.0,41.3,81.9,16.3,24.5,122,2.82,12000,0.72,2029,0.0,0.0
OLV_42_1095,Córdoba,Intensivo,Secano,26.36,Picual,Reposo,Franco-arcilloso,Moderado,0.9,178.1,373.0,174.9,380.0,14.9,82.0,120,1.14,6578,0.88,1406,3.49,0.0333
OLV_42_1096,Cadiz,Superintensivo,Riego,25.33,Manzanilla,Floracion,Franco-arcilloso,Moderado,0.9,1205.7,0.0,150.1,380.0,9.8,53.5,42,2.01,12000,0.78,1886,5.5,0.4157
OLV_42_1097,Cadiz,Superintensivo,Secano,29.22,Manzanilla,Cuajado,Limoso,Malo,1.4,450.4,0.0,293.3,380.0,23.7,82.0,131,1.05,8630,0.78,1801,5.18,0.4783
OLV_42_1098,Sevilla,Intensivo,Riego,25.38,Picual,Floracion,Limoso,Bueno,2.9,1106.7,136.0,73.5,240.5,9.5,34.0,90,1.06,12000,0.0,1519,1.5,0.0
OLV_42_1099,Sevilla,Intensivo,Riego,37.99,Picual,Engorde,Arcilloso,Malo,8.8,412.2,180.0,228.5,380.0,15.0,70.3,90,1.5,12000,0.8,1766,3.84,0.2117
OLV_42_1100,Jaén,Tradicional,Secano,19.95,Picual,Cuajado,Arenoso,Moderado,3.9,187.2,543.0,18.1,52.7,23.4,41.1,107,2.69,5071,0.9,1135,0.31,0.0
OLV_42_1101,Jaén,Intensivo,Riego,36.47,Manzanilla,Cuajado,Arcilloso,Bueno,3.9,904.4,348.0,62.1,93.9,19.8,58.2,98,2.14,10386,0.8,1463,0.52,0.0
OLV_42_1102,Málaga,Superintensivo,Secano,21.51,Hojiblanca,Reposo,Arcilloso,Malo,0.0,266.2,351.0,292.7,380.0,12.5,82.0,130,2.05,8783,0.81,1572,3.93,0.1309
OLV_42_1103,Córdoba,Tradicional,Riego,11.33,Picual,Reposo,Franco-arcilloso,Malo,3.1,1257.4,274.0,94.8,101.6,14.9,70.6,141,2.51,9572,0.8,1178,2.93,0.0
OLV_42_1104,Sevilla,Tradicional,Secano,32.31,Manzanilla,Cuajado,Arenoso,Malo,9.4,2227.0,52.0,66.4,169.2,14.0,50.0,79,1.19,4917,0.75,1317,0.8,0.0
OLV_42_1105,Málaga,Tradicional,Riego,2.05,Picual,Cuajado,Franco-arcilloso,Bueno,15.4,2383.7,271.0,125.9,359.0,17.4,29.1,140,2.76,9813,0.84,1553,1.72,0.0
OLV_42_1106,Córdoba,Tradicional,Secano,30.31,Picual,Engorde,Limoso,Bueno,10.8,1174.0,421.0,87.5,145.5,16.2,28.1,116,2.68,5247,0.84,1403,0.68,0.0
OLV_42_1107,Málaga,Tradicional,Secano,31.84,Hojiblanca,Floracion,Limoso,Moderado,3.6,1160.7,442.0,84.3,229.8,10.6,61.8,55,1.04,4874,0.83,1055,1.31,0.0159
OLV_42_1108,Jaén,Tradicional,Secano,33.04,Picual,Cuajado,Franco,Moderado,2.6,1735.8,478.0,28.1,33.1,12.7,40.7,65,1.73,5937,0.86,1157,0.0,0.0
OLV_42_1109,Córdoba,Intensivo,Riego,30.05,Picual,Brotacion,Arcilloso,Bueno,0.7,371.5,303.0,28.3,49.5,21.7,45.7,117,2.5,10109,0.83,1595,0.0,0.0
OLV_42_1110,Málaga,Tradicional,Secano,38.03,Hojiblanca,Brotacion,Franco,Malo,4.7,1697.9,267.0,109.1,127.3,13.4,52.9,44,2.21,4919,0.8,1168,1.69,0.0
OLV_42_1111,Málaga,Intensivo,Secano,42.79,Picual,Floracion,Franco,Malo,4.5,1685.7,227.0,77.8,298.6,8.0,54.2,50,2.93,6641,0.88,1407,3.89,0.07
OLV_42_1112,Córdoba,Tradicional,Riego,22.09,Hojiblanca,Brotacion,Arcilloso,Malo,3.5,2335.2,298.0,76.2,209.9,23.0,73.9,86,1.13,8574,0.83,1192,2.5,0.0
OLV_42_1113,Granada,Intensivo,Secano,38.05,Picual,Engorde,Franco,Malo,8.0,507.1,551.0,67.9,215.0,14.6,52.3,68,1.7,6835,0.78,1468,2.66,0.0
OLV_42_1114,Cadiz,Intensivo,Riego,36.52,Manzanilla,Floracion,Franco,Moderado,11.0,1353.6,10.0,42.9,59.2,19.3,25.7,125,2.66,10486,0.81,1563,0.5,0.0
OLV_42_1115,Jaén,Intensivo,Riego,17.2,Picual,Engorde,Arcilloso,Malo,11.0,259.4,654.0,242.3,380.0,18.7,80.4,47,1.17,10090,0.81,1894,3.37,0.2801
OLV_42_1116,Sevilla,Intensivo,Riego,4.3,Hojiblanca,Reposo,Franco,Moderado,6.1,702.0,85.0,99.7,233.0,21.0,49.8,71,1.98,10483,0.8,1738,1.82,0.0
OLV_42_1117,Jaén,Tradicional,Secano,16.22,Picual,Reposo,Limoso,Bueno,10.8,536.7,518.0,134.7,233.9,24.9,49.9,62,1.66,4678,0.81,1032,3.95,0.0
OLV_42_1118,Jaén,Tradicional,Riego,23.21,Picual,Cuajado,Arenoso,Malo,1.1,520.7,485.0,82.4,230.9,15.2,36.6,124,1.99,8614,0.8,1302,2.47,0.0
OLV_42_1119,Jaén,Tradicional,Secano,39.34,Picual,Brotacion,Limoso,Bueno,10.8,1670.9,573.0,162.8,380.0,14.5,43.9,34,2.57,4635,0.8,1220,3.43,0.0
OLV_42_1120,Jaén,Tradicional,Secano,47.57,Picual,Cuajado,Franco,Bueno,2.9,663.3,523.0,233.3,380.0,23.7,74.2,138,2.39,5417,0.79,1070,2.57,0.1292
OLV_42_1121,Jaén,Tradicional,Secano,12.13,Picual,Engorde,Franco,Bueno,6.9,1737.7,500.0,20.3,61.4,18.5,23.8,84,0.88,5413,0.83,1233,0.0,0.0
OLV_42_1122,Córdoba,Intensivo,Secano,17.79,Arbequina,Cuajado,Franco-arcilloso,Moderado,5.4,55.0,361.0,45.1,130.5,11.7,72.3,67,1.78,6272,0.87,1464,0.62,0.0
OLV_42_1123,Córdoba,Tradicional,Secano,22.85,Hojiblanca,Brotacion,Franco,Moderado,3.0,2251.6,308.0,10.6,15.6,21.7,32.6,103,2.09,4983,0.75,1189,0.23,0.0
OLV_42_1124,Málaga,Superintensivo,Riego,26.94,Manzanilla,Engorde,Franco,Malo,10.5,1567.5,265.0,40.5,46.9,11.6,45.9,77,1.21,12000,0.79,2204,0.0,0.0
OLV_42_1125,Cadiz,Tradicional,Riego,46.12,Manzanilla,Reposo,Franco-arcilloso,Malo,3.4,110.3,31.0,84.8,195.6,17.8,82.0,113,2.27,7734,0.76,1292,3.64,0.0
OLV_42_1126,Málaga,Tradicional,Riego,27.12,Picual,Engorde,Limoso,Malo,9.7,1191.4,260.0,49.4,159.4,14.7,59.2,50,0.99,9254,0.86,1472,1.89,0.0
OLV_42_1127,Jaén,Tradicional,Secano,22.69,Picual,Reposo,Arcilloso,Malo,6.2,928.2,619.0,160.2,380.0,12.1,82.0,126,2.02,5426,0.74,1115,3.95,0.0129
OLV_42_1128,Córdoba,Tradicional,Secano,17.85,Picual,Cuajado,Franco-arcilloso,Malo,4.1,1658.4,211.0,50.3,113.8,12.2,69.7,81,2.49,5083,0.82,1308,0.95,0.0
OLV_42_1129,Jaén,Tradicional,Riego,42.46,Hojiblanca,Cuajado,Franco,Moderado,9.7,1975.5,592.0,76.3,213.8,14.6,19.1,83,1.38,8398,0.79,1229,0.23,0.0
OLV_42_1130,Granada,Tradicional,Secano,39.12,Hojiblanca,Brotacion,Franco-arcilloso,Bueno,7.6,2005.6,691.0,23.7,41.8,17.5,25.6,137,0.88,4981,0.84,1254,0.0,0.0
OLV_42_1131,Sevilla,Tradicional,Secano,2.69,Manzanilla,Engorde,Limoso,Moderado,11.0,1692.9,191.0,132.7,185.0,22.6,63.6,99,1.6,4683,0.74,1351,3.11,0.0661
OLV_42_1132,Sevilla,Tradicional,Secano,29.93,Manzanilla,Brotacion,Arenoso,Moderado,5.6,555.4,35.0,60.8,152.3,17.7,33.3,45,1.46,4452,0.76,1074,0.45,0.0
OLV_42_1133,Málaga,Tradicional,Secano,29.72,Picual,Cuajado,Arenoso,Malo,4.1,1954.3,399.0,62.5,170.9,19.4,44.8,66,2.14,5275,0.87,1020,0.64,0.0
OLV_42_1134,Córdoba,Tradicional,Secano,9.05,Hojiblanca,Reposo,Arcilloso,Bueno,2.6,1140.3,338.0,30.0,35.0,18.9,30.5,106,0.87,5377,0.77,1161,0.34,0.0
OLV_42_1135,Málaga,Tradicional,Secano,25.92,Arbequina,Floracion,Arcilloso,Moderado,17.7,457.0,214.0,118.1,134.0,18.4,56.3,103,2.86,4882,0.9,1383,2.1,0.0
OLV_42_1136,Sevilla,Intensivo,Secano,37.84,Hojiblanca,Reposo,Franco,Moderado,2.8,1085.6,247.0,97.5,183.2,20.3,60.8,94,1.89,6669,0.82,1582,2.01,0.0
OLV_42_1137,Sevilla,Intensivo,Riego,19.4,Manzanilla,Reposo,Franco,Malo,8.2,265.6,156.0,64.8,160.7,14.0,75.9,78,1.58,9823,0.81,1719,2.36,0.0
OLV_42_1138,Málaga,Tradicional,Riego,20.42,Hojiblanca,Cuajado,Franco-arcilloso,Malo,3.0,1545.0,325.0,42.2,76.6,18.3,47.3,37,2.95,8744,0.79,1421,0.94,0.0
OLV_42_1139,Jaén,Intensivo,Riego,28.26,Hojiblanca,Floracion,Arcilloso,Bueno,5.0,710.5,543.0,58.5,103.1,12.3,54.8,132,2.74,10058,0.75,1804,0.25,0.0
OLV_42_1140,Jaén,Tradicional,Secano,24.9,Picual,Cuajado,Limoso,Bueno,5.9,304.1,536.0,103.0,238.6,16.8,61.5,147,1.21,4654,0.79,1218,2.94,0.0631
OLV_42_1141,Jaén,Intensivo,Riego,38.85,Picual,Engorde,Franco,Malo,13.8,788.0,386.0,70.1,130.4,18.8,66.4,59,1.46,10091,0.82,1837,1.29,0.0
OLV_42_1142,Sevilla,Intensivo,Riego,17.23,Picual,Brotacion,Limoso,Malo,14.6,1039.0,56.0,15.9,38.2,19.0,35.7,69,1.36,9922,0.8,1743,0.0,0.0
OLV_42_1143,Jaén,Intensivo,Riego,4.03,Picual,Cuajado,Arenoso,Moderado,8.8,2387.6,558.0,35.7,100.7,24.4,22.5,49,2.95,9754,0.79,1722,0.0,0.0
OLV_42_1144,Córdoba,Intensivo,Secano,2.42,Picual,Cuajado,Limoso,Malo,4.1,1953.6,399.0,20.2,37.0,14.0,44.4,145,2.77,6520,0.78,1599,0.0,0.0
OLV_42_1145,Córdoba,Superintensivo,Riego,28.18,Picual,Floracion,Franco-arcilloso,Malo,4.2,364.2,381.0,,31.2,10.1,47.6,124,0.84,12000,0.82,1886,0.0,0.0
OLV_42_1146,Sevilla,Intensivo,Secano,22.68,Manzanilla,Reposo,Arcilloso,Malo,2.9,713.7,196.0,70.6,96.0,19.0,67.7,53,2.15,6350,0.81,1276,2.49,0.0
OLV_42_1147,Jaén,Tradicional,Secano,12.98,Picual,Cuajado,Limoso,Bueno,5.0,1271.6,486.0,92.4,133.3,18.2,56.1,57,0.88,5138,0.8,1196,2.35,0.0
OLV_42_1148,Sevilla,Tradicional,Riego,34.23,Hojiblanca,Engorde,Arcilloso,Malo,2.0,927.3,51.0,29.0,56.9,15.8,66.0,147,1.09,9443,0.79,1326,1.37,0.0
OLV_42_1149,Jaén,Tradicional,Secano,34.01,Picual,Brotacion,Franco-arcilloso,Malo,7.0,67.4,502.0,251.6,380.0,12.7,82.0,37,1.86,5306,0.8,1314,5.22,0.2473
OLV_42_1150,Sevilla,Superintensivo,Riego,6.9,Manzanilla,Floracion,Limoso,Bueno,4.8,1197.2,66.0,105.9,235.3,18.8,38.2,63,2.75,12000,0.72,2080,3.59,0.0503
OLV_42_1151,Málaga,Tradicional,Secano,6.64,Hojiblanca,Cuajado,Franco-arcilloso,Bueno,4.4,709.1,426.0,2.2,21.2,16.7,32.2,118,2.35,5451,0.87,1076,0.17,0.0
OLV_42_1152,Jaén,Tradicional,Secano,8.1,Picual,Cuajado,Arenoso,Bueno,4.8,1858.2,624.0,40.8,129.3,17.1,28.2,129,2.26,5312,0.85,1109,0.1,0.0
OLV_42_1153,Málaga,Intensivo,Secano,46.82,Arbequina,Engorde,Arenoso,Malo,2.0,942.8,261.0,27.0,62.2,8.1,35.6,37,2.09,6471,0.83,1391,0.27,0.0
OLV_42_1154,Jaén,Tradicional,Riego,4.27,Picual,Brotacion,Franco-arcilloso,Malo,5.3,1062.5,603.0,55.2,214.5,9.6,46.8,40,2.55,9957,0.84,1496,2.72,0.0
OLV_42_1155,Jaén,Intensivo,Riego,22.45,Picual,Reposo,Arenoso,Malo,6.0,1134.5,547.0,97.0,368.3,12.1,41.6,130,2.22,11937,0.82,1508,1.81,0.0
OLV_42_1156,Cadiz,Intensivo,Secano,47.7,Hojiblanca,Engorde,Franco,Moderado,18.2,377.3,105.0,212.0,380.0,17.1,64.1,119,1.2,5714,0.78,1612,2.99,0.0535
OLV_42_1157,Granada,Tradicional,Riego,2.88,Picual,Engorde,Franco-arcilloso,Malo,10.2,123.6,604.0,27.7,67.5,12.4,55.6,60,2.06,9097,0.8,1506,0.74,0.0
OLV_42_1158,Córdoba,Tradicional,Riego,25.66,Picual,Engorde,Arcilloso,Moderado,0.2,2035.4,442.0,153.6,380.0,18.8,71.8,58,1.43,8960,0.83,1335,5.34,0.1702
OLV_42_1159,Granada,Intensivo,Secano,43.75,Picual,Brotacion,Franco-arcilloso,Moderado,12.5,174.4,694.0,27.2,91.0,16.2,24.2,92,2.87,6392,0.8,1657,0.0,0.0
OLV_42_1160,Córdoba,Tradicional,Secano,24.25,Picual,Cuajado,Arenoso,Bueno,7.8,1660.2,416.0,26.4,72.3,16.5,18.0,143,0.95,5055,0.81,1265,0.0,0.0
OLV_42_1161,Jaén,Tradicional,Secano,20.84,Hojiblanca,Brotacion,Arenoso,Malo,6.0,1164.2,415.0,136.1,324.2,12.7,26.8,95,1.09,4923,0.85,1233,2.16,0.0
OLV_42_1162,Granada,Tradicional,Riego,18.47,Hojiblanca,Engorde,Arcilloso,Moderado,1.7,422.8,720.0,114.6,173.1,15.1,76.0,69,1.7,9071,0.78,1334,3.36,0.0319
OLV_42_1163,Granada,Intensivo,Secano,23.56,Hojiblanca,Engorde,Limoso,Bueno,7.5,322.0,606.0,75.7,236.4,18.9,58.5,78,1.47,6092,0.8,1543,3.21,0.0
OLV_42_1164,Jaén,Tradicional,Riego,7.72,Picual,Reposo,Arcilloso,Malo,4.1,221.2,567.0,93.4,124.2,8.0,82.0,86,1.93,9012,0.84,1164,2.32,0.0
OLV_42_1165,Jaén,Tradicional,Riego,13.62,Picual,Cuajado,Franco,Moderado,12.2,135.4,585.0,64.5,89.0,22.8,46.5,66,0.98,8911,0.83,1545,1.0,0.0
OLV_42_1166,Jaén,Intensivo,Riego,34.46,Picual,Reposo,Arenoso,Bueno,3.0,2320.5,517.0,35.9,135.5,17.8,22.2,52,1.57,11097,0.86,1684,0.48,0.0
OLV_42_1167,Sevilla,Tradicional,Secano,15.94,Hojiblanca,Brotacion,Franco,Moderado,4.3,648.1,145.0,80.6,217.2,16.7,53.0,59,1.8,5107,0.83,1079,3.15,0.0
OLV_42_1168,Málaga,Tradicional,Secano,11.78,Hojiblanca,Cuajado,Franco-arcilloso,Malo,1.6,926.0,284.0,35.6,54.3,19.6,47.5,33,1.84,5458,0.84,1185,0.69,0.0
OLV_42_1169,Sevilla,Intensivo,Secano,21.09,Hojiblanca,Reposo,Franco,Malo,9.2,1985.3,104.0,0.9,5.9,13.8,46.8,99,2.46,6683,0.77,1799,0.48,0.0
OLV_42_1170,Málaga,Tradicional,Riego,39.23,Arbequina,Floracion,Franco-arcilloso,Malo,8.1,518.3,91.0,283.8,380.0,18.3,66.2,125,1.12,8939,0.86,1450,3.83,0.2928
OLV_42_1171,Jaén,Tradicional,Secano,3.64,Picual,Brotacion,Limoso,Moderado,11.7,612.8,556.0,303.2,380.0,8.0,74.8,78,1.18,4490,0.88,1311,3.34,0.1509
OLV_42_1172,Córdoba,Tradicional,Secano,29.71,Picual,Floracion,Franco,Malo,6.9,1270.1,301.0,16.4,21.4,19.7,31.7,85,0.92,5492,0.84,1249,0.34,0.0
OLV_42_1173,Córdoba,Tradicional,Riego,9.52,Hojiblanca,Brotacion,Arenoso,Moderado,9.2,371.6,496.0,49.0,54.0,19.0,25.3,66,2.88,8885,0.81,1289,0.0,0.0
OLV_42_1174,Granada,Intensivo,Secano,2.57,Hojiblanca,Cuajado,Franco-arcilloso,Malo,5.9,21.7,624.0,219.2,380.0,23.1,65.6,57,0.86,6383,0.77,1494,5.5,0.3564
OLV_42_1175,Sevilla,Intensivo,Riego,30.5,Hojiblanca,Floracion,Limoso,Bueno,0.8,2398.8,97.0,59.7,177.5,11.4,24.6,131,2.2,10361,0.79,1430,0.85,0.0
OLV_42_1176,Córdoba,Tradicional,Secano,31.83,Picual,Cuajado,Franco,Moderado,1.7,561.7,274.0,65.7,180.3,19.5,56.9,40,2.01,5583,0.85,977,1.93,0.0
OLV_42_1177,Granada,Superintensivo,Riego,14.27,Picual,Engorde,Limoso,Bueno,0.0,308.9,733.0,46.4,87.2,23.3,45.2,43,2.35,12000,0.83,1705,0.75,0.0
OLV_42_1178,Córdoba,Tradicional,Secano,19.13,Arbequina,Reposo,Arcilloso,Moderado,4.6,458.8,378.0,198.9,380.0,15.2,80.1,113,2.55,4553,0.85,1045,3.91,0.0455
OLV_42_1179,Jaén,Tradicional,Riego,43.37,Picual,Engorde,Limoso,Bueno,3.9,911.7,433.0,83.9,117.2,12.6,37.0,92,1.68,8453,0.85,1241,0.29,0.0
OLV_42_1180,Granada,Tradicional,Secano,9.8,Hojiblanca,Floracion,Arenoso,Bueno,3.8,1226.3,583.0,196.0,380.0,21.2,30.9,63,2.12,5170,0.8,1211,1.76,0.0
OLV_42_1181,Jaén,Tradicional,Riego,41.78,Picual,Brotacion,Limoso,Malo,5.3,2029.1,625.0,37.8,102.2,15.1,54.2,123,1.96,8608,0.85,1339,1.57,0.0
OLV_42_1182,Jaén,Tradicional,Secano,38.04,Hojiblanca,Brotacion,Limoso,Moderado,8.2,609.9,375.0,53.0,179.6,24.7,60.9,40,2.55,5044,0.81,1240,2.7,0.0
OLV_42_1183,Jaén,Tradicional,Secano,49.49,Picual,Floracion,Arcilloso,Moderado,8.3,507.0,445.0,52.6,129.8,16.0,82.0,112,2.87,5533,0.82,1435,1.59,0.0
OLV_42_1184,Cadiz,Superintensivo,Secano,49.11,Manzanilla,Reposo,Franco,Moderado,0.1,639.7,0.0,23.3,98.6,22.5,38.9,88,1.77,8655,0.77,1581,0.35,0.0
OLV_42_1185,Córdoba,Intensivo,Riego,39.7,Picual,Floracion,Franco,Bueno,0.2,2176.2,366.0,161.4,380.0,13.5,40.6,94,1.9,9890,0.83,1447,2.7,0.0715
OLV_42_1186,Córdoba,Tradicional,Riego,7.84,Hojiblanca,Cuajado,Franco,Bueno,4.0,944.4,381.0,109.2,114.2,20.6,41.4,80,1.39,8796,0.77,1370,1.98,0.0
OLV_42_1187,Granada,Tradicional,Secano,17.15,Picual,Brotacion,Limoso,Bueno,8.3,1514.7,779.0,72.7,183.9,17.7,31.8,48,0.82,5022,0.83,1131,1.18,0.0
OLV_42_1188,Córdoba,Intensivo,Riego,30.66,Picual,Reposo,Franco,Malo,4.7,1723.0,372.0,99.9,264.8,15.5,39.9,84,1.4,11581,0.79,1543,2.38,0.0
OLV_42_1189,Málaga,Intensivo,Riego,12.15,Manzanilla,Cuajado,Franco-arcilloso,Malo,13.2,110.8,490.0,147.6,380.0,20.8,77.4,43,1.3,11351,0.75,1810,3.42,0.3217
OLV_42_1190,Jaén,Intensivo,Secano,40.42,Picual,Floracion,Arenoso,Bueno,7.7,1723.3,523.0,94.2,158.7,18.4,26.6,39,1.66,6672,0.83,1337,1.84,0.0
OLV_42_1191,Málaga,Tradicional,Riego,40.86,Arbequina,Floracion,Franco-arcilloso,Moderado,2.9,145.8,317.0,142.7,380.0,13.0,63.2,46,2.35,8311,0.86,1355,4.69,0.2973
OLV_42_1192,Córdoba,Tradicional,Secano,32.91,Hojiblanca,Brotacion,Arcilloso,Bueno,15.6,761.1,250.0,9.1,42.9,15.4,24.9,48,0.94,4783,0.79,1224,0.56,0.0
OLV_42_1193,Jaén,Tradicional,Secano,4.07,Picual,Brotacion,Limoso,Bueno,6.6,48.0,415.0,41.6,117.1,16.3,56.7,79,1.62,6008,0.85,1257,1.1,0.0
OLV_42_1194,Granada,Tradicional,Riego,34.57,Picual,Floracion,Arenoso,Bueno,8.1,1880.1,673.0,66.0,71.0,21.7,24.6,78,2.5,9000,0.85,1464,0.0,0.0
OLV_42_1195,Granada,Tradicional,Secano,44.31,Hojiblanca,Floracion,Franco,Malo,6.2,575.9,689.0,23.6,67.7,16.9,44.9,148,1.05,5445,0.81,1122,0.54,0.0
OLV_42_1196,Granada,Intensivo,Riego,23.25,Picual,Brotacion,Franco,Malo,2.7,1303.8,568.0,38.1,47.5,19.3,35.6,119,2.89,11320,0.82,1633,0.71,0.0
OLV_42_1197,Málaga,Superintensivo,Riego,28.28,Arbequina,Brotacion,Arcilloso,Malo,2.9,1476.7,323.0,63.3,211.9,24.6,61.7,39,1.54,12000,0.91,2009,2.96,0.0
OLV_42_1198,Córdoba,Intensivo,Riego,40.33,Manzanilla,Floracion,Arcilloso,Moderado,2.6,641.5,294.0,146.6,189.0,19.1,61.1,104,1.33,10338,0.76,1558,4.03,0.168
OLV_42_1199,Córdoba,Tradicional,Secano,48.34,Picual,Brotacion,Arcilloso,Moderado,1.1,995.5,359.0,37.7,142.2,18.7,46.0,146,2.83,5913,0.8,1066,1.62,0.0
OLV_42_1200,Granada,Tradicional,Riego,35.72,Picual,Cuajado,Franco-arcilloso,Malo,3.1,1627.9,650.0,26.1,32.6,14.6,49.5,68,0.81,8517,0.82,1253,0.91,0.0
OLV_42_1201,Sevilla,Intensivo,Secano,48.25,Hojiblanca,Engorde,Limoso,Bueno,3.8,780.9,133.0,34.1,76.7,15.1,35.4,50,1.91,6428,0.81,1490,0.0,0.0
OLV_42_1202,Jaén,Intensivo,Secano,5.49,Picual,Reposo,Franco-arcilloso,Bueno,3.9,149.7,555.0,55.0,82.1,10.1,42.0,50,2.3,6589,0.85,1384,0.49,0.0
OLV_42_1203,Sevilla,Tradicional,Secano,7.1,Hojiblanca,Brotacion,Franco,Bueno,2.7,988.5,204.0,16.2,21.2,19.3,20.7,96,0.91,5158,0.74,1157,0.0,0.0
OLV_42_1204,Granada,Superintensivo,Riego,7.31,Picual,Cuajado,Arcilloso,Moderado,4.1,1262.3,751.0,93.9,174.9,14.0,61.5,55,0.96,12000,0.78,1982,3.9,0.0739
OLV_42_1205,Jaén,Tradicional,Secano,15.56,Picual,Brotacion,Franco-arcilloso,Bueno,8.8,811.8,399.0,130.2,186.8,21.9,65.8,36,2.71,5160,0.84,1169,3.59,0.0213
OLV_42_1206,Cadiz,Intensivo,Riego,2.55,Arbequina,Engorde,Franco-arcilloso,Malo,9.2,775.3,37.0,84.4,142.6,14.3,82.0,83,1.66,10507,0.84,1943,1.24,0.0
OLV_42_1207,Sevilla,Tradicional,Secano,17.1,Manzanilla,Cuajado,Franco-arcilloso,Bueno,1.2,830.7,101.0,152.1,380.0,22.2,51.4,132,2.16,5287,0.77,1255,2.61,0.1185
OLV_42_1208,Cadiz,Tradicional,Secano,4.68,Arbequina,Engorde,Franco-arcilloso,Moderado,6.2,495.7,0.0,224.5,331.5,10.9,82.0,120,1.44,5065,0.87,1204,4.04,0.1175
OLV_42_1209,Córdoba,Tradicional,Secano,16.45,Arbequina,Brotacion,Franco,Bueno,6.1,943.5,173.0,65.4,128.3,15.8,33.5,124,2.45,5287,0.85,1209,0.43,0.0
OLV_42_1210,Málaga,Superintensivo,Secano,19.62,Picual,Floracion,Franco,Malo,3.5,781.4,352.0,,152.9,21.2,42.2,40,1.27,9197,0.84,1678,0.34,0.0
OLV_42_1211,Granada,Tradicional,Riego,46.14,Cornicabra,Reposo,Limoso,Moderado,4.6,41.5,598.0,228.9,380.0,16.3,102.7,78,1.16,8392,0.83,1155,4.44,0.0406
OLV_42_1212,Jaén,Intensivo,Secano,4.08,Picual,Floracion,Arenoso,Moderado,3.1,668.5,600.0,180.0,380.0,21.5,28.2,140,1.04,6422,0.82,1437,2.59,0.0477
OLV_42_1213,Sevilla,Intensivo,Riego,17.53,Hojiblanca,Cuajado,Franco,Moderado,2.8,875.9,116.0,106.1,275.1,18.9,73.4,147,2.07,11164,0.77,1699,2.71,0.0582
OLV_42_1214,Sevilla,Tradicional,Secano,12.37,Manzanilla,Engorde,Limoso,Malo,9.6,1923.3,132.0,65.2,177.3,18.9,32.7,132,1.59,4712,0.77,1460,1.86,0.0
OLV_42_1215,Sevilla,Intensivo,Riego,6.09,Manzanilla,Reposo,Limoso,Malo,3.8,86.3,0.0,110.8,380.0,16.6,76.5,61,2.03,10809,0.78,1590,3.84,0.0187
OLV_42_1216,Málaga,Tradicional,Riego,23.28,Hojiblanca,Brotacion,Arcilloso,Malo,12.4,776.1,329.0,50.5,106.9,13.9,71.6,58,2.77,8035,0.81,1498,2.17,0.0
OLV_42_1217,Jaén,Intensivo,Secano,45.13,Picual,Engorde,Franco,Moderado,4.8,349.0,503.0,208.5,221.1,18.2,74.0,84,1.8,6060,0.85,1492,3.77,0.1657
OLV_42_1218,Málaga,Tradicional,Secano,43.34,Arbequina,Floracion,Limoso,Bueno,3.8,1389.3,239.0,82.4,248.3,14.1,41.1,141,2.88,5125,0.91,973,1.26,0.0
OLV_42_1219,Córdoba,Intensivo,Riego,24.15,Picual,Engorde,Franco-arcilloso,Moderado,2.5,2381.1,417.0,120.2,347.9,12.9,67.9,75,2.35,10760,0.83,1812,2.92,0.0778
OLV_42_1220,Málaga,Tradicional,Secano,18.15,Picual,Engorde,Franco,Bueno,5.9,1558.1,185.0,83.3,118.3,20.0,22.9,34,1.68,5695,0.81,1144,0.67,0.0
OLV_42_1221,Cadiz,Superintensivo,Riego,36.65,Manzanilla,Reposo,Arcilloso,Malo,45.0,1543.9,65.0,58.6,143.3,23.1,82.0,101,2.51,12000,0.83,1794,1.16,0.0
OLV_42_1222,Sevilla,Tradicional,Secano,49.49,Hojiblanca,Cuajado,Franco,Malo,10.4,1529.2,202.0,49.7,90.8,25.2,45.7,98,1.22,5056,0.82,1308,0.0,0.0
OLV_42_1223,Sevilla,Tradicional,Riego,6.13,Manzanilla,Floracion,Arcilloso,Malo,4.1,913.3,246.0,20.2,25.2,25.5,40.9,72,1.21,8065,0.8,1618,0.0,0.0
OLV_42_1224,Jaén,Tradicional,Riego,46.92,Picual,Cuajado,Arcilloso,Bueno,4.2,1280.9,460.0,27.4,88.8,14.7,23.0,132,1.07,9389,0.9,1291,0.21,0.0
OLV_42_1225,Jaén,Tradicional,Secano,12.26,Hojiblanca,Brotacion,Arcilloso,Moderado,3.2,1070.8,576.0,57.1,199.8,14.6,78.9,43,0.9,5483,0.81,878,1.96,0.0
OLV_42_1226,Córdoba,Tradicional,Secano,48.54,Picual,Engorde,Limoso,Bueno,3.8,2159.9,402.0,63.6,110.5,11.3,21.4,82,0.97,4810,0.78,855,0.05,0.0
OLV_42_1227,Córdoba,Tradicional,Riego,33.45,Picual,Engorde,Franco-arcilloso,Moderado,6.2,1344.3,240.0,62.4,102.0,18.1,38.5,70,1.1,7733,0.78,1411,0.14,0.0
OLV_42_1228,Córdoba,Tradicional,Secano,27.33,Cornicabra,Floracion,Limoso,Bueno,6.1,350.8,222.0,17.9,55.2,13.7,37.3,123,1.38,5767,0.86,1241,0.01,0.0
OLV_42_1229,Jaén,Intensivo,Secano,24.83,Picual,Engorde,Franco-arcilloso,Malo,4.5,150.8,520.0,195.6,339.5,21.1,72.6,61,1.51,6885,0.84,1280,4.97,0.2801
OLV_42_1230,Córdoba,Tradicional,Riego,37.74,Picual,Floracion,Arenoso,Bueno,2.0,2234.1,409.0,51.7,186.9,21.2,18.0,106,1.27,8471,0.8,1221,0.86,0.0
OLV_42_1231,Jaén,Tradicional,Secano,2.57,Picual,Cuajado,Limoso,Malo,9.5,602.7,501.0,246.2,369.6,13.2,82.0,132,2.48,5354,0.77,995,3.78,0.2386
OLV_42_1232,Córdoba,Superintensivo,Riego,4.24,Picual,Cuajado,Franco-arcilloso,Moderado,0.5,1732.2,243.0,65.1,173.3,11.4,45.2,92,2.88,12000,0.86,1866,1.04,0.0
OLV_42_1233,Sevilla,Superintensivo,Secano,15.18,Hojiblanca,Reposo,Arcilloso,Malo,4.1,708.6,119.0,69.1,96.2,10.7,82.0,39,1.28,8728,0.73,1977,1.36,0.0
OLV_42_1234,Córdoba,Intensivo,Riego,37.64,Picual,Cuajado,Limoso,Bueno,2.3,147.1,332.0,33.0,63.8,14.7,56.5,60,2.13,10775,0.78,1837,1.07,0.0
OLV_42_1235,Cadiz,Tradicional,Secano,35.78,Manzanilla,Engorde,Arenoso,Moderado,5.3,2114.9,137.0,58.0,216.4,14.5,23.6,110,2.1,5156,0.77,1145,0.63,0.0
OLV_42_1236,Jaén,Tradicional,Secano,16.57,Picual,Cuajado,Arenoso,Bueno,16.0,2068.3,422.0,159.4,200.4,14.1,25.5,109,1.26,5118,0.86,1454,1.49,0.0
OLV_42_1237,Sevilla,Tradicional,Riego,37.08,Hojiblanca,Cuajado,Arenoso,Bueno,1.2,111.3,95.0,28.3,33.3,20.4,32.5,140,2.12,10276,0.8,1314,0.23,0.0
OLV_42_1238,Jaén,Superintensivo,Secano,2.97,Picual,Cuajado,Limoso,Moderado,1.5,2360.4,524.0,133.0,368.9,15.1,82.0,148,2.88,9177,0.83,1843,2.95,0.2266
OLV_42_1239,Jaén,Tradicional,Secano,19.94,Picual,Reposo,Franco,Bueno,4.7,853.6,294.0,143.7,369.1,9.2,48.4,66,1.89,5342,0.8,1245,1.88,0.0
OLV_42_1240,Sevilla,Tradicional,Riego,28.44,Cornicabra,Floracion,Limoso,Moderado,13.6,421.0,131.0,245.3,357.8,19.6,77.3,143,2.71,8079,0.88,1557,3.67,0.123
OLV_42_1241,Sevilla,Intensivo,Secano,28.82,Arbequina,Brotacion,Franco-arcilloso,Bueno,0.8,562.3,225.0,72.6,134.9,14.5,75.2,41,2.94,6403,0.86,1336,3.11,0.0
OLV_42_1242,Jaén,Tradicional,Secano,43.47,Picual,Reposo,Franco-arcilloso,Moderado,9.1,2073.9,610.0,68.4,160.6,14.6,36.5,109,1.04,5154,0.82,1394,1.15,0.0
OLV_42_1243,Córdoba,Tradicional,Riego,46.61,Hojiblanca,Engorde,Limoso,Malo,7.5,296.3,234.0,99.7,299.2,12.4,74.5,31,2.0,8657,0.79,1577,4.01,0.0795
OLV_42_1244,Sevilla,Tradicional,Secano,37.72,Manzanilla,Brotacion,Arenoso,Malo,3.3,1506.9,185.0,23.1,73.2,21.3,48.5,105,2.83,5384,0.79,1109,0.32,0.0
OLV_42_1245,Jaén,Intensivo,Secano,2.64,Picual,Cuajado,Franco,Moderado,4.9,1098.5,777.0,68.3,81.0,19.0,40.4,67,1.87,6690,0.82,1369,0.35,0.0
OLV_42_1246,Granada,Intensivo,Riego,42.75,Hojiblanca,Reposo,Limoso,Malo,7.0,1205.2,755.0,55.7,146.4,25.6,37.7,104,1.12,10810,0.78,1616,0.94,0.0
OLV_42_1247,Granada,Tradicional,Secano,8.71,Hojiblanca,Brotacion,Limoso,Moderado,2.9,2146.2,659.0,25.8,30.8,17.7,25.7,117,2.42,5152,0.86,973,0.0,0.0
OLV_42_1248,Jaén,Tradicional,Secano,49.25,Picual,Floracion,Franco,Bueno,10.6,2035.7,500.0,28.0,52.0,22.3,41.1,118,2.59,5381,0.78,1200,0.4,0.0
OLV_42_1249,Sevilla,Tradicional,Secano,21.13,Manzanilla,Engorde,Franco,Moderado,3.4,810.9,46.0,83.3,101.9,14.3,46.1,57,2.46,4502,0.79,1395,0.76,0.0
OLV_42_1250,Córdoba,Tradicional,Secano,24.14,Hojiblanca,Cuajado,Limoso,Moderado,3.3,1250.3,376.0,49.0,99.6,17.0,38.7,55,2.47,5018,0.76,1138,0.02,0.0
OLV_42_1251,Granada,Tradicional,Secano,5.72,Arbequina,Engorde,Arcilloso,Moderado,6.7,440.9,608.0,48.2,138.1,18.9,56.0,59,1.55,4991,0.9,1255,0.86,0.0
OLV_42_1252,Sevilla,Tradicional,Secano,18.67,Hojiblanca,Floracion,Limoso,Bueno,3.3,764.6,71.0,122.6,164.6,15.6,47.2,139,2.7,5085,0.78,1237,2.09,0.0
OLV_42_1253,Jaén,Tradicional,Secano,38.66,Picual,Floracion,Franco,Moderado,10.5,855.7,485.0,128.3,161.8,15.9,43.4,103,1.43,5067,0.84,1012,1.41,0.0
OLV_42_1254,Sevilla,Superintensivo,Riego,17.0,Hojiblanca,Floracion,Arcilloso,Moderado,1.4,346.2,191.0,273.9,380.0,16.5,104.2,114,1.01,12000,0.8,1874,3.18,0.3194
OLV_42_1255,Sevilla,Intensivo,Secano,49.77,Hojiblanca,Floracion,Franco,Moderado,3.9,1803.3,132.0,58.1,67.8,14.2,38.6,66,1.14,6543,0.76,1416,0.79,0.0
OLV_42_1256,Granada,Tradicional,Secano,27.99,Hojiblanca,Floracion,Franco-arcilloso,Malo,2.0,1643.7,689.0,54.9,120.2,13.8,64.2,149,2.75,5467,0.77,1224,1.34,0.0
OLV_42_1257,Málaga,Tradicional,Secano,26.19,Arbequina,Floracion,Limoso,Moderado,6.3,1997.7,302.0,29.9,50.0,22.2,22.0,90,1.34,4983,0.84,1309,0.0,0.0
OLV_42_1258,Jaén,Intensivo,Secano,32.77,Picual,Cuajado,Franco-arcilloso,Bueno,9.6,1177.4,369.0,,55.2,12.4,36.8,48,2.45,6299,0.84,1504,0.0,0.0
OLV_42_1259,Sevilla,Intensivo,Riego,2.08,Manzanilla,Floracion,Franco-arcilloso,Moderado,4.1,62.8,67.0,135.3,160.1,12.5,72.3,107,2.3,10601,0.74,1542,3.24,0.0518
OLV_42_1260,Cadiz,Intensivo,Riego,48.11,Manzanilla,Reposo,Limoso,Malo,3.1,461.3,142.0,86.1,258.1,13.1,82.0,38,0.87,10971,0.74,1500,4.54,0.0
OLV_42_1261,Sevilla,Intensivo,Secano,21.27,Manzanilla,Cuajado,Franco-arcilloso,Malo,1.6,2058.2,171.0,13.8,48.3,14.4,33.8,97,2.46,6186,0.82,1290,0.56,0.0
OLV_42_1262,Sevilla,Tradicional,Riego,17.99,Arbequina,Engorde,Franco-arcilloso,Moderado,4.2,93.8,302.0,297.5,380.0,12.6,75.3,46,2.53,8177,0.84,1412,4.45,0.1617
OLV_42_1263,Cadiz,Tradicional,Riego,35.83,Manzanilla,Cuajado,Franco-arcilloso,Malo,1.1,634.2,176.0,168.7,380.0,13.8,61.4,109,2.5,8042,0.78,1305,4.16,0.1693
OLV_42_1264,Jaén,Tradicional,Secano,18.46,Picual,Brotacion,Arcilloso,Moderado,4.1,1218.2,563.0,26.4,47.2,20.0,37.3,57,2.91,5198,0.83,1059,0.27,0.0
OLV_42_1265,Sevilla,Superintensivo,Riego,21.9,Manzanilla,Cuajado,Limoso,Malo,2.4,114.9,37.0,9.9,14.9,17.0,37.6,83,1.79,12000,0.74,1859,0.0,0.0
OLV_42_1266,Sevilla,Tradicional,Riego,23.03,Manzanilla,Floracion,Arenoso,Moderado,4.4,273.2,186.0,25.1,89.9,15.5,30.7,51,2.2,8672,0.77,1436,1.19,0.0
OLV_42_1267,Jaén,Superintensivo,Secano,31.87,Picual,Cuajado,Franco-arcilloso,Bueno,5.9,593.5,484.0,62.6,199.5,19.7,37.0,32,2.27,8542,0.9,1492,2.0,0.0
OLV_42_1268,Córdoba,Superintensivo,Secano,49.49,Picual,Brotacion,Limoso,Bueno,0.0,1657.8,285.0,90.7,278.7,13.3,36.7,51,1.71,8558,0.84,1756,2.57,0.0
OLV_42_1269,Córdoba,Tradicional,Secano,14.43,Hojiblanca,Cuajado,Limoso,Bueno,3.7,1505.9,381.0,101.7,120.0,18.0,38.1,138,2.09,5254,0.81,1173,0.53,0.0
OLV_42_1270,Córdoba,Tradicional,Secano,6.29,Hojiblanca,Cuajado,Franco-arcilloso,Bueno,5.0,697.8,205.0,80.0,183.7,15.7,36.6,38,2.38,5354,0.79,1143,1.69,0.0
OLV_42_1271,Sevilla,Tradicional,Secano,21.56,Hojiblanca,Floracion,Franco-arcilloso,Malo,8.4,1100.3,86.0,79.0,137.4,14.2,66.8,110,1.31,5218,0.8,1244,2.05,0.0
OLV_42_1272,Granada,Intensivo,Secano,27.89,Picual,Reposo,Limoso,Malo,3.6,164.7,551.0,177.9,266.3,16.6,72.2,145,1.01,6580,0.82,1387,4.03,0.0
OLV_42_1273,Sevilla,Tradicional,Secano,4.37,Manzanilla,Brotacion,Limoso,Moderado,4.5,1565.8,132.0,182.3,380.0,8.0,65.5,113,1.0,4958,0.75,944,3.28,0.0427
OLV_42_1274,Sevilla,Tradicional,Secano,10.31,Arbequina,Engorde,Limoso,Moderado,7.8,304.7,0.0,78.1,194.6,13.4,66.4,109,2.08,5266,0.84,1245,1.81,0.0
OLV_42_1275,Córdoba,Intensivo,Secano,4.45,Picual,Engorde,Limoso,Bueno,2.8,976.8,168.0,62.1,90.9,17.0,57.3,43,1.96,6788,0.83,1371,1.32,0.0
OLV_42_1276,Granada,Tradicional,Secano,22.91,Picual,Floracion,Arcilloso,Malo,14.7,700.9,674.0,46.8,125.7,10.4,61.7,30,1.55,4870,0.84,1456,1.98,0.0
OLV_42_1277,Córdoba,Tradicional,Secano,48.28,Hojiblanca,Cuajado,Franco-arcilloso,Bueno,4.8,1287.8,361.0,102.2,380.0,21.4,38.7,59,2.24,5481,0.77,1035,1.9,0.0442
OLV_42_1278,Córdoba,Tradicional,Secano,43.06,Picual,Brotacion,Arcilloso,Malo,0.9,1036.0,334.0,27.1,70.2,16.7,49.0,49,2.14,5385,0.87,1042,0.87,0.0
OLV_42_1279,Córdoba,Tradicional,Riego,24.74,Picual,Engorde,Franco-arcilloso,Malo,3.9,106.5,328.0,220.0,380.0,19.0,65.7,112,1.68,9815,0.81,1159,4.03,0.1717
OLV_42_1280,Sevilla,Tradicional,Riego,24.64,Manzanilla,Engorde,Arcilloso,Moderado,6.9,1400.2,201.0,112.3,380.0,11.3,56.0,31,2.73,9362,0.8,1463,4.25,0.0776
OLV_42_1281,Granada,Tradicional,Riego,2.14,Hojiblanca,Brotacion,Arcilloso,Moderado,4.1,1795.4,737.0,121.8,332.7,17.7,74.3,37,1.97,8746,0.86,1541,3.68,0.0787
OLV_42_1282,Córdoba,Tradicional,Riego,34.37,Picual,Cuajado,Arenoso,Bueno,7.2,1993.0,381.0,77.2,272.1,23.5,19.2,52,2.87,8349,0.82,1671,1.65,0.0
OLV_42_1283,Cadiz,Superintensivo,Riego,35.41,Arbequina,Floracion,Limoso,Moderado,2.4,1491.2,132.0,77.7,92.2,19.7,46.4,115,1.81,12000,0.89,1902,0.43,0.0
OLV_42_1284,Córdoba,Intensivo,Secano,31.76,Hojiblanca,Cuajado,Limoso,Moderado,4.5,1604.4,329.0,91.2,239.1,16.8,49.5,79,2.37,6426,0.81,1528,2.79,0.0353
OLV_42_1285,Cadiz,Tradicional,Riego,40.59,Manzanilla,Engorde,Franco,Bueno,2.7,1314.4,199.0,133.9,233.7,14.6,38.1,116,2.28,9910,0.78,1347,2.87,0.0
OLV_42_1286,Córdoba,Intensivo,Riego,25.3,Picual,Reposo,Arcilloso,Moderado,7.3,2198.0,193.0,17.4,36.9,21.7,42.6,111,2.06,11164,0.78,1681,0.0,0.0
OLV_42_1287,Granada,Intensivo,Secano,39.72,Picual,Engorde,Arcilloso,Bueno,7.3,1147.4,622.0,27.0,66.5,16.8,35.3,52,2.02,6848,0.76,1423,0.0,0.0
OLV_42_1288,Jaén,Tradicional,Secano,12.32,Picual,Brotacion,Limoso,Malo,5.3,1345.3,672.0,116.8,213.1,20.2,82.0,90,1.01,5589,0.83,1100,4.15,0.0666
OLV_42_1289,Sevilla,Intensivo,Secano,28.18,Arbequina,Floracion,Arenoso,Malo,4.4,363.2,79.0,240.9,380.0,21.3,63.2,46,1.17,6373,0.86,1634,4.03,0.5006
OLV_42_1290,Córdoba,Tradicional,Secano,14.19,Manzanilla,Cuajado,Arenoso,Bueno,1.2,1443.9,195.0,140.2,380.0,17.0,18.0,79,1.99,5269,0.79,876,1.91,0.0
OLV_42_1291,Jaén,Tradicional,Secano,48.45,Hojiblanca,Floracion,Franco,Moderado,7.3,1305.7,557.0,138.6,171.7,16.5,43.9,106,1.53,5257,0.75,1296,2.37,0.0
OLV_42_1292,Granada,Tradicional,Riego,3.39,Picual,Floracion,Limoso,Malo,13.5,1147.3,698.0,166.1,222.4,22.5,82.0,119,2.2,9333,0.81,1636,3.15,0.1904
OLV_42_1293,Granada,Tradicional,Secano,14.99,Cornicabra,Reposo,Arcilloso,Bueno,3.8,1129.9,713.0,52.5,184.4,17.6,56.1,144,1.97,5400,0.85,1072,1.65,0.0
OLV_42_1294,Granada,Tradicional,Secano,28.95,Picual,Cuajado,Arcilloso,Malo,4.3,2035.9,800.0,14.7,19.7,17.7,39.3,132,2.78,5275,0.81,1031,0.0,0.0
OLV_42_1295,Málaga,Intensivo,Secano,42.7,Arbequina,Reposo,Franco-arcilloso,Malo,3.6,1221.7,217.0,44.9,172.1,15.6,44.5,40,2.84,6670,0.87,1485,1.8,0.0
OLV_42_1296,Sevilla,Tradicional,Riego,33.87,Hojiblanca,Cuajado,Limoso,Malo,7.0,100.6,35.0,145.8,380.0,15.4,82.0,75,1.26,8603,0.77,1463,5.5,0.2772
OLV_42_1297,Jaén,Tradicional,Secano,2.11,Picual,Cuajado,Arenoso,Malo,4.0,1439.6,455.0,92.2,136.7,14.1,45.2,130,1.87,5721,0.86,1139,2.32,0.0
OLV_42_1298,Jaén,Tradicional,Secano,4.75,Picual,Engorde,Franco,Moderado,4.7,1720.6,518.0,44.5,119.0,20.5,32.1,92,1.44,5326,0.82,1234,0.26,0.0
OLV_42_1299,Jaén,Tradicional,Secano,49.75,Picual,Reposo,Arenoso,Bueno,5.2,64.5,575.0,52.8,108.3,19.9,38.2,51,2.66,5879,0.83,1209,0.09,0.0
OLV_42_1300,Sevilla,Intensivo,Secano,13.92,Manzanilla,Floracion,Limoso,Bueno,16.9,1520.6,215.0,20.2,50.7,16.1,33.7,69,0.98,5754,0.78,1555,0.0,0.0
OLV_42_1301,Sevilla,Tradicional,Secano,47.72,Picual,Engorde,Franco,Moderado,2.1,1993.4,149.0,33.8,106.5,16.2,20.1,141,2.82,5340,0.81,1019,0.28,0.0
OLV_42_1302,Jaén,Intensivo,Secano,20.82,Picual,Brotacion,Arcilloso,Bueno,7.6,1756.1,546.0,27.1,75.1,16.2,39.8,72,0.9,5918,0.82,1644,0.14,0.0
OLV_42_1303,Málaga,Tradicional,Secano,22.53,Hojiblanca,Cuajado,Franco,Moderado,3.0,1638.5,319.0,170.3,380.0,16.0,57.8,138,2.73,5809,0.77,1005,3.26,0.0856
OLV_42_1304,Jaén,Intensivo,Secano,36.3,Picual,Brotacion,Arcilloso,Moderado,14.7,1849.2,598.0,57.9,170.5,17.7,44.4,97,2.1,6890,0.87,1789,1.49,0.0
OLV_42_1305,Jaén,Intensivo,Riego,29.78,Picual,Cuajado,Franco-arcilloso,Moderado,1.6,89.8,667.0,301.5,380.0,15.5,65.3,78,0.93,10793,0.87,1548,4.58,0.3956
OLV_42_1306,Córdoba,Tradicional,Secano,41.79,Picual,Reposo,Arenoso,Bueno,9.7,1068.0,176.0,13.8,33.5,22.5,23.6,146,1.09,4901,0.79,1399,0.0,0.0
OLV_42_1307,Jaén,Tradicional,Secano,32.02,Picual,Brotacion,Franco,Bueno,9.0,280.3,457.0,111.7,124.8,17.2,52.9,92,0.86,5265,0.84,1139,1.8,0.0
OLV_42_1308,Córdoba,Tradicional,Secano,26.76,Hojiblanca,Reposo,Franco-arcilloso,Moderado,6.9,396.1,399.0,47.3,53.1,16.0,53.2,94,1.45,5510,0.79,1070,0.11,0.0
OLV_42_1309,Córdoba,Tradicional,Riego,49.39,Picual,Engorde,Franco-arcilloso,Malo,2.9,1038.9,419.0,6.9,11.9,19.4,38.0,31,0.82,8522,0.77,1425,0.34,0.0
OLV_42_1310,Jaén,Tradicional,Secano,43.4,Picual,Reposo,Limoso,Bueno,10.6,795.7,504.0,96.2,170.5,13.8,35.2,119,1.36,5038,0.83,1352,1.36,0.0
OLV_42_1311,Córdoba,Tradicional,Secano,10.11,Picual,Engorde,Franco,Malo,5.5,570.2,289.0,39.9,106.7,10.8,63.4,109,2.54,5069,0.84,1329,0.85,0.0
OLV_42_1312,Sevilla,Intensivo,Riego,47.16,Hojiblanca,Brotacion,Franco-arcilloso,Moderado,2.0,217.4,304.0,10.1,21.8,18.3,40.4,97,0.86,11761,0.81,1599,0.31,0.0
OLV_42_1313,Granada,Intensivo,Secano,41.3,Picual,Brotacion,Franco,Bueno,2.2,1027.3,585.0,,253.8,12.9,28.9,31,2.24,6438,0.78,1382,1.82,0.0
OLV_42_1314,Córdoba,Superintensivo,Secano,32.17,Cornicabra,Floracion,Franco,Bueno,0.7,867.9,338.0,97.6,119.6,20.4,46.2,100,0.84,8099,0.87,1821,0.63,0.0
OLV_42_1315,Sevilla,Tradicional,Secano,18.76,Hojiblanca,Cuajado,Arcilloso,Bueno,5.6,1571.3,0.0,68.0,249.5,12.9,61.7,51,2.69,5081,0.81,1418,3.0,0.0
OLV_42_1316,Jaén,Tradicional,Secano,7.45,Picual,Brotacion,Arcilloso,Bueno,3.2,75.9,627.0,27.8,95.1,16.7,42.2,118,1.79,5652,0.82,1208,0.93,0.0
OLV_42_1317,Jaén,Superintensivo,Riego,46.09,Hojiblanca,Floracion,Arenoso,Bueno,5.5,715.5,511.0,122.9,209.0,19.7,29.8,88,2.01,12000,0.78,1970,0.79,0.0361
OLV_42_1318,Sevilla,Intensivo,Secano,39.0,Manzanilla,Brotacion,Arenoso,Malo,4.3,1337.5,308.0,63.2,134.0,23.6,26.6,41,1.75,6453,0.74,1484,0.87,0.0
OLV_42_1319,Granada,Tradicional,Riego,26.97,Hojiblanca,Cuajado,Limoso,Malo,5.6,850.3,595.0,134.1,380.0,20.4,82.0,130,1.21,8605,0.78,1335,2.48,0.1603
OLV_42_1320,Jaén,Intensivo,Riego,12.23,Picual,Brotacion,Arcilloso,Moderado,6.3,128.4,699.0,182.3,380.0,21.5,68.5,59,1.7,11180,0.86,1712,4.06,0.1422
OLV_42_1321,Jaén,Tradicional,Secano,3.47,Picual,Floracion,Limoso,Moderado,10.5,1305.8,598.0,18.5,42.5,18.0,33.4,82,1.88,4876,0.85,1109,0.0,0.0
OLV_42_1322,Jaén,Tradicional,Secano,13.9,Picual,Reposo,Limoso,Malo,4.1,362.2,537.0,114.5,369.7,10.8,60.8,133,2.38,5505,0.79,871,3.95,0.0
OLV_42_1323,Jaén,Tradicional,Riego,9.54,Picual,Engorde,Franco-arcilloso,Moderado,2.0,1325.3,536.0,61.7,152.3,17.1,35.8,60,1.19,9732,0.81,1201,1.18,0.0
OLV_42_1324,Jaén,Tradicional,Secano,11.18,Hojiblanca,Floracion,Arenoso,Malo,2.1,1924.1,531.0,162.6,380.0,21.7,33.0,96,1.06,5819,0.86,1236,1.79,0.0138
OLV_42_1325,Córdoba,Tradicional,Riego,27.43,Picual,Brotacion,Franco,Malo,2.9,1492.8,338.0,112.0,273.1,14.0,77.0,37,1.8,8728,0.82,1404,4.81,0.0249
OLV_42_1326,Jaén,Tradicional,Secano,45.01,Picual,Brotacion,Franco-arcilloso,Bueno,6.2,89.8,588.0,44.0,132.8,14.0,54.8,71,2.46,5655,0.77,1242,1.61,0.0
OLV_42_1327,Jaén,Tradicional,Secano,26.45,Picual,Engorde,Arenoso,Moderado,2.3,1139.1,365.0,43.1,56.7,17.7,35.6,126,2.86,5499,0.82,1055,0.15,0.0
OLV_42_1328,Málaga,Intensivo,Secano,27.23,Picual,Cuajado,Franco,Bueno,5.7,1567.4,350.0,76.6,218.9,18.0,29.6,70,1.08,6991,0.85,1409,0.56,0.0
OLV_42_1329,Córdoba,Intensivo,Riego,28.14,Picual,Cuajado,Franco,Malo,7.7,536.4,245.0,1.8,15.4,18.8,44.5,42,1.73,10528,0.8,1746,0.0,0.0
OLV_42_1330,Sevilla,Intensivo,Secano,15.43,Picual,Brotacion,Arenoso,Bueno,6.4,1327.3,64.0,12.7,27.0,17.3,36.2,54,0.89,6356,0.86,1536,1.08,0.0
OLV_42_1331,Jaén,Intensivo,Secano,39.1,Picual,Reposo,Limoso,Malo,10.2,295.5,508.0,272.2,370.8,21.3,64.9,90,2.83,6100,0.81,1394,3.97,0.064
OLV_42_1332,Málaga,Intensivo,Secano,3.16,Hojiblanca,Reposo,Arenoso,Malo,2.6,437.7,321.0,52.9,115.5,11.6,30.7,127,1.88,6402,0.88,1198,1.3,0.0
OLV_42_1333,Córdoba,Tradicional,Secano,46.81,Hojiblanca,Cuajado,Limoso,Malo,6.4,104.8,331.0,112.6,367.7,17.3,64.5,117,2.24,5030,0.76,1216,4.65,0.0897
OLV_42_1334,Granada,Tradicional,Secano,25.21,Picual,Reposo,Franco,Bueno,6.2,1624.0,579.0,137.3,380.0,17.2,52.3,72,1.42,5768,0.78,1081,1.42,0.0
OLV_42_1335,Jaén,Tradicional,Secano,28.47,Picual,Cuajado,Limoso,Moderado,6.7,1812.0,657.0,123.9,380.0,19.7,49.2,135,1.67,5341,0.79,1359,3.75,0.0736
OLV_42_1336,Málaga,Intensivo,Secano,33.17,Manzanilla,Brotacion,Limoso,Moderado,4.5,660.2,197.0,316.7,380.0,11.1,60.5,66,2.03,6042,0.75,1806,2.53,0.1554
OLV_42_1337,Córdoba,Tradicional,Riego,21.64,Picual,Reposo,Arenoso,Bueno,3.4,1332.8,436.0,9.7,14.7,19.1,43.8,99,2.61,9067,0.83,1394,0.0,0.0
OLV_42_1338,Córdoba,Tradicional,Riego,25.06,Hojiblanca,Brotacion,Franco,Moderado,6.4,1126.2,280.0,11.4,20.2,14.5,22.0,121,1.4,8189,0.81,1558,0.29,0.0
OLV_42_1339,Granada,Tradicional,Secano,25.19,Picual,Engorde,Limoso,Malo,13.9,805.8,596.0,49.9,162.9,18.5,44.2,88,2.84,4807,0.84,1600,0.63,0.0
OLV_42_1340,Sevilla,Tradicional,Secano,46.46,Arbequina,Cuajado,Franco-arcilloso,Moderado,3.8,1064.6,174.0,81.6,304.6,18.0,77.9,77,0.84,5030,0.9,1075,3.76,0.0531
OLV_42_1341,Sevilla,Superintensivo,Riego,41.35,Manzanilla,Brotacion,Franco,Bueno,1.2,2011.6,55.0,168.9,380.0,20.4,30.0,92,2.59,12000,0.76,1858,2.06,0.0
OLV_42_1342,Málaga,Tradicional,Secano,7.86,Hojiblanca,Cuajado,Limoso,Malo,5.1,2324.7,202.0,63.3,154.0,18.2,60.3,140,1.0,5064,0.81,1390,2.22,0.0
OLV_42_1343,Sevilla,Intensivo,Riego,40.92,Manzanilla,Reposo,Arenoso,Moderado,5.7,776.0,75.0,52.3,154.7,11.1,28.7,119,1.14,11836,0.79,1608,0.27,0.0
OLV_42_1344,Granada,Tradicional,Secano,11.03,Cornicabra,Engorde,Arcilloso,Moderado,6.0,451.2,647.0,315.4,380.0,17.6,68.8,119,1.02,5180,0.87,1044,5.5,0.1667
OLV_42_1345,Jaén,Tradicional,Secano,10.93,Picual,Brotacion,Franco,Moderado,6.4,669.0,569.0,205.1,380.0,14.9,53.7,126,1.69,5476,0.8,987,2.73,0.0306
OLV_42_1346,Jaén,Tradicional,Secano,40.21,Picual,Brotacion,Franco-arcilloso,Malo,8.0,1473.3,547.0,125.0,380.0,21.8,69.5,145,1.29,5623,0.77,986,3.91,0.0712
OLV_42_1347,Jaén,Superintensivo,Secano,41.39,Picual,Floracion,Franco,Malo,6.2,422.2,561.0,169.9,380.0,20.0,77.4,60,2.23,8617,0.84,1860,3.58,0.3602
OLV_42_1348,Málaga,Superintensivo,Secano,36.78,Cornicabra,Engorde,Franco,Malo,2.0,1485.9,169.0,129.6,238.2,13.1,58.1,139,1.42,8610,0.82,1627,4.05,0.124
OLV_42_1349,Jaén,Tradicional,Secano,19.98,Picual,Cuajado,Arcilloso,Malo,5.6,439.1,512.0,231.5,380.0,16.6,74.9,137,0.81,5203,0.9,988,3.99,0.2587
OLV_42_1350,Granada,Tradicional,Secano,34.76,Picual,Floracion,Limoso,Moderado,19.3,1648.6,507.0,69.0,92.3,21.2,24.5,90,1.55,5513,0.81,1452,0.07,0.0
OLV_42_1351,Sevilla,Tradicional,Secano,6.54,Manzanilla,Cuajado,Franco,Moderado,4.2,688.1,290.0,84.0,236.1,25.1,59.5,63,1.97,5199,0.72,1030,2.61,0.0
OLV_42_1352,Jaén,Tradicional,Riego,43.97,Hojiblanca,Cuajado,Franco-arcilloso,Bueno,3.1,457.7,502.0,55.0,74.6,10.9,49.0,124,0.86,8764,0.78,1105,0.5,0.0
OLV_42_1353,Granada,Tradicional,Riego,20.95,Hojiblanca,Reposo,Arcilloso,Bueno,4.0,1245.9,554.0,66.1,83.6,15.4,34.7,108,0.86,8328,0.82,1467,1.87,0.0
OLV_42_1354,Jaén,Tradicional,Riego,47.42,Picual,Cuajado,Limoso,Moderado,7.1,533.6,534.0,269.7,380.0,19.6,82.0,133,1.98,44560,0.78,1495,2.81,0.2189
OLV_42_1355,Granada,Tradicional,Secano,18.27,Hojiblanca,Floracion,Franco-arcilloso,Bueno,4.7,2357.2,693.0,6.7,27.0,20.1,42.6,115,1.17,5407,0.84,1317,0.0,0.0
OLV_42_1356,Sevilla,Intensivo,Secano,10.96,Manzanilla,Reposo,Limoso,Malo,3.1,392.6,187.0,208.0,380.0,15.0,82.0,120,2.36,6505,0.78,1493,5.49,0.04
OLV_42_1357,Córdoba,Tradicional,Secano,33.55,Picual,Cuajado,Franco-arcilloso,Moderado,1.8,1684.6,303.0,27.5,101.9,20.3,33.6,147,1.21,5642,0.82,1341,0.41,0.0
OLV_42_1358,Jaén,Tradicional,Secano,22.57,Picual,Floracion,Arenoso,Bueno,15.2,525.5,668.0,133.8,256.6,16.1,20.6,141,2.98,5010,0.85,1514,1.99,0.0
OLV_42_1359,Jaén,Tradicional,Secano,18.16,Picual,Engorde,Franco,Moderado,7.7,196.3,343.0,182.9,380.0,15.8,61.0,41,2.23,4949,0.82,1097,3.38,0.1508
OLV_42_1360,Córdoba,Tradicional,Secano,2.54,Picual,Reposo,Arcilloso,Moderado,1.5,695.5,310.0,86.1,170.9,15.1,50.0,66,1.51,5227,0.82,996,2.03,0.0
OLV_42_1361,Jaén,Tradicional,Secano,24.76,Picual,Engorde,Arcilloso,Moderado,6.4,1274.3,406.0,35.2,40.2,11.7,35.6,140,2.9,5250,0.83,1064,0.0,0.0
OLV_42_1362,Jaén,Tradicional,Secano,37.83,Picual,Brotacion,Franco,Moderado,4.2,1674.7,562.0,276.7,380.0,18.5,60.4,95,1.38,5365,0.82,1246,3.44,0.0961
OLV_42_1363,Cadiz,Tradicional,Riego,35.88,Arbequina,Engorde,Arenoso,Malo,6.8,1346.1,122.0,76.6,131.3,11.2,28.9,86,1.75,8235,0.89,1242,0.16,0.0
OLV_42_1364,Córdoba,Tradicional,Secano,42.45,Picual,Reposo,Arcilloso,Malo,5.4,198.3,498.0,36.5,113.0,17.8,81.9,146,2.11,5108,0.79,1138,0.87,0.0
OLV_42_1365,Granada,Tradicional,Secano,31.17,Picual,Cuajado,Arenoso,Moderado,5.0,2233.1,658.0,45.6,113.4,21.8,18.5,117,2.67,5251,0.81,1327,0.43,0.0
OLV_42_1366,Jaén,Tradicional,Secano,29.18,Picual,Engorde,Limoso,Malo,7.1,1175.6,502.0,7.2,32.4,10.9,33.7,132,1.21,5502,0.82,1082,0.54,0.0
OLV_42_1367,Córdoba,Tradicional,Riego,46.87,Hojiblanca,Engorde,Franco,Malo,15.4,2361.7,339.0,149.8,306.6,28.0,53.2,122,2.3,7622,0.8,1618,3.25,0.0554
OLV_42_1368,Jaén,Tradicional,Secano,29.84,Picual,Reposo,Arenoso,Malo,9.0,2088.2,721.0,65.7,209.8,13.0,46.0,112,2.65,5112,0.86,1181,0.54,0.0
OLV_42_1369,Málaga,Intensivo,Riego,7.22,Picual,Engorde,Franco-arcilloso,Moderado,2.0,321.6,262.0,180.3,380.0,19.3,77.6,134,1.38,10690,0.85,1540,4.21,0.1184
OLV_42_1370,Sevilla,Intensivo,Riego,10.29,Manzanilla,Cuajado,Limoso,Moderado,9.0,127.7,185.0,217.0,357.8,20.6,54.1,46,0.82,10441,0.73,1819,4.0,0.2658
OLV_42_1371,Cadiz,Tradicional,Secano,9.0,Hojiblanca,Brotacion,Arcilloso,Malo,1.4,352.4,268.0,25.0,58.0,15.9,78.4,82,0.87,4971,0.75,1036,0.4,0.0
OLV_42_1372,Jaén,Tradicional,Secano,30.72,Picual,Engorde,Arenoso,Malo,4.5,562.4,595.0,287.1,380.0,17.5,54.3,142,1.6,5566,0.84,1198,4.63,0.0569
OLV_42_1373,Granada,Tradicional,Riego,21.56,Picual,Cuajado,Limoso,Moderado,2.1,285.8,709.0,134.0,216.9,20.5,58.3,90,2.96,8612,0.81,1371,3.33,0.1532
OLV_42_1374,Málaga,Intensivo,Secano,34.82,Hojiblanca,Floracion,Franco-arcilloso,Bueno,4.2,2005.5,87.0,157.7,380.0,12.8,56.5,127,2.84,6211,0.87,1250,4.04,0.131
OLV_42_1375,Málaga,Intensivo,Secano,14.61,Arbequina,Cuajado,Franco,Moderado,7.5,468.9,233.0,60.9,111.7,10.9,34.1,85,1.49,6093,0.87,1466,0.32,0.0
OLV_42_1376,Sevilla,Tradicional,Riego,37.1,Manzanilla,Cuajado,Limoso,Bueno,2.0,2097.0,235.0,13.7,45.6,19.9,40.8,98,2.48,8807,0.79,1336,0.0,0.0
OLV_42_1377,Jaén,Superintensivo,Riego,10.74,Picual,Engorde,Limoso,Malo,1.4,2150.5,653.0,35.0,78.7,16.7,50.2,146,1.8,12000,0.78,1715,0.63,0.0
OLV_42_1378,Sevilla,Intensivo,Secano,15.97,Manzanilla,Engorde,Limoso,Moderado,2.6,229.4,156.0,32.3,134.6,17.8,55.9,126,2.0,6835,0.74,1325,1.22,0.0
OLV_42_1379,Córdoba,Tradicional,Riego,24.85,Hojiblanca,Reposo,Limoso,Moderado,4.1,1262.8,308.0,61.3,79.1,17.9,58.2,105,2.64,9428,0.75,1581,1.2,0.0
OLV_42_1380,Jaén,Superintensivo,Riego,25.13,Picual,Cuajado,Franco,Bueno,6.1,911.8,488.0,128.0,380.0,19.8,55.4,141,0.84,12000,0.82,2098,2.42,0.1027
OLV_42_1381,Córdoba,Intensivo,Riego,32.79,Hojiblanca,Floracion,Franco,Malo,1.3,673.4,308.0,41.7,151.0,18.8,42.0,79,1.74,11978,0.81,1690,0.0,0.0
OLV_42_1382,Sevilla,Intensivo,Secano,26.64,Manzanilla,Cuajado,Limoso,Malo,3.8,654.0,63.0,222.6,269.8,12.9,82.0,101,2.29,5909,0.72,1137,4.88,0.3008
OLV_42_1383,Jaén,Tradicional,Secano,9.37,Picual,Reposo,Franco-arcilloso,Bueno,3.0,265.3,436.0,42.9,94.1,22.2,33.1,136,2.68,5367,0.83,994,0.78,0.0
OLV_42_1384,Jaén,Intensivo,Secano,29.55,Picual,Floracion,Arcilloso,Bueno,6.6,1269.5,528.0,100.9,111.6,15.4,47.7,47,2.9,6418,0.8,1585,1.48,0.0
OLV_42_1385,Cadiz,Superintensivo,Secano,11.85,Manzanilla,Floracion,Franco-arcilloso,Moderado,4.9,823.2,131.0,15.1,22.8,16.9,37.5,45,1.42,8591,0.77,1775,0.0,0.0
OLV_42_1386,Málaga,Intensivo,Secano,29.31,Hojiblanca,Floracion,Arcilloso,Malo,8.2,435.8,327.0,244.2,318.4,23.3,64.0,91,2.58,6605,0.8,1534,3.9,0.3066
OLV_42_1387,Granada,Tradicional,Riego,15.96,Picual,Engorde,Franco-arcilloso,Moderado,6.8,1361.0,701.0,62.8,248.4,13.6,61.9,122,2.26,8243,0.79,1504,1.97,0.0
OLV_42_1388,Córdoba,Superintensivo,Riego,29.42,Manzanilla,Floracion,Limoso,Bueno,0.8,873.1,317.0,65.2,116.7,16.9,56.2,119,1.86,12000,0.8,1977,1.83,0.0
OLV_42_1389,Sevilla,Tradicional,Secano,30.02,Manzanilla,Brotacion,Franco,Bueno,0.9,1795.3,54.0,116.3,243.6,15.3,52.7,32,1.07,5159,0.82,1020,3.14,0.0349
OLV_42_1390,Sevilla,Tradicional,Riego,14.7,Manzanilla,Cuajado,Limoso,Malo,5.5,219.8,98.0,299.0,380.0,22.1,82.0,77,1.28,8887,0.78,1403,3.23,0.3886
OLV_42_1391,Granada,Tradicional,Secano,26.01,Picual,Cuajado,Arcilloso,Malo,4.0,381.4,562.0,261.9,380.0,19.5,63.6,52,2.57,4954,0.93,1002,5.13,0.3924
OLV_42_1392,Málaga,Superintensivo,Riego,44.33,Manzanilla,Floracion,Franco,Malo,0.0,1014.9,234.0,39.0,68.0,15.1,70.6,121,2.31,12000,0.81,1744,0.95,0.0
OLV_42_1393,Jaén,Tradicional,Secano,2.73,Picual,Floracion,Limoso,Malo,8.2,2160.7,428.0,29.7,34.7,16.9,52.6,84,1.57,4660,0.78,1051,0.0,0.0
OLV_42_1394,Sevilla,Tradicional,Secano,37.04,Manzanilla,Engorde,Franco-arcilloso,Bueno,6.0,352.7,266.0,211.5,380.0,21.5,69.5,144,2.99,4795,0.8,1408,3.98,0.0807
OLV_42_1395,Málaga,Intensivo,Riego,28.99,Picual,Cuajado,Arcilloso,Bueno,10.9,2012.9,249.0,27.4,40.8,17.4,32.8,149,2.85,10374,0.83,1796,0.0,0.0
OLV_42_1396,Córdoba,Intensivo,Riego,41.03,Picual,Floracion,Franco,Moderado,2.5,618.2,431.0,75.0,130.8,15.4,48.0,68,2.12,11206,0.84,1493,0.82,0.0
OLV_42_1397,Jaén,Tradicional,Secano,33.91,Picual,Reposo,Franco-arcilloso,Bueno,3.3,751.3,464.0,147.5,195.9,16.8,51.4,145,0.98,5393,0.84,1171,3.6,0.0
OLV_42_1398,Jaén,Tradicional,Secano,14.59,Picual,Reposo,Franco,Bueno,5.6,1882.8,439.0,123.0,351.5,21.2,19.9,82,0.92,5398,0.8,1250,1.91,0.0
OLV_42_1399,Málaga,Tradicional,Secano,29.7,Arbequina,Floracion,Limoso,Malo,4.3,2062.9,284.0,21.0,52.6,18.9,32.3,77,1.15,4736,0.85,1247,0.02,0.0
OLV_42_1400,Granada,Tradicional,Riego,28.04,Hojiblanca,Engorde,Arenoso,Malo,2.9,272.6,776.0,79.2,97.4,14.0,30.7,67,2.32,8610,0.8,1310,1.5,0.0
OLV_42_1401,Sevilla,Intensivo,Secano,40.82,Manzanilla,Engorde,Franco-arcilloso,Bueno,2.1,2023.4,14.0,101.7,278.8,20.8,40.8,63,2.21,6398,0.7,1516,2.47,0.0
OLV_42_1402,Jaén,Intensivo,Secano,40.57,Picual,Reposo,Arenoso,Moderado,1.9,227.2,619.0,110.4,280.0,19.0,26.9,92,0.93,6901,0.83,1411,1.8,0.0
OLV_42_1403,Granada,Tradicional,Secano,44.18,Picual,Floracion,Arcilloso,Bueno,6.7,2349.2,665.0,37.6,109.8,13.6,35.7,93,2.36,5291,0.82,1094,0.0,0.0
OLV_42_1404,Córdoba,Tradicional,Secano,22.21,Picual,Cuajado,Arcilloso,Malo,4.9,2166.3,377.0,50.6,55.6,15.8,67.7,67,2.92,4981,0.84,1348,1.34,0.0
OLV_42_1405,Córdoba,Tradicional,Secano,38.77,Picual,Floracion,Franco-arcilloso,Malo,7.0,577.5,343.0,71.0,176.5,24.7,59.7,98,2.14,5325,0.81,1207,1.43,0.0
OLV_42_1406,Cadiz,Intensivo,Secano,46.82,Picual,Reposo,Arenoso,Bueno,2.5,1702.2,181.0,133.0,380.0,19.4,38.1,91,1.4,6932,0.79,1342,1.88,0.0
OLV_42_1407,Jaén,Tradicional,Secano,18.02,Picual,Cuajado,Franco-arcilloso,Bueno,4.7,729.7,545.0,138.2,172.9,11.2,78.4,72,1.88,5371,0.84,1360,2.37,0.0969
OLV_42_1408,Cadiz,Tradicional,Secano,17.52,Picual,Cuajado,Limoso,Malo,5.3,676.3,176.0,196.7,380.0,12.4,61.8,40,0.87,5020,0.83,1183,3.65,0.3949
OLV_42_1409,Sevilla,Tradicional,Riego,3.83,Picual,Reposo,Franco-arcilloso,Moderado,4.9,1564.6,273.0,61.3,178.3,15.4,63.8,77,1.42,7811,0.77,1415,2.36,0.0
OLV_42_1410,Granada,Intensivo,Secano,45.59,Picual,Cuajado,Arcilloso,Bueno,9.9,2178.6,655.0,52.2,134.4,14.5,36.0,129,1.88,6662,0.8,1683,0.0,0.0
OLV_42_1411,Sevilla,Intensivo,Riego,33.16,Picual,Cuajado,Arcilloso,Malo,7.9,2334.1,166.0,47.0,155.2,21.3,30.7,128,2.32,10598,0.83,1659,1.02,0.0
OLV_42_1412,Jaén,Tradicional,Secano,19.67,Picual,Floracion,Arcilloso,Moderado,2.9,695.0,471.0,61.8,191.6,16.9,82.0,76,2.88,5171,0.81,1078,1.95,0.0
OLV_42_1413,Málaga,Superintensivo,Riego,23.07,Manzanilla,Brotacion,Franco,Moderado,3.9,2149.8,299.0,68.7,197.3,14.7,39.2,122,1.06,12000,0.84,2006,1.75,0.0
OLV_42_1414,Jaén,Tradicional,Secano,26.37,Picual,Reposo,Limoso,Bueno,6.8,1128.8,512.0,104.0,197.7,19.9,37.7,133,1.44,5827,0.81,1061,1.58,0.0
OLV_42_1415,Jaén,Intensivo,Secano,2.85,Picual,Floracion,Arcilloso,Moderado,5.3,840.1,735.0,48.4,108.5,16.3,55.3,121,1.03,7088,0.81,1539,0.21,0.0
OLV_42_1416,Granada,Tradicional,Secano,29.16,Picual,Floracion,Arcilloso,Malo,5.2,2381.2,657.0,35.2,44.8,12.4,30.3,117,2.4,5962,0.82,1123,0.55,0.0
OLV_42_1417,Córdoba,Tradicional,Secano,15.77,Hojiblanca,Engorde,Franco,Moderado,1.0,2084.1,358.0,23.8,57.5,14.0,33.2,132,2.77,4826,0.81,1056,0.0,0.0
OLV_42_1418,Jaén,Intensivo,Riego,25.51,Picual,Cuajado,Arcilloso,Malo,1.3,283.0,477.0,48.2,170.7,12.1,70.9,84,1.12,10487,0.76,1604,1.79,0.0
OLV_42_1419,Sevilla,Intensivo,Secano,10.76,Hojiblanca,Cuajado,Arenoso,Moderado,2.2,659.5,133.0,31.5,36.5,18.6,30.3,69,2.57,6504,0.78,1379,0.0,0.0
OLV_42_1420,Sevilla,Tradicional,Secano,33.34,Hojiblanca,Floracion,Franco-arcilloso,Moderado,4.3,1127.4,86.0,50.2,63.2,15.0,56.4,119,2.97,5348,0.78,1118,0.58,0.0
OLV_42_1421,Córdoba,Intensivo,Secano,24.44,Arbequina,Brotacion,Franco-arcilloso,Malo,3.1,902.7,287.0,132.4,380.0,14.3,77.6,41,2.98,6125,0.9,1255,3.74,0.1043
OLV_42_1422,Jaén,Tradicional,Secano,10.62,Picual,Cuajado,Arenoso,Bueno,2.9,1297.0,508.0,42.8,60.6,17.1,33.9,109,1.87,5481,0.84,1274,0.0,0.0
OLV_42_1423,Córdoba,Superintensivo,Riego,20.47,Manzanilla,Brotacion,Arenoso,Malo,5.9,1160.5,367.0,97.4,253.6,14.7,31.8,132,2.14,12000,0.8,2097,1.62,0.0
OLV_42_1424,Jaén,Tradicional,Secano,22.05,Picual,Floracion,Arcilloso,Malo,3.1,546.0,567.0,294.8,380.0,14.8,82.0,135,1.43,5646,0.81,1233,5.29,0.3757
OLV_42_1425,Córdoba,Tradicional,Riego,35.92,Cornicabra,Engorde,Franco-arcilloso,Moderado,9.5,2236.9,387.0,60.9,65.9,11.5,28.1,69,1.14,8361,0.87,1485,0.02,0.0
OLV_42_1426,Jaén,Tradicional,Secano,13.68,Picual,Reposo,Arcilloso,Malo,3.6,1910.5,539.0,79.9,137.2,16.5,63.7,92,1.55,5049,0.88,1161,1.56,0.0
OLV_42_1427,Sevilla,Tradicional,Secano,26.04,Arbequina,Reposo,Arcilloso,Bueno,4.4,761.0,248.0,111.2,380.0,18.8,67.7,146,1.58,5317,0.87,1173,3.3,0.0
OLV_42_1428,Sevilla,Intensivo,Riego,47.79,Manzanilla,Cuajado,Arenoso,Bueno,4.4,572.9,72.0,43.5,81.3,13.7,18.9,134,0.92,11143,0.81,1638,0.65,0.0
OLV_42_1429,Jaén,Tradicional,Secano,18.77,Picual,Cuajado,Arenoso,Malo,2.0,1496.8,406.0,175.8,380.0,15.7,29.7,31,1.23,5360,0.76,1343,2.32,0.0506
OLV_42_1430,Sevilla,Tradicional,Secano,17.39,Arbequina,Brotacion,Arcilloso,Bueno,2.5,1247.8,187.0,25.9,81.6,16.2,36.3,38,2.5,4921,0.84,931,0.57,0.0
OLV_42_1431,Málaga,Intensivo,Riego,37.19,Picual,Engorde,Franco-arcilloso,Moderado,3.8,2083.6,298.0,46.6,67.9,17.4,28.3,87,1.47,12000,0.85,1935,0.0,0.0
OLV_42_1432,Jaén,Tradicional,Secano,41.45,Picual,Brotacion,Arcilloso,Malo,8.8,230.5,436.0,185.8,380.0,16.2,82.0,74,1.61,5262,0.86,1237,5.5,0.0938
OLV_42_1433,Sevilla,Intensivo,Riego,11.22,Picual,Floracion,Arenoso,Malo,3.5,1052.3,238.0,13.0,34.0,19.9,36.0,41,0.95,10471,0.81,1468,0.38,0.0
OLV_42_1434,Málaga,Intensivo,Riego,22.71,Arbequina,Engorde,Franco-arcilloso,Bueno,4.2,166.0,121.0,122.9,256.6,15.7,58.2,77,1.07,10322,0.92,1802,3.13,0.0916
OLV_42_1435,Córdoba,Intensivo,Riego,2.16,Cornicabra,Floracion,Franco,Malo,10.0,409.9,343.0,86.3,180.8,11.7,71.6,35,1.07,10237,0.81,1649,4.15,0.0
OLV_42_1436,Sevilla,Intensivo,Secano,33.05,Manzanilla,Cuajado,Franco-arcilloso,Malo,2.9,2296.6,198.0,34.1,94.7,21.3,46.5,103,0.95,6193,0.79,1487,1.64,0.0
OLV_42_1437,Jaén,Tradicional,Secano,19.1,Picual,Cuajado,Limoso,Moderado,8.9,2267.1,588.0,74.1,105.7,20.0,33.8,63,1.86,5287,0.85,1337,1.5,0.0
OLV_42_1438,Jaén,Intensivo,Secano,22.88,Picual,Reposo,Limoso,Moderado,9.9,2218.4,779.0,109.3,280.3,14.2,37.9,105,2.79,6459,0.82,1655,2.1,0.0
OLV_42_1439,Málaga,Intensivo,Riego,16.52,Hojiblanca,Brotacion,Arcilloso,Moderado,5.4,343.1,274.0,278.5,380.0,8.6,68.8,132,2.8,10454,0.77,1819,3.9,0.1235
OLV_42_1440,Córdoba,Intensivo,Riego,21.68,Picual,Floracion,Arenoso,Bueno,4.7,1199.5,285.0,117.5,380.0,14.5,18.0,141,1.44,11187,0.88,1629,1.53,0.0
OLV_42_1441,Jaén,Tradicional,Secano,39.73,Picual,Cuajado,Arcilloso,Malo,8.2,332.3,563.0,7.1,32.4,15.3,36.1,39,1.85,5336,0.78,1423,0.0,0.0
OLV_42_1442,Jaén,Tradicional,Secano,35.09,Picual,Engorde,Arcilloso,Moderado,6.8,2385.7,399.0,59.1,93.2,16.1,27.2,113,1.55,4833,0.82,1273,0.27,0.0
OLV_42_1443,Córdoba,Tradicional,Riego,25.42,Hojiblanca,Cuajado,Franco-arcilloso,Moderado,9.3,2050.1,246.0,32.0,53.5,12.1,26.4,102,1.57,8135,0.83,1561,0.51,0.0
OLV_42_1444,Málaga,Tradicional,Secano,32.65,Manzanilla,Cuajado,Franco-arcilloso,Moderado,4.3,2186.3,378.0,20.1,36.2,17.0,33.5,72,1.96,5011,0.79,1101,0.0,0.0
OLV_42_1445,Jaén,Tradicional,Riego,4.06,Picual,Floracion,Limoso,Bueno,8.5,1018.9,615.0,143.0,380.0,19.0,53.5,49,1.98,7421,0.85,1389,2.65,0.1887
OLV_42_1446,Jaén,Tradicional,Secano,40.7,Picual,Reposo,Limoso,Malo,3.0,386.1,467.0,197.5,380.0,15.1,67.6,114,2.62,5570,0.81,1093,4.57,0.0131
OLV_42_1447,Jaén,Tradicional,Secano,37.48,Picual,Floracion,Limoso,Malo,4.8,25.7,472.0,258.2,379.4,19.5,77.6,142,2.53,5576,0.87,1163,4.74,0.2845
OLV_42_1448,Jaén,Tradicional,Secano,46.03,Manzanilla,Floracion,Franco-arcilloso,Malo,8.9,1070.9,409.0,157.4,380.0,17.0,60.4,130,2.23,5131,0.78,1284,3.82,0.2164
OLV_42_1449,Sevilla,Intensivo,Riego,7.51,Manzanilla,Brotacion,Franco-arcilloso,Bueno,5.1,1615.0,176.0,93.2,296.3,17.3,37.2,124,1.47,11545,0.77,1634,1.76,0.0
OLV_42_1450,Córdoba,Tradicional,Riego,24.72,Arbequina,Reposo,Limoso,Malo,2.5,1658.6,260.0,56.5,185.2,13.3,45.2,116,2.36,9130,0.88,1472,2.24,0.0
OLV_42_1451,Cadiz,Tradicional,Secano,3.41,Manzanilla,Engorde,Arcilloso,Bueno,7.5,335.7,89.0,46.4,122.8,16.5,44.0,89,1.56,5481,0.68,1175,0.18,0.0
OLV_42_1452,Córdoba,Tradicional,Secano,10.67,Hojiblanca,Cuajado,Arcilloso,Moderado,6.1,1322.6,284.0,146.3,380.0,15.1,54.0,79,1.34,5325,0.82,1028,5.21,0.1883
OLV_42_1453,Sevilla,Intensivo,Riego,9.2,Manzanilla,Brotacion,Franco-arcilloso,Bueno,2.1,102.9,0.0,23.0,75.0,14.3,30.4,82,1.61,9637,0.71,1671,0.05,0.0
OLV_42_1454,Córdoba,Superintensivo,Secano,26.01,Hojiblanca,Floracion,Limoso,Moderado,3.4,1328.6,194.0,131.6,253.7,14.1,67.4,106,1.13,8680,0.77,1751,3.07,0.3338
OLV_42_1455,Córdoba,Tradicional,Secano,8.46,Hojiblanca,Cuajado,Arcilloso,Bueno,7.3,2322.8,315.0,38.8,112.4,14.9,27.3,92,2.72,4907,0.8,1110,0.0,0.0
OLV_42_1456,Córdoba,Tradicional,Riego,33.94,Picual,Engorde,Limoso,Moderado,2.9,2192.0,244.0,55.2,65.3,17.6,34.9,92,1.9,8561,0.79,1304,0.15,0.0
OLV_42_1457,Granada,Tradicional,Secano,39.53,Hojiblanca,Engorde,Arcilloso,Malo,3.9,1923.9,742.0,50.6,151.0,15.9,66.5,74,2.25,5227,0.79,1149,0.47,0.0
OLV_42_1458,Jaén,Tradicional,Secano,15.77,Picual,Engorde,Limoso,Moderado,11.7,373.1,475.0,64.1,217.9,15.0,39.4,44,1.6,4992,0.85,1283,1.24,0.0
OLV_42_1459,Jaén,Tradicional,Riego,29.94,Picual,Floracion,Franco-arcilloso,Bueno,5.9,682.0,468.0,36.9,111.7,12.2,36.7,37,1.1,8790,0.79,1490,0.5,0.0
OLV_42_1460,Sevilla,Tradicional,Secano,32.83,Picual,Reposo,Limoso,Moderado,4.6,1517.5,115.0,157.4,362.7,13.1,59.3,123,2.72,5410,0.82,1236,3.63,0.0
OLV_42_1461,Sevilla,Intensivo,Secano,25.9,Cornicabra,Reposo,Franco,Bueno,5.3,465.3,89.0,106.0,119.2,16.3,56.9,118,1.14,6507,0.85,1433,1.51,0.0
OLV_42_1462,Jaén,Intensivo,Riego,42.79,Picual,Engorde,Franco,Malo,2.2,2088.7,477.0,192.2,380.0,20.7,71.2,84,1.41,10951,0.81,1296,4.1,0.1785
OLV_42_1463,Jaén,Intensivo,Secano,36.01,Picual,Engorde,Franco,Bueno,2.0,2181.3,567.0,151.3,380.0,17.7,48.1,126,1.83,6905,0.77,1418,2.23,0.0256
OLV_42_1464,Sevilla,Superintensivo,Secano,7.78,Manzanilla,Reposo,Franco,Moderado,0.7,2272.8,110.0,167.9,311.6,14.6,54.6,135,2.57,8811,0.79,1674,3.85,0.0
OLV_42_1465,Granada,Tradicional,Riego,32.55,Hojiblanca,Engorde,Limoso,Malo,6.0,952.3,571.0,56.9,200.0,19.8,65.2,99,2.08,8305,0.8,1431,0.73,0.0
OLV_42_1466,Córdoba,Superintensivo,Riego,39.65,Manzanilla,Engorde,Arcilloso,Moderado,6.7,2021.7,460.0,13.9,21.5,13.8,23.9,68,2.39,12000,0.79,1991,0.22,0.0
OLV_42_1467,Jaén,Tradicional,Secano,24.32,Picual,Reposo,Limoso,Malo,5.6,221.2,384.0,136.8,235.1,16.0,64.2,131,2.89,5285,0.83,1093,4.52,0.0
OLV_42_1468,Cadiz,Intensivo,Riego,39.22,Manzanilla,Reposo,Franco,Bueno,4.0,653.6,277.0,36.3,94.5,19.3,34.4,96,1.81,11270,0.78,1620,0.47,0.0
OLV_42_1469,Sevilla,Intensivo,Secano,16.58,Picual,Engorde,Arcilloso,Moderado,3.3,641.6,13.0,308.6,380.0,13.8,66.9,120,1.72,6380,0.83,1582,4.88,0.142
OLV_42_1470,Sevilla,Tradicional,Secano,31.33,Manzanilla,Floracion,Arenoso,Moderado,1.6,1154.7,70.0,28.2,83.8,17.2,38.9,71,2.82,5343,0.77,1118,0.05,0.0
OLV_42_1471,Sevilla,Intensivo,Riego,5.96,Cornicabra,Floracion,Franco,Moderado,8.4,34.1,139.0,127.4,380.0,21.0,57.0,131,2.2,10503,0.83,1845,3.78,0.1302
OLV_42_1472,Jaén,Intensivo,Secano,19.97,Picual,Reposo,Arcilloso,Bueno,4.8,1784.5,382.0,95.9,359.6,18.7,35.0,130,1.77,6739,0.82,1383,0.96,0.0
OLV_42_1473,Cadiz,Tradicional,Riego,39.02,Manzanilla,Floracion,Franco-arcilloso,Bueno,8.7,1951.6,19.0,5.0,10.0,19.9,33.2,98,1.27,8874,0.78,1401,0.0,0.0
OLV_42_1474,Málaga,Tradicional,Secano,25.91,Hojiblanca,Reposo,Arcilloso,Malo,2.4,1832.2,225.0,48.5,178.4,16.3,43.5,131,2.9,5067,0.82,1251,0.77,0.0
OLV_42_1475,Jaén,Intensivo,Secano,45.86,Picual,Floracion,Limoso,Bueno,7.0,2074.3,488.0,28.2,55.3,11.5,31.2,130,1.06,6377,0.79,1232,0.0,0.0
OLV_42_1476,Jaén,Tradicional,Riego,42.31,Picual,Engorde,Limoso,Malo,7.5,836.5,424.0,48.9,104.2,18.4,55.1,135,2.99,9669,0.8,1237,1.97,0.0
OLV_42_1477,Córdoba,Tradicional,Secano,30.35,Picual,Brotacion,Arcilloso,Bueno,3.7,57.0,403.0,215.6,272.4,17.7,65.8,64,1.97,5361,0.84,1382,3.65,0.0867
OLV_42_1478,Córdoba,Tradicional,Secano,45.96,Cornicabra,Brotacion,Arenoso,Moderado,4.6,502.8,257.0,132.3,255.5,14.2,32.2,98,1.29,5846,0.84,1113,1.93,0.0
OLV_42_1479,Granada,Tradicional,Riego,13.66,Picual,Brotacion,Arenoso,Malo,4.2,2158.2,583.0,151.8,380.0,18.6,30.8,141,1.25,10043,0.84,1406,1.44,0.0
OLV_42_1480,Córdoba,Intensivo,Riego,34.3,Hojiblanca,Engorde,Limoso,Bueno,2.7,1122.3,506.0,45.2,166.0,18.3,26.4,78,2.01,11340,0.78,1626,0.9,0.0
OLV_42_1481,Jaén,Intensivo,Secano,40.48,Picual,Reposo,Limoso,Moderado,5.7,563.9,525.0,71.4,124.0,16.7,78.4,123,2.98,6401,0.8,1515,0.44,0.0
OLV_42_1482,Jaén,Tradicional,Riego,36.08,Picual,Floracion,Franco-arcilloso,Moderado,7.3,2254.8,611.0,100.4,135.1,12.8,46.1,97,2.26,9362,0.8,1378,1.45,0.0
OLV_42_1483,Sevilla,Intensivo,Riego,48.01,Manzanilla,Brotacion,Franco,Bueno,1.1,572.1,178.0,135.3,309.7,16.4,57.4,138,1.67,10684,0.78,1501,1.41,0.034
OLV_42_1484,Jaén,Tradicional,Secano,5.15,Picual,Engorde,Franco,Bueno,2.5,905.6,563.0,41.3,56.3,22.5,30.1,124,1.71,5308,0.8,992,0.0,0.0
OLV_42_1485,Jaén,Tradicional,Secano,48.9,Picual,Reposo,Franco-arcilloso,Malo,6.8,1849.4,579.0,99.7,134.8,18.9,82.0,41,2.91,5539,0.8,1048,2.6,0.0
OLV_42_1486,Granada,Tradicional,Riego,15.66,Picual,Floracion,Limoso,Moderado,2.1,1393.9,752.0,46.3,58.2,20.9,40.8,97,1.02,9407,0.8,1469,0.25,0.0
OLV_42_1487,Sevilla,Intensivo,Riego,46.44,Hojiblanca,Reposo,Arcilloso,Moderado,6.8,676.6,223.0,75.9,134.9,16.6,79.8,132,2.43,10442,0.75,1627,1.23,0.0
OLV_42_1488,Jaén,Tradicional,Secano,48.54,Picual,Engorde,Franco,Bueno,5.3,226.9,520.0,165.4,265.8,16.3,51.1,36,1.88,5259,0.84,1105,2.45,0.0761
OLV_42_1489,Sevilla,Tradicional,Riego,3.1,Hojiblanca,Floracion,Franco-arcilloso,Moderado,3.2,1920.8,174.0,28.7,35.3,14.0,40.2,122,1.53,8120,0.82,1485,0.3,0.0
OLV_42_1490,Granada,Intensivo,Secano,27.03,Hojiblanca,Reposo,Limoso,Bueno,13.2,1027.4,522.0,53.6,190.2,16.7,41.2,142,2.92,6515,0.83,1728,0.0,0.0
OLV_42_1491,Cadiz,Tradicional,Secano,16.09,Arbequina,Cuajado,Arcilloso,Malo,8.4,1844.3,85.0,118.7,323.8,18.1,82.0,135,2.94,4990,0.82,1023,3.43,0.1225
OLV_42_1492,Sevilla,Tradicional,Secano,17.63,Hojiblanca,Cuajado,Limoso,Malo,13.3,153.2,8.0,185.3,380.0,12.0,77.6,106,1.94,5316,0.8,1172,3.74,0.2198
OLV_42_1493,Málaga,Intensivo,Secano,24.37,Arbequina,Brotacion,Limoso,Bueno,1.0,1010.9,464.0,39.5,44.5,23.1,36.0,103,1.88,6109,0.88,1342,0.71,0.0
OLV_42_1494,Málaga,Tradicional,Secano,36.12,Arbequina,Engorde,Franco,Moderado,5.6,2345.2,77.0,52.8,96.3,17.4,43.7,44,2.18,4119,0.9,1071,0.0,0.0
OLV_42_1495,Jaén,Tradicional,Secano,37.03,Picual,Engorde,Arenoso,Bueno,5.1,825.5,758.0,208.9,380.0,8.9,18.0,74,1.59,5570,0.82,1263,1.34,0.0
OLV_42_1496,Sevilla,Intensivo,Secano,29.27,Arbequina,Engorde,Franco,Malo,4.5,1499.4,265.0,75.0,225.3,17.2,42.9,64,2.92,6035,0.0,1440,1.45,0.0
OLV_42_1497,Málaga,Intensivo,Secano,5.97,Arbequina,Reposo,Arcilloso,Bueno,6.6,2379.1,270.0,97.3,115.5,14.1,47.0,31,2.94,6488,0.9,1423,1.8,0.0
OLV_42_1498,Granada,Tradicional,Secano,16.39,Hojiblanca,Engorde,Franco-arcilloso,Bueno,9.4,776.5,477.0,112.2,380.0,11.9,47.1,80,1.69,5183,0.82,1282,2.72,0.0187
OLV_42_1499,Jaén,Intensivo,Secano,35.8,Picual,Reposo,Franco-arcilloso,Moderado,8.2,2118.4,614.0,61.7,212.1,11.8,34.3,134,2.28,6851,0.86,1539,1.33,0.0
OLV_42_1500,Jaén,Tradicional,Riego,26.82,Picual,Engorde,Arenoso,Moderado,7.9,1482.6,492.0,24.8,70.6,22.7,26.9,45,0.91,8825,0.81,1238,0.15,0.0
OLV_42_1501,Jaén,Tradicional,Secano,24.93,Picual,Cuajado,Franco-arcilloso,Bueno,2.6,1277.3,573.0,70.4,171.4,14.6,47.1,31,2.34,5242,0.78,1211,1.24,0.0
OLV_42_1502,Málaga,Tradicional,Secano,19.06,Hojiblanca,Cuajado,Franco,Bueno,10.0,347.1,389.0,47.4,66.0,17.8,39.6,74,0.96,4915,0.83,1348,0.16,0.0
OLV_42_1503,Jaén,Tradicional,Secano,30.98,Picual,Reposo,Franco,Moderado,8.8,2075.9,538.0,131.4,372.3,25.6,59.5,141,1.1,5089,0.88,1247,3.53,0.0
OLV_42_1504,Cadiz,Tradicional,Secano,25.2,Hojiblanca,Engorde,Arcilloso,Moderado,9.4,26.9,151.0,262.4,380.0,17.3,82.0,49,2.16,4912,0.77,1261,5.38,0.2476
OLV_42_1505,Jaén,Tradicional,Secano,32.59,Hojiblanca,Brotacion,Limoso,Bueno,3.9,1348.7,499.0,42.7,51.6,18.1,18.3,144,1.76,5108,0.82,1221,0.0,0.0
OLV_42_1506,Jaén,Tradicional,Secano,14.99,Picual,Floracion,Franco,Moderado,1.5,842.7,561.0,92.3,261.3,12.7,51.8,85,2.77,5272,0.85,1083,3.19,0.0
OLV_42_1507,Sevilla,Tradicional,Riego,4.62,Manzanilla,Engorde,Arcilloso,Moderado,8.7,1586.4,147.0,53.7,113.0,18.3,60.7,110,0.84,8208,0.75,1684,1.05,0.0
OLV_42_1508,Granada,Superintensivo,Secano,13.33,Cornicabra,Brotacion,Arenoso,Moderado,0.3,695.7,581.0,301.9,380.0,13.8,37.3,125,1.21,8665,0.83,1637,2.59,0.0
OLV_42_1509,Córdoba,Intensivo,Secano,18.18,Picual,Brotacion,Franco-arcilloso,Malo,5.9,2283.1,392.0,92.0,226.1,17.0,62.6,81,1.48,6722,0.84,1582,2.95,0.0
OLV_42_1510,Granada,Tradicional,Secano,9.43,Hojiblanca,Brotacion,Franco-arcilloso,Malo,5.4,256.2,738.0,318.6,380.0,19.5,82.0,112,2.99,5319,0.73,1173,5.4,0.0989
OLV_42_1511,Córdoba,Intensivo,Riego,48.04,Cornicabra,Floracion,Franco-arcilloso,Moderado,3.6,1879.5,514.0,42.3,146.3,15.6,28.7,43,0.96,12000,0.88,1738,0.0,0.0
OLV_42_1512,Málaga,Tradicional,Secano,34.3,Manzanilla,Floracion,Arenoso,Malo,10.7,1836.5,275.0,27.9,80.6,15.9,47.0,54,0.93,4577,0.81,1451,0.74,0.0
OLV_42_1513,Córdoba,Tradicional,Secano,7.95,Picual,Floracion,Franco,Moderado,2.7,271.5,134.0,155.5,380.0,16.3,67.8,91,2.77,5028,0.83,1263,3.13,0.1666
OLV_42_1514,Jaén,Tradicional,Secano,16.29,Picual,Engorde,Franco,Moderado,2.8,2346.0,531.0,60.0,183.0,16.2,38.3,107,0.92,5231,0.84,918,0.35,0.0
OLV_42_1515,Granada,Superintensivo,Secano,49.73,Picual,Cuajado,Arcilloso,Moderado,4.7,698.2,753.0,38.2,121.0,9.4,48.7,129,1.73,8269,0.81,1536,1.71,0.0
OLV_42_1516,Jaén,Intensivo,Secano,5.89,Picual,Floracion,Franco,Bueno,4.0,1696.3,407.0,140.9,262.2,19.8,56.1,129,2.22,6635,0.84,1649,2.46,0.0744
OLV_42_1517,Granada,Tradicional,Riego,48.3,Hojiblanca,Engorde,Franco,Malo,6.7,1054.6,725.0,29.9,93.0,15.8,49.4,46,2.6,8240,0.78,1354,0.24,0.0
OLV_42_1518,Sevilla,Intensivo,Secano,40.04,Picual,Engorde,Franco-arcilloso,Moderado,3.3,2073.4,231.0,59.5,81.2,20.3,47.4,124,2.54,6925,0.81,1572,0.24,0.0
OLV_42_1519,Jaén,Tradicional,Riego,26.29,Picual,Reposo,Arcilloso,Moderado,3.2,1196.0,530.0,46.0,142.9,13.8,58.2,142,1.98,9661,0.83,1287,2.93,0.0
OLV_42_1520,Jaén,Tradicional,Secano,26.76,Picual,Floracion,Arenoso,Moderado,3.3,1874.1,573.0,137.2,380.0,19.9,40.6,67,1.67,5109,0.83,1221,1.67,0.0381
OLV_42_1521,Jaén,Tradicional,Secano,40.51,Picual,Cuajado,Arenoso,Bueno,7.6,535.9,419.0,24.2,80.0,21.5,18.0,72,2.93,5538,0.91,1246,0.5,0.0
OLV_42_1522,Sevilla,Tradicional,Secano,29.0,Hojiblanca,Cuajado,Arenoso,Bueno,4.3,553.7,71.0,164.2,318.1,12.1,33.1,74,2.45,5338,0.81,1252,1.37,0.0
OLV_42_1523,Sevilla,Superintensivo,Secano,26.13,Manzanilla,Engorde,Franco,Bueno,0.7,1680.0,124.0,144.6,380.0,13.1,44.9,69,2.22,8231,0.73,1699,2.5,0.0536
OLV_42_1524,Granada,Superintensivo,Secano,31.34,Hojiblanca,Cuajado,Arcilloso,Malo,9.4,143.9,697.0,262.9,380.0,16.7,75.0,100,1.71,8317,0.79,1979,3.75,0.4001
OLV_42_1525,Málaga,Tradicional,Secano,30.59,Manzanilla,Brotacion,Arcilloso,Malo,6.6,135.1,294.0,228.3,380.0,13.7,82.0,140,2.75,5165,0.85,956,3.59,0.1254
OLV_42_1526,Córdoba,Tradicional,Riego,46.67,Picual,Cuajado,Franco-arcilloso,Moderado,4.0,1196.7,487.0,9.3,14.3,18.5,44.1,113,1.86,8525,0.77,1351,0.0,0.0
OLV_42_1527,Córdoba,Tradicional,Riego,24.02,Picual,Engorde,Franco-arcilloso,Moderado,6.3,646.2,270.0,289.4,380.0,20.6,61.4,39,2.48,8602,0.0,1244,3.61,0.1732
OLV_42_1528,Jaén,Tradicional,Secano,3.92,Picual,Floracion,Franco,Malo,2.3,1378.0,601.0,173.8,380.0,14.4,60.6,93,0.92,5630,0.85,1159,4.71,0.2915
OLV_42_1529,Jaén,Intensivo,Secano,47.77,Hojiblanca,Cuajado,Limoso,Moderado,10.7,1553.3,710.0,123.2,380.0,19.0,47.3,110,1.22,6594,0.79,1578,2.95,0.0536
OLV_42_1530,Jaén,Tradicional,Riego,32.35,Picual,Reposo,Franco-arcilloso,Moderado,2.9,2336.3,446.0,100.0,342.9,9.4,37.2,82,1.84,8938,0.83,1566,1.87,0.0
OLV_42_1531,Córdoba,Tradicional,Secano,43.38,Picual,Reposo,Franco,Bueno,3.7,1532.2,305.0,65.1,210.2,19.1,23.0,46,0.87,4996,0.82,1234,1.65,0.0
OLV_42_1532,Granada,Intensivo,Riego,11.23,Picual,Brotacion,Franco,Moderado,1.3,670.7,806.0,69.7,183.6,18.9,44.0,89,0.91,10559,0.82,1430,2.54,0.0
OLV_42_1533,Jaén,Tradicional,Secano,33.64,Picual,Floracion,Franco-arcilloso,Moderado,4.7,2102.0,489.0,79.0,91.6,10.9,46.0,134,2.04,5687,0.81,1119,1.58,0.0
OLV_42_1534,Sevilla,Superintensivo,Secano,44.68,Hojiblanca,Engorde,Franco,Bueno,4.7,747.3,37.0,135.4,380.0,15.6,37.6,30,1.2,8483,0.85,1615,3.71,0.0173
OLV_42_1535,Granada,Intensivo,Riego,38.74,Picual,Floracion,Arcilloso,Moderado,4.9,411.7,617.0,282.7,380.0,20.4,68.9,99,1.83,12000,0.81,1709,3.5,0.4092
OLV_42_1536,Jaén,Tradicional,Secano,20.55,Picual,Cuajado,Arcilloso,Bueno,5.6,1276.8,461.0,45.6,175.2,20.4,43.5,148,1.03,5117,0.82,1346,0.5,0.0
OLV_42_1537,Sevilla,Intensivo,Secano,43.03,Manzanilla,Reposo,Franco,Bueno,1.2,539.7,318.0,74.5,226.4,21.5,36.8,65,1.26,5743,0.78,1376,1.62,0.0
OLV_42_1538,Sevilla,Tradicional,Secano,2.06,Manzanilla,Brotacion,Arcilloso,Bueno,6.9,644.6,71.0,55.3,105.4,18.7,60.8,41,2.02,4521,0.77,1205,0.61,0.0
OLV_42_1539,Sevilla,Tradicional,Secano,38.11,Manzanilla,Reposo,Franco-arcilloso,Malo,9.8,104.6,107.0,36.4,50.8,16.9,51.3,78,1.73,4656,0.81,1083,0.65,0.0
OLV_42_1540,Málaga,Intensivo,Riego,15.2,Hojiblanca,Floracion,Arcilloso,Bueno,6.3,1265.4,339.0,92.0,155.1,12.4,33.0,66,0.93,11859,0.81,1745,1.1,0.0
OLV_42_1541,Córdoba,Tradicional,Secano,6.94,Picual,Engorde,Arcilloso,Bueno,5.4,2153.2,329.0,66.5,159.8,9.7,42.5,135,1.04,5569,0.8,1004,0.37,0.0
OLV_42_1542,Sevilla,Tradicional,Secano,25.77,Picual,Cuajado,Arenoso,Malo,8.7,1958.7,121.0,8.0,29.1,10.1,35.1,125,2.2,5183,0.82,1151,0.33,0.0
OLV_42_1543,Córdoba,Intensivo,Secano,23.25,Picual,Floracion,Franco-arcilloso,Bueno,0.0,1219.9,237.0,68.8,239.2,15.1,34.3,119,1.15,7063,0.81,1398,1.82,0.0
OLV_42_1544,Málaga,Tradicional,Secano,36.65,Manzanilla,Brotacion,Franco-arcilloso,Bueno,6.3,251.2,237.0,100.9,212.3,18.6,60.9,52,2.21,5185,0.78,1211,2.86,0.0
OLV_42_1545,Cadiz,Intensivo,Secano,6.05,Picual,Brotacion,Arcilloso,Moderado,0.7,1186.2,243.0,42.8,95.6,19.6,48.0,101,2.99,6949,0.8,1301,0.57,0.0
OLV_42_1546,Granada,Superintensivo,Riego,48.62,Arbequina,Cuajado,Franco-arcilloso,Moderado,7.7,76.9,739.0,139.8,285.4,20.4,58.8,149,2.26,12000,0.9,2010,3.68,0.1641
OLV_42_1547,Jaén,Tradicional,Secano,11.37,Picual,Brotacion,Franco-arcilloso,Moderado,6.6,1314.0,625.0,83.4,182.7,11.1,61.5,81,1.9,5464,0.82,1031,1.86,0.0
OLV_42_1548,Córdoba,Tradicional,Secano,20.29,Manzanilla,Engorde,Arenoso,Bueno,10.0,1146.0,328.0,267.2,380.0,12.9,24.5,71,0.89,5009,0.8,1293,0.92,0.0
OLV_42_1549,Sevilla,Intensivo,Riego,17.73,Hojiblanca,Cuajado,Franco-arcilloso,Moderado,4.4,486.2,174.0,35.0,117.3,10.0,59.3,49,1.66,10327,0.79,1784,0.7,0.0
OLV_42_1550,Córdoba,Intensivo,Riego,33.24,Hojiblanca,Floracion,Franco,Moderado,2.4,1191.3,248.0,59.0,219.5,9.6,48.0,40,0.96,11764,0.83,1538,2.13,0.0
OLV_42_1551,Cadiz,Tradicional,Riego,47.5,Hojiblanca,Floracion,Arenoso,Malo,0.8,2384.5,14.0,68.3,205.4,21.8,25.7,136,2.81,9082,0.75,1405,0.75,0.0
OLV_42_1552,Córdoba,Intensivo,Riego,26.86,Picual,Floracion,Arenoso,Bueno,1.7,1392.5,428.0,146.8,380.0,18.7,25.0,111,2.74,10815,0.79,1555,1.72,0.031
OLV_42_1553,Jaén,Tradicional,Secano,3.42,Picual,Brotacion,Franco-arcilloso,Bueno,2.9,1058.9,621.0,72.7,247.6,15.0,34.2,91,2.15,5667,0.85,1151,1.57,0.0
OLV_42_1554,Málaga,Intensivo,Secano,23.73,Arbequina,Engorde,Arcilloso,Bueno,3.5,927.0,235.0,85.6,170.5,18.3,56.6,99,2.1,6427,0.91,1455,1.84,0.0
OLV_42_1555,Jaén,Tradicional,Riego,47.81,Picual,Floracion,Limoso,Moderado,3.5,592.9,419.0,102.4,140.3,12.3,56.6,136,2.57,8929,0.84,1341,1.79,0.0
OLV_42_1556,Córdoba,Tradicional,Secano,24.08,Picual,Floracion,Arenoso,Bueno,3.8,269.5,406.0,17.0,36.6,14.6,23.4,93,1.23,28055,0.78,984,0.0,0.0
OLV_42_1557,Sevilla,Intensivo,Riego,26.37,Hojiblanca,Reposo,Limoso,Malo,2.9,706.7,259.0,23.0,32.8,12.8,28.3,126,2.5,12000,0.79,1327,0.36,0.0
OLV_42_1558,Jaén,Tradicional,Secano,16.25,Picual,Cuajado,Arenoso,Malo,17.7,373.3,361.0,37.3,44.9,20.0,29.5,147,2.28,5036,0.84,1623,0.23,0.0
OLV_42_1559,Granada,Superintensivo,Riego,37.05,Picual,Engorde,Franco-arcilloso,Bueno,6.6,970.8,745.0,54.3,148.0,17.0,36.3,67,2.13,12000,0.78,1993,0.34,0.0
OLV_42_1560,Cadiz,Intensivo,Secano,10.28,Hojiblanca,Engorde,Franco,Bueno,7.4,1225.5,125.0,66.0,119.5,18.8,40.0,104,1.48,6266,0.81,1392,0.0,0.0
OLV_42_1561,Jaén,Tradicional,Secano,15.73,Picual,Engorde,Franco-arcilloso,Moderado,6.0,267.0,425.0,261.7,380.0,15.1,57.4,120,1.08,5198,0.82,1146,3.45,0.1005
OLV_42_1562,Granada,Intensivo,Secano,23.86,Picual,Brotacion,Arenoso,Moderado,1.3,2069.9,628.0,16.5,28.4,16.8,36.4,82,1.32,6554,0.82,1341,0.0,0.0
OLV_42_1563,Málaga,Tradicional,Riego,14.87,Arbequina,Cuajado,Limoso,Bueno,2.0,1782.8,203.0,21.4,48.3,18.0,42.0,82,1.98,8823,0.89,1391,0.0,0.0
OLV_42_1564,Sevilla,Superintensivo,Riego,29.15,Manzanilla,Brotacion,Franco,Moderado,0.1,605.6,0.0,49.6,142.1,14.7,54.5,87,1.22,12000,0.73,1771,1.02,0.0
OLV_42_1565,Sevilla,Intensivo,Secano,12.14,Hojiblanca,Reposo,Limoso,Malo,12.3,23.2,132.0,194.0,289.0,11.7,70.2,139,0.81,6444,0.77,1695,4.88,0.0163
OLV_42_1566,Córdoba,Intensivo,Riego,28.85,Cornicabra,Brotacion,Franco,Malo,1.6,1619.2,270.0,108.7,380.0,12.6,72.6,68,1.06,12000,0.83,1633,3.6,0.053
OLV_42_1567,Málaga,Tradicional,Secano,46.59,Hojiblanca,Reposo,Arcilloso,Malo,7.9,183.4,376.0,26.8,97.5,12.6,71.5,120,1.68,5236,0.81,1296,0.54,0.0
OLV_42_1568,Sevilla,Tradicional,Secano,39.33,Hojiblanca,Reposo,Arenoso,Bueno,7.0,269.6,100.0,178.2,266.5,14.4,35.1,67,1.18,5095,0.8,1327,2.41,0.0
OLV_42_1569,Jaén,Intensivo,Secano,12.41,Picual,Engorde,Arcilloso,Malo,8.0,1182.4,551.0,199.8,328.5,15.1,70.7,68,2.77,6421,0.8,1341,5.32,0.2584
OLV_42_1570,Granada,Tradicional,Riego,26.32,Picual,Engorde,Limoso,Bueno,5.7,181.5,705.0,39.2,44.2,18.2,34.8,78,2.29,9895,0.88,1321,1.17,0.0
OLV_42_1571,Málaga,Tradicional,Secano,22.8,Hojiblanca,Floracion,Arenoso,Malo,4.6,1302.4,288.0,215.5,380.0,23.3,37.9,100,1.07,5322,0.78,990,2.78,0.0215
OLV_42_1572,Jaén,Tradicional,Secano,20.96,Hojiblanca,Reposo,Franco,Malo,8.6,1168.7,541.0,105.8,354.7,21.5,61.0,108,1.93,5184,0.8,1186,3.27,0.0
OLV_42_1573,Málaga,Intensivo,Riego,34.52,Hojiblanca,Cuajado,Arenoso,Moderado,5.9,2359.0,400.0,59.9,218.7,17.2,27.1,114,1.55,9951,0.8,1673,0.44,0.0
OLV_42_1574,Sevilla,Tradicional,Secano,16.89,Cornicabra,Engorde,Franco,Malo,4.8,1606.2,293.0,78.6,165.3,11.6,64.4,135,2.76,5673,0.83,1196,2.25,0.0
OLV_42_1575,Sevilla,Intensivo,Secano,42.76,Hojiblanca,Reposo,Arenoso,Malo,1.3,2022.0,241.0,44.0,93.6,19.4,44.6,33,2.63,6827,0.8,1555,0.21,0.0
OLV_42_1576,Jaén,Tradicional,Secano,25.21,Picual,Brotacion,Arenoso,Moderado,6.7,1889.6,403.0,183.4,310.1,14.1,31.2,118,1.12,5355,0.82,1277,1.36,0.0
OLV_42_1577,Sevilla,Tradicional,Secano,6.51,Hojiblanca,Floracion,Franco,Moderado,6.7,1148.1,85.0,59.5,212.5,13.5,38.9,84,1.02,5747,0.83,1258,1.3,0.0
OLV_42_1578,Córdoba,Tradicional,Secano,38.52,Hojiblanca,Cuajado,Arcilloso,Malo,4.2,598.1,301.0,135.9,380.0,17.8,64.7,124,0.82,5012,0.76,1041,4.47,0.1928
OLV_42_1579,Málaga,Superintensivo,Riego,25.21,Picual,Floracion,Limoso,Bueno,7.0,920.5,336.0,181.8,380.0,8.0,50.1,122,0.84,12000,0.83,2220,2.87,0.1252
OLV_42_1580,Córdoba,Tradicional,Secano,39.79,Picual,Reposo,Limoso,Moderado,7.5,2220.5,344.0,208.3,380.0,18.5,69.1,145,2.43,5108,0.9,1242,3.14,0.0
OLV_42_1581,Cadiz,Tradicional,Secano,29.83,Manzanilla,Reposo,Limoso,Moderado,4.2,2218.2,163.0,56.9,81.5,13.3,41.5,136,2.57,5378,0.82,1157,0.0,0.0
OLV_42_1582,Córdoba,Tradicional,Riego,21.3,Picual,Engorde,Franco-arcilloso,Moderado,5.0,683.3,375.0,114.4,380.0,21.2,81.4,65,2.12,9126,0.84,1533,3.33,0.0564
OLV_42_1583,Sevilla,Tradicional,Secano,6.92,Manzanilla,Cuajado,Franco-arcilloso,Malo,2.9,881.2,158.0,80.9,252.4,13.2,74.2,109,2.42,5409,0.76,1296,2.4,0.0
OLV_42_1584,Jaén,Intensivo,Secano,7.34,Picual,Cuajado,Limoso,Malo,7.0,304.8,539.0,135.8,320.4,15.7,75.7,57,1.91,6671,0.76,1328,3.55,0.3644
OLV_42_1585,Sevilla,Tradicional,Secano,14.66,Manzanilla,Reposo,Franco,Bueno,6.7,1246.7,92.0,141.3,282.5,19.0,43.0,46,1.94,4526,0.71,1167,3.06,0.0
OLV_42_1586,Sevilla,Intensivo,Riego,38.53,Hojiblanca,Reposo,Arcilloso,Moderado,3.4,81.1,143.0,264.7,380.0,22.0,81.2,148,1.13,10987,0.74,1670,4.16,0.0676
OLV_42_1587,Córdoba,Tradicional,Riego,12.31,Cornicabra,Engorde,Arcilloso,Moderado,6.8,810.3,318.0,26.6,90.2,11.9,33.6,56,2.0,8841,0.83,1302,0.0,0.0
OLV_42_1588,Jaén,Tradicional,Secano,28.16,Picual,Engorde,Limoso,Malo,7.7,34.0,586.0,135.8,171.6,19.5,81.7,69,2.35,4946,0.82,1289,2.92,0.0214
OLV_42_1589,Jaén,Tradicional,Secano,35.22,Manzanilla,Cuajado,Franco-arcilloso,Malo,6.0,512.3,358.0,120.8,136.7,12.1,65.8,145,1.13,4728,0.74,1120,5.17,0.0
OLV_42_1590,Córdoba,Intensivo,Riego,42.85,Cornicabra,Reposo,Arenoso,Moderado,5.1,492.0,255.0,63.8,212.7,12.3,30.2,101,2.92,10729,0.82,1635,1.43,0.0
OLV_42_1591,Sevilla,Tradicional,Riego,34.43,Arbequina,Brotacion,Franco-arcilloso,Moderado,4.3,2046.0,86.0,273.1,313.2,15.0,70.1,143,1.61,9511,0.87,1239,3.79,0.0647
OLV_42_1592,Granada,Tradicional,Secano,9.15,Cornicabra,Engorde,Limoso,Moderado,4.4,602.3,622.0,40.8,150.3,10.8,62.3,67,1.37,5225,0.84,862,1.25,0.0
OLV_42_1593,Sevilla,Intensivo,Secano,34.77,Manzanilla,Floracion,Limoso,Malo,3.2,488.9,102.0,33.1,128.2,14.0,66.6,114,1.97,6533,0.75,1383,1.57,0.0
OLV_42_1594,Jaén,Tradicional,Secano,12.34,Picual,Cuajado,Arcilloso,Moderado,4.8,83.2,630.0,193.7,380.0,21.0,81.4,141,2.68,5572,0.92,1230,4.54,0.2395
OLV_42_1595,Málaga,Superintensivo,Riego,20.24,Hojiblanca,Cuajado,Arenoso,Malo,3.2,2161.0,256.0,252.3,380.0,20.9,46.3,82,0.84,12000,0.82,2026,2.72,0.149
OLV_42_1596,Córdoba,Tradicional,Secano,7.22,Hojiblanca,Floracion,Limoso,Moderado,12.2,1047.4,518.0,115.5,293.8,17.3,35.6,129,2.46,4967,0.82,1053,2.76,0.0
OLV_42_1597,Sevilla,Intensivo,Riego,15.39,Manzanilla,Brotacion,Arcilloso,Moderado,2.6,340.6,157.0,194.5,220.9,19.1,65.1,59,1.25,10691,0.77,1620,4.36,0.1305
OLV_42_1598,Granada,Intensivo,Riego,48.37,Picual,Reposo,Franco,Malo,5.0,1159.8,795.0,75.3,171.9,13.5,62.5,118,1.5,11290,0.85,1611,1.42,0.0
OLV_42_1599,Córdoba,Tradicional,Riego,11.17,Picual,Engorde,Arcilloso,Moderado,13.0,2281.8,348.0,21.1,52.9,14.1,45.4,144,1.46,8226,0.82,1686,0.36,0.0
OLV_42_1600,Cadiz,Intensivo,Riego,45.18,Manzanilla,Cuajado,Limoso,Moderado,3.0,2261.9,155.0,320.0,380.0,16.8,65.5,106,2.44,11252,0.71,1646,3.3,0.2411
OLV_42_1601,Jaén,Intensivo,Secano,48.77,Picual,Engorde,Franco,Moderado,3.7,741.4,541.0,180.7,380.0,14.8,57.1,35,2.22,6595,0.79,1314,3.21,0.2339
OLV_42_1602,Córdoba,Superintensivo,Riego,43.54,Hojiblanca,Brotacion,Arenoso,Moderado,6.7,1061.5,562.0,24.2,29.2,15.1,27.5,100,1.1,12000,0.81,2008,0.0,0.0
OLV_42_1603,Córdoba,Tradicional,Secano,25.29,Hojiblanca,Floracion,Arcilloso,Bueno,4.8,1896.7,474.0,88.6,248.4,20.1,31.6,48,2.07,5192,0.79,1007,3.17,0.0
OLV_42_1604,Córdoba,Intensivo,Riego,28.19,Picual,Engorde,Arcilloso,Moderado,3.5,423.1,254.0,170.5,380.0,14.2,67.9,124,1.49,10215,0.8,1798,2.92,0.1224
OLV_42_1605,Córdoba,Tradicional,Secano,32.98,Picual,Cuajado,Franco,Moderado,1.6,1343.6,233.0,73.2,253.8,14.0,39.4,114,1.92,4977,0.82,1267,1.22,0.0
OLV_42_1606,Jaén,Tradicional,Secano,4.67,Picual,Reposo,Arcilloso,Bueno,7.4,1793.9,539.0,110.2,238.0,21.1,59.5,100,2.17,5278,0.81,1262,2.49,0.0
OLV_42_1607,Cadiz,Superintensivo,Secano,6.06,Manzanilla,Floracion,Arcilloso,Moderado,0.9,454.5,0.0,212.2,380.0,16.9,65.1,126,1.84,8798,0.73,1440,4.29,0.391
OLV_42_1608,Sevilla,Intensivo,Secano,45.2,Cornicabra,Floracion,Arenoso,Moderado,4.7,1499.3,155.0,125.9,373.1,14.5,30.8,126,2.37,7077,0.84,1540,1.28,0.0
OLV_42_1609,Cadiz,Tradicional,Secano,12.05,Manzanilla,Brotacion,Limoso,Bueno,1.9,1291.3,165.0,22.5,73.6,22.7,107.5,111,0.87,4892,0.83,954,0.0,0.0
OLV_42_1610,Cadiz,Tradicional,Riego,23.61,Manzanilla,Cuajado,Arcilloso,Moderado,5.2,1755.2,100.0,39.3,82.2,23.1,31.7,87,2.49,8582,0.79,1348,0.0,0.0
OLV_42_1611,Málaga,Intensivo,Secano,13.84,Arbequina,Floracion,Franco,Malo,5.8,1452.5,293.0,95.1,296.5,18.8,44.7,68,2.9,5936,0.91,1658,1.75,0.0444
OLV_42_1612,Jaén,Tradicional,Secano,32.5,Picual,Engorde,Franco-arcilloso,Bueno,2.6,764.9,402.0,136.0,219.2,19.0,76.0,141,2.67,5504,0.85,1034,3.03,0.0
OLV_42_1613,Córdoba,Superintensivo,Secano,39.01,Arbequina,Brotacion,Limoso,Moderado,2.6,1181.2,390.0,42.7,151.1,14.9,56.4,46,2.55,8671,0.91,1688,2.35,0.0
OLV_42_1614,Sevilla,Tradicional,Secano,9.97,Picual,Reposo,Limoso,Bueno,8.2,619.8,132.0,116.5,340.9,16.0,34.4,41,1.88,5055,0.88,1332,3.12,0.0
OLV_42_1615,Granada,Intensivo,Secano,41.99,Picual,Floracion,Limoso,Moderado,5.0,487.7,490.0,255.3,380.0,14.4,63.7,146,1.1,6300,0.78,1425,4.1,0.204
OLV_42_1616,Jaén,Tradicional,Secano,13.09,Picual,Brotacion,Limoso,Malo,2.4,70.7,603.0,117.9,380.0,15.9,82.0,130,1.91,5656,0.78,1294,4.7,0.0209
OLV_42_1617,Jaén,Tradicional,Secano,19.19,Hojiblanca,Brotacion,Arenoso,Moderado,8.8,1360.5,537.0,27.3,107.5,23.7,33.0,125,2.03,5132,0.85,1054,0.0,0.0
OLV_42_1618,Jaén,Tradicional,Secano,46.35,Picual,Reposo,Franco,Malo,5.6,946.1,467.0,53.1,91.7,20.5,42.2,82,2.87,5629,0.81,1123,0.32,0.0
OLV_42_1619,Cadiz,Tradicional,Secano,10.8,Picual,Cuajado,Franco,Malo,2.8,33.1,84.0,58.6,208.4,16.7,78.3,74,2.95,5399,0.87,1157,1.99,0.0
OLV_42_1620,Jaén,Tradicional,Secano,26.46,Picual,Cuajado,Franco,Moderado,14.3,911.9,478.0,104.3,219.5,15.1,40.7,39,1.45,5287,0.86,1241,2.21,0.0186
OLV_42_1621,Córdoba,Intensivo,Riego,39.63,Hojiblanca,Reposo,Arcilloso,Malo,9.1,29.5,299.0,149.4,380.0,16.3,70.5,71,1.73,10614,0.82,1671,5.18,0.0379
OLV_42_1622,Jaén,Tradicional,Secano,12.15,Picual,Cuajado,Franco,Moderado,3.0,1463.3,480.0,56.1,90.5,18.7,24.7,112,2.65,5333,0.8,1121,0.0,0.0
OLV_42_1623,Sevilla,Superintensivo,Secano,32.16,Hojiblanca,Engorde,Arcilloso,Bueno,5.3,1542.4,100.0,81.2,313.6,15.8,51.9,85,1.28,8822,0.75,1855,2.74,0.0
OLV_42_1624,Sevilla,Tradicional,Secano,36.73,Arbequina,Cuajado,Arcilloso,Moderado,5.5,2125.1,7.0,145.0,380.0,21.8,82.0,99,1.18,4751,0.81,1357,4.01,0.1773
OLV_42_1625,Granada,Superintensivo,Secano,5.58,Picual,Reposo,Arcilloso,Bueno,9.8,1454.5,695.0,132.4,347.0,20.0,48.3,134,1.21,8633,0.79,1918,2.79,0.0
OLV_42_1626,Málaga,Superintensivo,Secano,40.21,Arbequina,Floracion,Limoso,Malo,4.5,1217.4,239.0,36.6,100.0,16.0,31.8,133,2.09,8532,0.88,1895,0.28,0.0
OLV_42_1627,Jaén,Tradicional,Secano,43.28,Cornicabra,Floracion,Franco-arcilloso,Moderado,3.9,354.1,559.0,64.7,134.0,14.5,54.7,62,2.55,5230,0.83,1006,1.75,0.0
OLV_42_1628,Cadiz,Intensivo,Secano,29.85,Hojiblanca,Brotacion,Limoso,Malo,9.2,351.3,0.0,274.9,380.0,8.9,66.2,105,2.64,6169,0.76,1405,3.49,0.1193
OLV_42_1629,Sevilla,Intensivo,Secano,13.96,Hojiblanca,Reposo,Arcilloso,Malo,4.6,398.3,259.0,69.7,179.3,12.3,76.9,79,2.58,6564,0.8,1587,2.96,0.0
OLV_42_1630,Cadiz,Tradicional,Riego,9.21,Arbequina,Floracion,Arenoso,Moderado,14.1,1763.9,50.0,32.3,92.7,15.3,25.7,85,1.11,8525,0.9,1619,0.0,0.0
OLV_42_1631,Jaén,Tradicional,Secano,27.02,Picual,Cuajado,Franco,Bueno,4.2,1100.0,329.0,67.7,197.3,18.4,24.4,68,1.49,5502,0.8,1105,0.54,0.0
OLV_42_1632,Sevilla,Superintensivo,Riego,23.35,Manzanilla,Floracion,Franco,Malo,0.0,1160.3,128.0,56.1,163.1,12.9,57.3,37,1.99,12000,0.76,1947,3.46,0.0
OLV_42_1633,Granada,Intensivo,Riego,12.28,Cornicabra,Cuajado,Arenoso,Malo,4.5,523.6,605.0,44.8,83.0,9.0,35.8,61,1.8,9979,0.87,1452,1.18,0.0
OLV_42_1634,Málaga,Tradicional,Secano,14.07,Picual,Brotacion,Arenoso,Malo,18.6,1681.8,248.0,60.1,81.7,14.0,28.7,75,2.66,5025,0.87,1664,0.34,0.0
OLV_42_1635,Córdoba,Tradicional,Secano,35.22,Picual,Floracion,Arcilloso,Moderado,6.5,853.6,412.0,52.9,72.9,18.1,50.6,55,1.37,5230,0.82,1405,1.02,0.0
OLV_42_1636,Málaga,Superintensivo,Secano,11.72,Hojiblanca,Floracion,Franco-arcilloso,Bueno,1.5,2302.4,398.0,142.0,313.9,16.0,54.9,130,1.13,8638,0.83,1793,2.41,0.2121
OLV_42_1637,Jaén,Tradicional,Secano,34.32,Picual,Brotacion,Arcilloso,Moderado,9.1,2359.7,582.0,109.4,335.8,22.1,52.7,35,2.26,5160,0.88,1228,2.37,0.0
OLV_42_1638,Sevilla,Superintensivo,Riego,12.38,Picual,Brotacion,Franco,Moderado,1.0,344.6,168.0,41.3,83.7,17.4,35.8,40,2.14,12000,0.78,1947,0.33,0.0
OLV_42_1639,Córdoba,Tradicional,Secano,8.58,Cornicabra,Brotacion,Limoso,Moderado,2.7,882.6,307.0,59.9,189.3,23.6,37.3,39,1.09,5689,0.8,904,2.6,0.0
OLV_42_1640,Jaén,Intensivo,Secano,29.74,Hojiblanca,Brotacion,Arenoso,Moderado,4.1,806.0,610.0,138.9,380.0,21.0,19.3,33,1.98,6081,0.81,1625,2.79,0.0
OLV_42_1641,Jaén,Tradicional,Secano,48.46,Picual,Engorde,Arcilloso,Malo,6.1,1411.4,530.0,49.6,166.9,17.2,44.1,77,2.12,5456,0.83,1149,2.03,0.0
OLV_42_1642,Granada,Tradicional,Riego,19.66,Picual,Floracion,Limoso,Bueno,8.8,673.8,684.0,123.7,364.1,20.1,58.9,67,1.19,7328,0.85,1680,3.56,0.2052
OLV_42_1643,Córdoba,Intensivo,Riego,45.86,Arbequina,Brotacion,Arcilloso,Bueno,1.3,1646.4,380.0,137.0,257.7,13.7,76.5,106,2.94,11315,0.91,1629,3.1,0.0813
OLV_42_1644,Jaén,Tradicional,Secano,38.22,Picual,Engorde,Arenoso,Malo,14.9,2119.9,347.0,98.8,312.5,16.5,38.1,41,0.88,5005,0.79,1381,1.69,0.0
OLV_42_1645,Granada,Intensivo,Secano,2.02,Hojiblanca,Engorde,Arcilloso,Moderado,4.5,527.4,491.0,78.8,239.4,12.2,58.4,148,2.68,6418,0.83,1542,2.28,0.0
OLV_42_1646,Jaén,Tradicional,Riego,13.27,Picual,Floracion,Franco-arcilloso,Malo,10.6,192.7,646.0,163.1,272.9,19.8,65.7,36,1.02,7305,0.77,1656,5.37,0.4241
OLV_42_1647,Jaén,Tradicional,Secano,9.18,Hojiblanca,Cuajado,Franco-arcilloso,Bueno,2.6,1063.6,385.0,52.9,189.9,15.6,47.4,87,2.38,4688,0.8,1173,0.64,0.0
OLV_42_1648,Córdoba,Tradicional,Riego,6.02,Arbequina,Engorde,Arenoso,Moderado,5.6,2393.4,273.0,29.0,67.4,15.7,23.4,120,2.04,8803,0.85,1465,0.15,0.0
OLV_42_1649,Málaga,Intensivo,Secano,12.69,Arbequina,Cuajado,Arenoso,Bueno,2.6,2169.7,176.0,106.1,346.0,18.5,34.5,61,2.28,6652,0.92,1460,1.76,0.0
OLV_42_1650,Jaén,Tradicional,Secano,38.63,Hojiblanca,Brotacion,Franco-arcilloso,Moderado,7.8,299.8,356.0,90.6,113.6,10.7,76.0,105,1.63,5491,0.78,1216,1.29,0.0
OLV_42_1651,Jaén,Tradicional,Secano,46.89,Picual,Brotacion,Limoso,Bueno,8.7,1272.0,634.0,34.4,111.2,16.2,25.2,130,1.05,5334,0.82,1255,0.0,0.0
OLV_42_1652,Córdoba,Tradicional,Riego,2.54,Picual,Cuajado,Arcilloso,Moderado,2.3,1981.1,273.0,124.4,197.5,21.1,65.2,141,2.38,8291,0.82,1252,3.18,0.0626
OLV_42_1653,Granada,Tradicional,Riego,48.14,Picual,Cuajado,Limoso,Malo,15.5,2175.5,804.0,187.4,380.0,13.1,64.2,51,1.98,7724,0.82,1629,3.15,0.243
OLV_42_1654,Jaén,Tradicional,Riego,14.52,Picual,Engorde,Franco,Bueno,10.8,291.5,477.0,218.6,380.0,20.7,81.2,146,1.47,9422,0.85,1494,3.3,0.0886
OLV_42_1655,Jaén,Intensivo,Secano,37.92,Picual,Floracion,Franco,Malo,3.9,987.2,527.0,52.7,95.0,18.8,63.0,35,2.33,6769,0.9,1371,1.54,0.0
OLV_42_1656,Sevilla,Tradicional,Riego,45.38,Manzanilla,Reposo,Limoso,Moderado,5.9,883.3,252.0,44.9,61.0,15.1,43.3,132,2.65,8103,0.72,1387,0.0,0.0
OLV_42_1657,Cadiz,Tradicional,Riego,36.43,Picual,Floracion,Arenoso,Malo,3.5,431.4,73.0,191.1,341.3,10.5,51.1,32,1.81,8119,0.8,1465,2.92,0.2201
OLV_42_1658,Málaga,Intensivo,Riego,15.97,Hojiblanca,Brotacion,Franco-arcilloso,Bueno,6.5,254.5,365.0,43.3,135.2,21.8,42.5,83,2.62,10641,0.78,1493,0.89,0.0
OLV_42_1659,Jaén,Intensivo,Secano,5.22,Picual,Reposo,Arenoso,Moderado,9.9,701.4,598.0,54.9,73.5,11.4,26.0,103,2.85,6156,0.86,1476,0.05,0.0
OLV_42_1660,Sevilla,Intensivo,Riego,49.88,Hojiblanca,Engorde,Arcilloso,Moderado,6.9,1626.8,146.0,63.7,224.1,15.0,58.3,92,0.84,9817,0.8,1738,1.64,0.0
OLV_42_1661,Jaén,Tradicional,Secano,14.49,Picual,Cuajado,Arcilloso,Moderado,8.0,384.7,490.0,236.4,380.0,14.1,58.0,43,2.08,5289,0.79,1149,4.82,0.3542
OLV_42_1662,Granada,Tradicional,Secano,35.18,Hojiblanca,Engorde,Franco,Bueno,14.5,412.7,593.0,14.8,21.2,23.5,23.0,58,2.61,5064,0.8,1343,0.0,0.0
OLV_42_1663,Córdoba,Tradicional,Riego,36.38,Picual,Engorde,Limoso,Bueno,2.1,373.3,363.0,70.6,99.2,17.3,80.8,74,1.02,9190,0.82,1230,1.08,0.0
OLV_42_1664,Jaén,Tradicional,Riego,44.91,Picual,Engorde,Limoso,Malo,4.4,832.6,528.0,38.0,43.0,18.9,61.4,98,2.66,7829,0.81,1380,0.71,0.0
OLV_42_1665,Jaén,Tradicional,Secano,48.73,Picual,Brotacion,Franco-arcilloso,Moderado,5.3,371.0,423.0,160.5,259.6,24.2,57.2,127,2.46,5208,0.83,1067,3.41,0.0488
OLV_42_1666,Córdoba,Tradicional,Secano,14.5,Picual,Cuajado,Franco,Bueno,9.3,2001.3,272.0,31.5,36.5,15.1,21.7,122,1.89,5263,0.79,1316,0.74,0.0
OLV_42_1667,Córdoba,Tradicional,Riego,8.34,Picual,Reposo,Franco-arcilloso,Moderado,3.7,664.6,396.0,221.1,380.0,12.9,66.0,129,1.44,8272,0.8,1145,4.76,0.0
OLV_42_1668,Jaén,Tradicional,Secano,16.44,Picual,Engorde,Limoso,Malo,3.4,483.7,454.0,67.9,200.1,16.0,70.8,83,0.83,5006,0.85,1047,2.38,0.0
OLV_42_1669,Granada,Intensivo,Secano,35.59,Picual,Engorde,Limoso,Malo,3.0,1579.5,521.0,54.7,200.1,12.8,51.5,141,0.9,6749,0.84,1317,1.77,0.0
OLV_42_1670,Jaén,Tradicional,Riego,7.28,Picual,Floracion,Arcilloso,Malo,8.5,1167.3,467.0,209.3,380.0,13.1,66.1,143,2.58,8461,0.8,1445,4.2,0.2196
OLV_42_1671,Jaén,Tradicional,Secano,48.54,Picual,Cuajado,Franco,Moderado,6.6,476.5,551.0,62.6,157.8,20.7,62.4,111,2.53,4996,0.78,1058,1.65,0.0
OLV_42_1672,Córdoba,Intensivo,Riego,23.42,Hojiblanca,Brotacion,Arenoso,Moderado,3.1,588.6,384.0,85.5,280.9,15.2,34.6,37,2.3,10898,0.79,1516,1.86,0.0
OLV_42_1673,Jaén,Tradicional,Secano,15.62,Picual,Floracion,Limoso,Moderado,11.0,1015.0,410.0,95.8,313.6,16.8,51.1,47,0.85,4911,0.79,1283,2.67,0.0777
OLV_42_1674,Córdoba,Tradicional,Secano,27.68,Hojiblanca,Floracion,Arcilloso,Moderado,11.2,1256.8,240.0,28.4,36.1,15.4,31.7,104,2.24,4866,0.75,1293,0.0,0.0
OLV_42_1675,Sevilla,Tradicional,Secano,17.27,Hojiblanca,Brotacion,Franco-arcilloso,Bueno,1.8,1113.6,202.0,27.5,82.4,12.7,26.4,131,1.36,5450,0.81,1099,0.0,0.0
OLV_42_1676,Granada,Superintensivo,Riego,11.48,Hojiblanca,Reposo,Arenoso,Moderado,3.6,681.6,803.0,15.2,20.2,20.5,25.4,90,2.79,12000,0.76,1975,0.24,0.0
OLV_42_1677,Málaga,Tradicional,Secano,37.8,Hojiblanca,Cuajado,Arcilloso,Bueno,4.9,321.0,229.0,54.3,152.4,23.7,56.9,65,1.21,5137,0.83,1016,1.96,0.0
OLV_42_1678,Jaén,Tradicional,Secano,31.19,Picual,Cuajado,Arcilloso,Malo,3.9,1128.3,647.0,27.3,106.7,14.3,64.5,136,1.92,5266,0.81,1125,1.23,0.0
OLV_42_1679,Sevilla,Tradicional,Riego,13.41,Manzanilla,Reposo,Limoso,Bueno,1.6,192.5,267.0,29.9,103.0,19.8,32.5,106,1.78,8851,0.73,1376,0.0,0.0
OLV_42_1680,Granada,Tradicional,Riego,25.27,Picual,Brotacion,Arenoso,Malo,5.8,1958.7,656.0,32.3,93.7,14.1,38.5,95,1.13,9422,0.78,1262,0.56,0.0
OLV_42_1681,Granada,Tradicional,Riego,12.79,Arbequina,Floracion,Limoso,Bueno,10.6,2298.4,895.0,8.3,27.2,20.0,34.2,69,1.51,7472,0.87,1403,1.1,0.0
OLV_42_1682,Jaén,Tradicional,Secano,27.08,Hojiblanca,Cuajado,Franco-arcilloso,Moderado,4.9,568.6,657.0,234.2,330.6,23.2,55.2,59,2.21,5245,0.79,1134,4.13,0.1248
OLV_42_1683,Cadiz,Tradicional,Secano,42.71,Picual,Reposo,Franco-arcilloso,Bueno,5.9,61.1,134.0,169.6,380.0,15.9,55.5,122,0.93,5758,0.85,1130,2.81,0.0
OLV_42_1684,Granada,Intensivo,Secano,15.0,Picual,Brotacion,Arcilloso,Moderado,5.0,263.8,582.0,40.4,155.7,20.1,69.3,79,1.66,6901,0.84,1367,1.13,0.0
OLV_42_1685,Sevilla,Intensivo,Secano,47.15,Hojiblanca,Engorde,Arcilloso,Moderado,8.8,2366.4,116.0,11.8,37.1,18.4,43.8,141,2.56,6658,0.81,1457,0.0,0.0
OLV_42_1686,Sevilla,Intensivo,Secano,35.6,Picual,Cuajado,Arcilloso,Malo,7.0,2395.8,0.0,63.6,127.2,19.0,45.7,126,2.96,6367,0.78,1348,2.64,0.0
OLV_42_1687,Jaén,Tradicional,Riego,7.77,Picual,Cuajado,Arcilloso,Malo,4.6,275.2,537.0,195.5,380.0,22.0,82.0,80,2.12,8623,0.8,1347,2.35,0.288
OLV_42_1688,Jaén,Tradicional,Secano,22.29,Picual,Reposo,Arenoso,Bueno,14.6,771.5,495.0,130.3,380.0,13.6,20.5,109,2.76,5410,0.82,1357,1.91,0.0
OLV_42_1689,Jaén,Tradicional,Riego,4.49,Picual,Cuajado,Franco-arcilloso,Malo,5.5,91.0,600.0,306.8,380.0,16.9,68.0,76,2.99,8910,0.85,1274,4.54,0.3105
OLV_42_1690,Cadiz,Tradicional,Riego,23.05,Picual,Brotacion,Arcilloso,Moderado,9.1,842.7,122.0,81.3,146.2,19.1,67.1,38,1.81,7978,0.83,1536,1.88,0.0
OLV_42_1691,Granada,Superintensivo,Secano,15.14,Arbequina,Floracion,Arenoso,Malo,0.9,1915.7,663.0,34.5,95.0,18.1,27.1,103,1.16,8617,0.88,1609,0.39,0.0
OLV_42_1692,Granada,Tradicional,Secano,9.54,Picual,Engorde,Limoso,Malo,2.8,622.3,526.0,60.5,107.1,16.1,82.0,41,2.46,5433,0.79,1154,0.76,0.0
OLV_42_1693,Jaén,Tradicional,Riego,45.6,Picual,Engorde,Arenoso,Moderado,6.6,2104.4,539.0,19.2,62.5,19.2,25.6,49,2.09,8976,0.82,1442,0.51,0.0
OLV_42_1694,Málaga,Intensivo,Riego,8.69,Hojiblanca,Engorde,Limoso,Moderado,8.2,855.9,387.0,63.0,107.8,19.5,49.3,36,1.99,11383,0.83,1851,0.84,0.0
OLV_42_1695,Jaén,Tradicional,Secano,34.76,Picual,Floracion,Franco-arcilloso,Bueno,9.1,1619.5,481.0,18.5,28.4,18.4,40.6,48,2.77,5300,0.83,1386,0.0,0.0
OLV_42_1696,Jaén,Tradicional,Secano,47.53,Arbequina,Cuajado,Limoso,Malo,4.7,1299.9,505.0,57.6,207.3,20.8,66.9,74,1.9,5199,0.9,1230,1.96,0.0
OLV_42_1697,Málaga,Intensivo,Riego,10.28,Hojiblanca,Brotacion,Franco-arcilloso,Bueno,10.6,760.3,160.0,102.3,330.6,17.3,47.6,123,1.15,10086,0.83,1718,2.06,0.0
OLV_42_1698,Málaga,Intensivo,Riego,10.47,Hojiblanca,Reposo,Arenoso,Malo,3.2,1153.5,224.0,4.6,16.0,14.7,47.2,66,2.53,12000,0.76,1629,1.04,0.0
OLV_42_1699,Jaén,Tradicional,Riego,27.16,Picual,Floracion,Arcilloso,Bueno,2.4,699.5,391.0,126.1,380.0,21.6,50.7,130,2.74,8946,0.8,1406,4.09,0.0619
OLV_42_1700,Cadiz,Intensivo,Riego,49.26,Picual,Engorde,Limoso,Malo,5.3,1763.1,240.0,50.9,167.5,21.1,47.3,108,1.83,10584,0.78,1618,1.28,0.0
OLV_42_1701,Sevilla,Intensivo,Riego,9.22,Picual,Brotacion,Limoso,Bueno,3.3,307.7,79.0,58.5,222.7,16.3,38.4,88,2.02,12000,0.81,1503,1.23,0.0
OLV_42_1702,Málaga,Superintensivo,Secano,36.69,Hojiblanca,Cuajado,Franco,Moderado,7.1,1249.5,271.0,138.5,380.0,18.6,113.7,136,1.56,8634,0.81,1723,3.36,0.0242
OLV_42_1703,Jaén,Tradicional,Secano,26.9,Hojiblanca,Engorde,Limoso,Malo,7.2,1073.8,394.0,137.9,376.3,16.5,80.7,47,2.6,5554,0.79,1167,3.56,0.115
OLV_42_1704,Sevilla,Tradicional,Secano,30.58,Manzanilla,Reposo,Franco,Bueno,3.3,1688.3,34.0,3.3,8.3,14.2,25.7,134,1.66,5050,0.76,1156,0.0,0.0
OLV_42_1705,Granada,Superintensivo,Riego,26.94,Picual,Brotacion,Franco,Moderado,1.6,1924.9,711.0,53.4,134.8,15.8,22.9,42,1.34,12000,0.85,1831,1.02,0.0
OLV_42_1706,Córdoba,Tradicional,Riego,38.66,Arbequina,Engorde,Franco-arcilloso,Bueno,1.9,1786.2,269.0,74.9,186.9,22.9,56.9,134,1.9,7752,0.92,1186,1.36,0.0
OLV_42_1707,Córdoba,Tradicional,Secano,27.96,Manzanilla,Floracion,Franco-arcilloso,Bueno,5.4,751.9,295.0,73.1,199.9,8.0,45.2,129,2.27,5148,0.8,1139,0.66,0.0
OLV_42_1708,Málaga,Tradicional,Riego,23.28,Hojiblanca,Cuajado,Arenoso,Malo,6.9,1525.3,301.0,139.8,207.0,22.9,46.9,130,2.12,9203,0.8,1508,3.09,0.0162
OLV_42_1709,Jaén,Tradicional,Riego,23.31,Picual,Floracion,Arcilloso,Moderado,5.7,937.0,502.0,15.0,23.7,25.7,26.5,82,2.63,8494,0.79,1404,0.0,0.0
OLV_42_1710,Córdoba,Intensivo,Secano,8.68,Hojiblanca,Engorde,Arcilloso,Bueno,10.8,729.0,304.0,36.3,138.5,20.0,32.6,74,1.16,6407,0.8,1760,0.15,0.0
OLV_42_1711,Sevilla,Superintensivo,Riego,33.08,Manzanilla,Brotacion,Franco-arcilloso,Malo,5.2,1486.2,227.0,50.3,194.3,20.2,48.9,112,1.65,12000,0.73,1894,1.85,0.0
OLV_42_1712,Granada,Tradicional,Secano,44.79,Picual,Brotacion,Arcilloso,Moderado,4.4,672.9,601.0,204.8,380.0,17.9,57.3,147,1.31,5749,0.84,1102,4.37,0.099
OLV_42_1713,Granada,Tradicional,Riego,16.28,Picual,Engorde,Arenoso,Bueno,6.9,1333.0,884.0,14.6,30.4,23.7,31.2,42,1.16,9045,0.87,1430,0.26,0.0
OLV_42_1714,Málaga,Superintensivo,Riego,44.67,Hojiblanca,Engorde,Franco-arcilloso,Moderado,8.2,380.4,201.0,17.9,80.9,17.1,39.0,66,1.9,12000,0.86,2054,0.4,0.0
OLV_42_1715,Córdoba,Tradicional,Secano,14.08,Hojiblanca,Brotacion,Limoso,Moderado,1.2,2320.8,258.0,39.8,86.0,21.1,43.1,105,2.38,5241,0.77,941,0.22,0.0
OLV_42_1716,Córdoba,Intensivo,Secano,12.52,Hojiblanca,Engorde,Franco,Bueno,4.2,776.3,178.0,71.7,116.0,15.4,19.6,130,1.24,6680,0.77,1404,0.53,0.0
OLV_42_1717,Granada,Intensivo,Secano,6.92,Picual,Floracion,Limoso,Moderado,3.0,1468.9,673.0,118.3,380.0,19.0,75.1,103,2.04,7193,0.81,1632,2.35,0.217
OLV_42_1718,Cadiz,Intensivo,Riego,38.89,Manzanilla,Brotacion,Arcilloso,Bueno,5.3,2249.5,121.0,66.6,88.5,15.5,36.0,147,1.33,10723,0.83,1711,1.34,0.0
OLV_42_1719,Cadiz,Intensivo,Riego,26.14,Arbequina,Reposo,Limoso,Bueno,3.2,1926.8,50.0,29.2,74.7,23.0,18.0,83,2.72,10297,0.88,1488,0.0,0.0
OLV_42_1720,Granada,Tradicional,Secano,13.99,Picual,Floracion,Limoso,Bueno,5.8,1086.0,759.0,31.7,61.1,15.5,24.9,68,2.13,4582,0.79,1386,0.0,0.0
OLV_42_1721,Sevilla,Intensivo,Riego,38.22,Picual,Brotacion,Franco-arcilloso,Bueno,3.3,400.5,150.0,134.7,362.3,11.2,64.6,134,1.38,10630,0.82,1670,3.29,0.062
OLV_42_1722,Sevilla,Intensivo,Riego,45.19,Manzanilla,Engorde,Arcilloso,Bueno,7.0,389.4,64.0,24.7,57.0,15.4,23.5,63,1.55,9799,0.78,1770,0.86,0.0
OLV_42_1723,Córdoba,Intensivo,Secano,16.91,Picual,Brotacion,Franco,Bueno,2.0,1768.1,288.0,58.0,202.5,17.1,29.1,44,2.26,6458,0.82,1244,0.02,0.0
OLV_42_1724,Sevilla,Intensivo,Riego,20.92,Hojiblanca,Reposo,Franco-arcilloso,Moderado,5.2,1620.3,89.0,66.5,160.4,17.0,44.0,148,1.7,51890,0.74,1761,0.58,0.0
OLV_42_1725,Málaga,Tradicional,Secano,15.72,Hojiblanca,Cuajado,Franco-arcilloso,Moderado,3.7,2342.7,380.0,176.2,239.7,21.5,71.2,143,2.19,5613,0.83,1063,4.51,0.0994
OLV_42_1726,Sevilla,Tradicional,Secano,9.32,Manzanilla,Brotacion,Limoso,Moderado,7.0,1526.8,307.0,104.4,142.1,23.3,62.5,35,1.81,4487,0.76,1148,0.94,0.0
OLV_42_1727,Sevilla,Tradicional,Riego,48.15,Manzanilla,Brotacion,Franco-arcilloso,Bueno,3.9,188.2,117.0,173.9,301.7,20.9,70.2,77,2.1,9628,0.8,1245,2.97,0.0439
OLV_42_1728,Cadiz,Tradicional,Secano,19.17,Picual,Reposo,Limoso,Malo,3.9,1525.5,242.0,48.9,206.4,21.8,47.5,46,1.55,5486,0.79,1130,2.58,0.0
OLV_42_1729,Sevilla,Intensivo,Riego,41.12,Hojiblanca,Floracion,Limoso,Malo,7.5,1568.7,194.0,81.2,191.4,10.3,47.8,31,2.57,11917,0.76,1846,1.69,0.0
OLV_42_1730,Sevilla,Tradicional,Secano,35.76,Hojiblanca,Floracion,Franco-arcilloso,Moderado,1.4,1034.5,118.0,43.5,63.9,22.2,38.1,69,2.3,5193,0.73,1160,1.45,0.0
OLV_42_1731,Jaén,Intensivo,Secano,18.18,Picual,Cuajado,Franco,Moderado,3.5,2333.1,497.0,59.4,173.8,21.5,26.9,57,1.37,6742,0.82,1273,1.04,0.0
OLV_42_1732,Jaén,Intensivo,Secano,20.29,Picual,Cuajado,Franco,Moderado,2.8,1932.7,519.0,34.6,45.1,21.1,23.1,46,1.79,6389,0.82,1487,0.64,0.0
OLV_42_1733,Cadiz,Intensivo,Secano,23.71,Manzanilla,Floracion,Arcilloso,Bueno,2.4,1703.0,190.0,183.8,330.5,22.9,48.0,124,1.51,6609,0.69,1513,3.27,0.1083
OLV_42_1734,Sevilla,Intensivo,Riego,14.64,Hojiblanca,Brotacion,Franco-arcilloso,Bueno,9.4,184.8,354.0,27.7,75.5,12.9,23.3,70,1.17,11415,0.77,1831,0.02,0.0
OLV_42_1735,Málaga,Superintensivo,Secano,19.94,Arbequina,Reposo,Franco-arcilloso,Moderado,4.1,1493.4,325.0,69.4,153.9,17.5,51.4,126,1.4,8306,0.9,1980,1.6,0.0
OLV_42_1736,Córdoba,Intensivo,Secano,20.57,Manzanilla,Cuajado,Arcilloso,Moderado,1.3,496.7,325.0,174.4,380.0,19.1,78.1,50,2.95,6242,0.76,1269,4.48,0.3297
OLV_42_1737,Sevilla,Tradicional,Secano,6.57,Hojiblanca,Cuajado,Franco,Bueno,4.0,932.0,255.0,108.4,276.7,19.8,39.6,32,2.25,5294,0.82,1157,2.03,0.0
OLV_42_1738,Jaén,Intensivo,Secano,21.84,Hojiblanca,Brotacion,Franco,Malo,5.1,1670.8,550.0,155.7,374.3,17.9,80.1,121,2.54,6318,0.81,1566,4.61,0.0486
OLV_42_1739,Córdoba,Tradicional,Secano,2.82,Picual,Brotacion,Franco,Moderado,10.4,1564.2,265.0,78.7,193.2,15.6,33.5,100,2.68,4955,0.81,1414,1.1,0.0
OLV_42_1740,Córdoba,Tradicional,Secano,36.34,Picual,Reposo,Arcilloso,Moderado,6.2,501.0,264.0,30.4,86.4,19.8,49.3,118,1.34,5837,0.77,1275,1.1,0.0
OLV_42_1741,Jaén,Tradicional,Secano,16.29,Picual,Engorde,Arcilloso,Malo,3.6,1414.3,658.0,61.9,160.8,23.0,81.8,79,2.23,5449,0.78,1128,0.65,0.0
OLV_42_1742,Sevilla,Tradicional,Riego,14.22,Arbequina,Floracion,Franco-arcilloso,Bueno,3.6,2122.2,218.0,24.6,63.5,23.9,30.6,111,1.74,8088,0.84,1196,0.0,0.0
OLV_42_1743,Cadiz,Intensivo,Riego,14.22,Manzanilla,Floracion,Franco-arcilloso,Moderado,3.6,1116.8,64.0,64.7,234.6,16.5,55.9,125,2.58,10725,0.76,1808,3.06,0.0
OLV_42_1744,Málaga,Tradicional,Secano,4.91,Picual,Cuajado,Franco-arcilloso,Bueno,18.1,640.3,371.0,99.4,255.2,12.6,40.0,82,2.36,5271,0.87,1331,0.91,0.0
OLV_42_1745,Jaén,Tradicional,Secano,23.34,Picual,Brotacion,Franco-arcilloso,Malo,10.4,2160.1,544.0,278.4,380.0,15.8,71.6,95,1.24,4670,0.82,1224,3.38,0.133
OLV_42_1746,Granada,Tradicional,Secano,40.8,Hojiblanca,Cuajado,Franco-arcilloso,Bueno,2.6,2234.4,626.0,39.1,125.8,23.1,37.3,78,2.2,5418,0.87,988,0.17,0.0
OLV_42_1747,Jaén,Tradicional,Secano,33.41,Picual,Floracion,Limoso,Malo,16.9,758.2,506.0,74.3,128.9,8.2,55.3,113,2.6,5029,0.85,1403,1.32,0.0
OLV_42_1748,Málaga,Tradicional,Riego,44.57,Hojiblanca,Engorde,Arenoso,Moderado,7.5,1214.0,235.0,47.2,71.4,22.2,27.7,90,2.63,7664,0.84,1686,0.15,0.0
OLV_42_1749,Córdoba,Tradicional,Secano,48.04,Picual,Cuajado,Franco,Moderado,5.1,224.6,194.0,160.0,380.0,23.1,69.8,69,1.19,5155,0.8,1161,5.15,0.2172
OLV_42_1750,Málaga,Superintensivo,Riego,2.32,Hojiblanca,Floracion,Franco-arcilloso,Malo,2.2,432.2,345.0,152.5,332.8,11.4,78.0,118,2.85,12000,0.8,1771,4.96,0.2562
OLV_42_1751,Sevilla,Tradicional,Riego,41.7,Manzanilla,Floracion,Arenoso,Bueno,10.3,1777.4,197.0,117.6,159.9,16.0,34.7,106,1.42,7423,0.76,1537,0.61,0.0
OLV_42_1752,Granada,Tradicional,Secano,27.42,Hojiblanca,Floracion,Arenoso,Moderado,11.0,1124.7,525.0,56.7,78.9,14.1,41.3,105,0.97,4921,0.87,1368,0.0,0.0
OLV_42_1753,Málaga,Intensivo,Secano,16.37,Hojiblanca,Floracion,Franco-arcilloso,Moderado,2.6,1786.1,339.0,59.0,133.6,13.0,35.9,55,1.9,6397,0.81,1441,0.7,0.0
OLV_42_1754,Sevilla,Tradicional,Riego,26.25,Hojiblanca,Floracion,Franco,Moderado,4.9,1903.0,232.0,137.0,380.0,12.7,42.8,91,2.29,8874,0.82,1231,2.58,0.0421
OLV_42_1755,Sevilla,Intensivo,Secano,16.85,Hojiblanca,Floracion,Franco-arcilloso,Bueno,8.6,1204.4,184.0,206.0,352.7,12.7,72.1,57,1.89,7016,0.85,1668,3.5,0.2685
OLV_42_1756,Sevilla,Superintensivo,Riego,13.52,Picual,Cuajado,Limoso,Malo,4.9,348.9,89.0,36.1,111.7,18.7,42.6,144,2.69,12000,0.81,1958,1.06,0.0
OLV_42_1757,Córdoba,Tradicional,Secano,26.3,Picual,Reposo,Arcilloso,Moderado,2.4,128.8,300.0,91.5,313.2,17.2,64.7,129,1.99,5602,0.84,1312,2.75,0.0
OLV_42_1758,Málaga,Intensivo,Secano,34.44,Arbequina,Brotacion,Limoso,Malo,2.3,2389.7,262.0,11.4,16.8,20.8,41.0,33,1.85,6145,0.86,1392,0.0,0.0
OLV_42_1759,Granada,Tradicional,Secano,3.76,Arbequina,Cuajado,Franco,Moderado,2.5,165.9,588.0,35.7,132.2,28.0,43.4,69,1.28,4738,0.88,1193,0.76,0.0
OLV_42_1760,Granada,Tradicional,Secano,48.16,Cornicabra,Brotacion,Limoso,Malo,7.8,1827.1,768.0,172.9,380.0,19.5,82.0,74,1.9,5284,0.84,977,3.81,0.0834
OLV_42_1761,Jaén,Intensivo,Riego,15.82,Picual,Engorde,Limoso,Bueno,5.4,1825.0,463.0,76.5,124.1,16.1,18.7,57,1.76,12000,0.81,1619,1.68,0.0
OLV_42_1762,Sevilla,Intensivo,Riego,6.59,Hojiblanca,Brotacion,Arenoso,Bueno,2.5,153.4,54.0,49.3,111.1,16.0,28.8,40,2.71,10284,0.77,1541,0.48,0.0
OLV_42_1763,Granada,Superintensivo,Secano,8.8,Picual,Cuajado,Arcilloso,Moderado,16.7,129.9,437.0,122.8,207.0,13.7,81.5,109,1.35,8433,0.86,2005,3.14,0.2018
OLV_42_1764,Málaga,Tradicional,Secano,35.86,Hojiblanca,Brotacion,Arcilloso,Bueno,5.0,1641.0,190.0,10.1,15.1,23.0,111.2,86,2.61,4877,0.82,1187,0.06,0.0
OLV_42_1765,Jaén,Tradicional,Riego,45.3,Picual,Reposo,Arenoso,Malo,2.7,593.4,542.0,159.1,380.0,15.0,25.0,51,1.93,8583,0.83,1264,1.86,0.0
OLV_42_1766,Granada,Tradicional,Riego,29.77,Hojiblanca,Brotacion,Arcilloso,Malo,6.0,572.6,666.0,320.0,380.0,25.4,65.9,106,2.94,8634,0.77,1759,4.67,0.0879
OLV_42_1767,Málaga,Tradicional,Riego,46.06,Hojiblanca,Reposo,Arenoso,Bueno,5.2,618.3,268.0,207.7,380.0,22.6,35.9,96,1.96,9161,0.78,1352,1.99,0.0
OLV_42_1768,Jaén,Tradicional,Secano,3.18,Picual,Reposo,Franco-arcilloso,Moderado,5.3,670.3,577.0,129.8,236.1,9.7,66.8,95,1.02,5033,0.83,1213,3.2,0.0
OLV_42_1769,Jaén,Intensivo,Secano,38.33,Picual,Cuajado,Arcilloso,Moderado,2.1,32.7,500.0,215.5,371.1,16.1,74.3,114,2.2,6605,0.88,1562,5.5,0.3068
OLV_42_1770,Granada,Tradicional,Secano,13.32,Picual,Floracion,Franco,Malo,2.4,2278.6,566.0,101.2,176.2,21.0,42.4,46,0.98,5585,0.79,830,2.4,0.0
OLV_42_1771,Cadiz,Tradicional,Secano,47.08,Manzanilla,Floracion,Arcilloso,Moderado,0.5,312.8,91.0,131.2,359.3,13.0,65.9,70,1.49,5268,0.73,945,3.51,0.2738
OLV_42_1772,Granada,Tradicional,Riego,29.44,Hojiblanca,Reposo,Franco,Moderado,8.5,684.6,693.0,28.7,95.9,19.6,23.0,111,1.79,9542,0.78,1401,0.59,0.0
OLV_42_1773,Granada,Tradicional,Secano,30.88,Picual,Reposo,Arcilloso,Bueno,6.2,1102.7,583.0,73.4,142.8,13.9,56.2,38,1.16,5497,0.83,1165,1.53,0.0
OLV_42_1774,Cadiz,Superintensivo,Secano,36.27,Manzanilla,Cuajado,Franco-arcilloso,Moderado,4.9,1260.3,117.0,49.5,181.1,22.4,62.9,133,1.1,8743,0.77,1780,0.29,0.0
OLV_42_1775,Jaén,Tradicional,Secano,7.81,Picual,Floracion,Arenoso,Malo,3.7,504.8,358.0,47.6,77.3,16.3,25.3,59,2.18,5334,0.83,1177,0.61,0.0
OLV_42_1776,Granada,Tradicional,Secano,37.66,Picual,Floracion,Limoso,Malo,6.9,647.5,549.0,44.1,75.9,14.8,47.8,51,1.85,5238,0.82,1498,0.84,0.0
OLV_42_1777,Granada,Intensivo,Secano,11.75,Hojiblanca,Engorde,Franco,Bueno,11.0,196.6,587.0,226.0,380.0,16.2,68.8,97,0.92,6049,0.84,1634,2.82,0.1344
OLV_42_1778,Córdoba,Superintensivo,Riego,39.98,Picual,Engorde,Arcilloso,Malo,3.2,885.5,372.0,156.3,380.0,9.0,61.2,143,1.91,12000,0.79,1970,5.5,0.1573
OLV_42_1779,Córdoba,Tradicional,Secano,13.32,Picual,Engorde,Arenoso,Malo,6.9,1142.5,277.0,62.6,181.9,22.1,40.5,146,1.67,4889,0.86,1186,1.56,0.0
OLV_42_1780,Córdoba,Intensivo,Riego,45.17,Arbequina,Floracion,Limoso,Malo,11.8,165.8,348.0,315.3,380.0,20.7,76.3,77,2.87,9734,0.88,1795,3.53,0.3687
OLV_42_1781,Granada,Tradicional,Riego,21.13,Picual,Cuajado,Limoso,Bueno,7.0,798.8,623.0,111.2,330.4,12.9,48.8,126,2.34,9538,0.8,1275,3.15,0.0787
OLV_42_1782,Jaén,Intensivo,Secano,8.09,Picual,Cuajado,Franco-arcilloso,Bueno,9.8,2048.3,605.0,162.9,380.0,13.8,51.3,147,2.78,6670,0.84,1644,2.0,0.0753
OLV_42_1783,Córdoba,Tradicional,Secano,29.37,Picual,Floracion,Arcilloso,Bueno,6.0,1203.5,382.0,165.8,380.0,18.1,63.8,125,1.3,4824,0.79,1197,3.44,0.2265
OLV_42_1784,Granada,Intensivo,Secano,20.67,Picual,Brotacion,Arenoso,Bueno,2.1,707.2,700.0,55.5,72.2,12.3,39.4,70,2.25,6278,0.84,1210,0.0,0.0
OLV_42_1785,Córdoba,Tradicional,Secano,21.11,Hojiblanca,Cuajado,Arenoso,Bueno,2.8,804.1,341.0,65.4,136.4,20.5,32.1,102,2.52,5708,0.79,1245,0.34,0.0
OLV_42_1786,Jaén,Tradicional,Secano,27.63,Picual,Cuajado,Limoso,Bueno,6.6,584.1,465.0,60.2,144.7,14.3,53.3,133,1.1,5496,0.8,1307,0.91,0.0
OLV_42_1787,Granada,Tradicional,Riego,7.17,Arbequina,Floracion,Arcilloso,Moderado,4.9,2086.4,701.0,19.8,53.6,17.7,30.1,84,2.31,8997,0.91,1438,0.0,0.0
OLV_42_1788,Córdoba,Intensivo,Secano,9.06,Arbequina,Floracion,Franco-arcilloso,Bueno,3.4,1282.3,519.0,110.1,353.1,17.5,63.3,103,1.29,6830,0.87,1416,3.89,0.1482
OLV_42_1789,Jaén,Tradicional,Secano,8.91,Picual,Reposo,Arenoso,Bueno,2.1,1016.2,418.0,48.7,110.1,12.8,18.0,84,2.08,5230,0.79,1100,0.0,0.0
OLV_42_1790,Granada,Tradicional,Riego,35.8,Picual,Engorde,Limoso,Malo,5.7,118.6,658.0,175.3,380.0,14.6,79.0,125,1.69,9252,0.78,1489,3.49,0.0853
OLV_42_1791,Sevilla,Intensivo,Riego,14.61,Manzanilla,Brotacion,Franco-arcilloso,Malo,3.7,318.0,134.0,115.8,188.7,17.2,82.0,45,1.27,10899,0.79,1893,4.74,0.0455
OLV_42_1792,Jaén,Tradicional,Secano,29.4,Hojiblanca,Brotacion,Arenoso,Bueno,5.8,2287.5,274.0,21.7,88.7,15.4,18.0,148,1.2,5426,0.79,1223,0.0,0.0
OLV_42_1793,Jaén,Tradicional,Riego,25.45,Hojiblanca,Engorde,Franco,Moderado,5.5,321.6,449.0,48.2,72.5,15.7,33.1,77,2.94,10742,0.8,1415,1.03,0.0
OLV_42_1794,Córdoba,Tradicional,Secano,26.94,Picual,Brotacion,Arcilloso,Moderado,1.0,540.1,58.0,27.8,69.6,17.3,48.6,145,2.44,5423,0.85,1191,1.25,0.0
OLV_42_1795,Granada,Tradicional,Secano,45.45,Picual,Engorde,Arenoso,Malo,5.4,2265.1,684.0,45.2,163.1,15.5,34.8,111,1.22,5102,0.85,1265,0.72,0.0
OLV_42_1796,Jaén,Tradicional,Secano,35.37,Picual,Cuajado,Franco,Bueno,9.3,507.3,641.0,125.7,380.0,21.2,44.9,143,2.46,5482,0.81,1333,2.51,0.0
OLV_42_1797,Jaén,Tradicional,Secano,48.34,Picual,Cuajado,Arenoso,Malo,2.5,2130.1,439.0,80.1,269.4,16.4,42.2,102,1.85,5174,0.81,1049,1.84,0.0
OLV_42_1798,Sevilla,Intensivo,Riego,10.02,Manzanilla,Engorde,Franco-arcilloso,Moderado,9.9,547.8,216.0,93.6,277.6,14.3,59.2,108,0.99,10438,0.75,1742,2.91,0.0314
OLV_42_1799,Jaén,Tradicional,Secano,10.08,Picual,Reposo,Limoso,Moderado,6.0,630.0,614.0,4.6,19.2,17.5,40.3,80,2.88,5243,0.87,1139,0.25,0.0
OLV_42_1800,Córdoba,Tradicional,Secano,35.41,Hojiblanca,Engorde,Franco,Bueno,3.2,95.0,297.0,93.9,296.8,18.4,55.6,90,2.72,5837,0.79,1002,2.15,0.0
OLV_42_1801,Granada,Intensivo,Secano,28.14,Picual,Floracion,Franco,Moderado,8.9,1808.2,561.0,163.7,287.1,13.8,54.5,114,2.21,6395,0.8,1705,3.79,0.0983
OLV_42_1802,Córdoba,Superintensivo,Riego,19.03,Hojiblanca,Floracion,Franco,Moderado,0.0,1699.2,291.0,39.5,74.6,11.5,44.1,136,1.51,12000,0.87,1817,0.15,0.0
OLV_42_1803,Cadiz,Intensivo,Secano,44.4,Manzanilla,Reposo,Limoso,Malo,6.5,2140.7,79.0,16.3,21.3,13.1,53.0,80,1.68,6635,0.81,1511,0.0,0.0
OLV_42_1804,Jaén,Tradicional,Secano,16.2,Picual,Floracion,Arenoso,Moderado,10.9,991.0,579.0,62.0,120.5,12.5,32.9,99,2.37,5451,0.83,1307,0.25,0.0
OLV_42_1805,Jaén,Tradicional,Secano,2.58,Picual,Brotacion,Franco,Bueno,4.1,910.2,656.0,91.7,300.3,12.0,40.7,68,2.17,5097,0.82,1346,1.76,0.0
OLV_42_1806,Cadiz,Intensivo,Secano,17.74,Picual,Engorde,Arenoso,Bueno,1.9,907.1,0.0,44.7,65.5,17.4,35.2,114,1.81,6741,0.81,1519,0.17,0.0
OLV_42_1807,Jaén,Tradicional,Secano,46.06,Picual,Reposo,Limoso,Malo,11.3,2246.8,521.0,43.9,81.3,20.3,43.2,51,0.86,4760,0.76,1430,1.21,0.0
OLV_42_1808,Málaga,Superintensivo,Riego,39.24,Picual,Brotacion,Franco,Malo,0.0,711.0,373.0,126.5,376.1,16.2,66.5,143,1.95,12000,0.81,1769,4.7,0.0351
OLV_42_1809,Jaén,Tradicional,Secano,8.79,Picual,Brotacion,Limoso,Malo,2.4,254.7,647.0,25.0,64.4,17.3,55.9,148,1.92,5395,0.78,1333,0.74,0.0
OLV_42_1810,Córdoba,Tradicional,Secano,30.59,Manzanilla,Brotacion,Arenoso,Malo,3.3,2214.2,471.0,49.5,149.0,18.1,24.1,45,1.97,5300,0.82,1061,0.37,0.0
OLV_42_1811,Córdoba,Tradicional,Secano,35.99,Picual,Engorde,Arenoso,Malo,2.0,1475.8,206.0,47.9,126.7,14.5,34.4,112,1.64,5375,0.82,1074,0.6,0.0
OLV_42_1812,Granada,Tradicional,Riego,38.43,Hojiblanca,Floracion,Arcilloso,Moderado,9.2,176.6,655.0,104.1,182.0,14.3,80.7,122,0.96,8580,0.8,1447,2.81,0.0342
OLV_42_1813,Granada,Intensivo,Riego,20.12,Picual,Brotacion,Limoso,Malo,10.2,521.7,702.0,81.5,280.4,19.4,75.7,78,0.89,11365,0.83,1620,2.04,0.0
OLV_42_1814,Jaén,Tradicional,Riego,26.14,Hojiblanca,Cuajado,Limoso,Moderado,11.1,233.7,600.0,136.4,380.0,15.5,63.8,31,2.08,8014,0.8,1522,4.54,0.2423
OLV_42_1815,Sevilla,Intensivo,Riego,4.08,Manzanilla,Floracion,Franco-arcilloso,Moderado,8.0,1020.3,80.0,87.2,156.0,11.7,65.1,149,0.87,11811,0.76,1748,2.37,0.0
OLV_42_1816,Jaén,Tradicional,Secano,35.92,Picual,Cuajado,Arenoso,Moderado,6.4,2364.8,649.0,32.9,72.8,17.1,20.6,94,2.71,5529,0.88,1114,0.31,0.0
OLV_42_1817,Jaén,Tradicional,Secano,18.35,Picual,Cuajado,Arcilloso,Malo,5.8,90.3,531.0,265.7,380.0,21.6,82.0,88,2.49,5103,0.75,1021,4.48,0.3711
OLV_42_1818,Córdoba,Tradicional,Secano,12.05,Hojiblanca,Reposo,Franco,Moderado,5.4,115.3,270.0,116.4,312.2,17.1,81.8,119,1.91,5357,0.84,1175,4.16,0.0
OLV_42_1819,Sevilla,Tradicional,Secano,48.47,Manzanilla,Engorde,Franco-arcilloso,Malo,1.2,1905.9,130.0,15.8,30.4,22.5,38.7,96,0.9,5326,0.76,1091,0.23,0.0
OLV_42_1820,Jaén,Tradicional,Riego,16.03,Picual,Cuajado,Arcilloso,Moderado,11.8,1590.0,591.0,221.5,380.0,14.5,55.0,146,2.46,9238,0.84,1425,3.68,0.112
OLV_42_1821,Córdoba,Intensivo,Riego,3.36,Picual,Brotacion,Arcilloso,Malo,7.7,575.8,348.0,140.9,284.3,14.5,80.5,64,1.29,11198,0.78,1755,4.4,0.1139
OLV_42_1822,Sevilla,Intensivo,Secano,43.34,Manzanilla,Engorde,Limoso,Moderado,14.6,1797.5,41.0,67.1,212.3,13.3,22.0,113,2.99,6090,0.77,1811,1.77,0.0
OLV_42_1823,Jaén,Tradicional,Riego,7.41,Picual,Brotacion,Arcilloso,Moderado,11.2,1834.4,416.0,99.0,300.6,15.5,43.0,148,2.83,9362,0.83,1436,0.93,0.0
OLV_42_1824,Jaén,Intensivo,Riego,22.05,Hojiblanca,Reposo,Franco-arcilloso,Moderado,13.0,1407.7,451.0,61.7,79.1,17.7,46.5,140,1.07,10410,0.75,1891,0.22,0.0
OLV_42_1825,Sevilla,Tradicional,Riego,21.62,Arbequina,Engorde,Limoso,Moderado,3.1,442.9,55.0,200.3,380.0,15.3,62.3,97,0.86,9279,0.89,1300,4.57,0.0989
OLV_42_1826,Jaén,Tradicional,Secano,40.41,Picual,Brotacion,Franco-arcilloso,Moderado,15.2,652.1,545.0,128.6,380.0,18.3,66.4,148,1.21,4924,0.82,1492,3.18,0.0
OLV_42_1827,Sevilla,Intensivo,Secano,5.58,Picual,Cuajado,Limoso,Malo,4.6,1306.4,0.0,283.8,380.0,13.4,61.2,37,2.6,6979,0.82,1518,5.16,0.3706
OLV_42_1828,Granada,Superintensivo,Riego,30.91,Picual,Cuajado,Limoso,Moderado,1.8,559.5,676.0,124.1,380.0,14.1,76.5,68,2.73,12000,0.79,1793,3.76,0.2373
OLV_42_1829,Málaga,Tradicional,Secano,40.14,Arbequina,Cuajado,Arenoso,Malo,4.1,1163.0,166.0,36.9,140.2,16.2,33.9,44,2.85,4790,0.84,975,0.08,0.0
OLV_42_1830,Granada,Intensivo,Secano,16.63,Hojiblanca,Brotacion,Arenoso,Malo,5.3,62.4,622.0,224.0,380.0,15.9,48.7,52,1.54,7274,0.81,1538,3.01,0.0892
OLV_42_1831,Jaén,Tradicional,Secano,19.32,Picual,Cuajado,Franco-arcilloso,Bueno,4.0,2149.9,533.0,95.2,210.8,23.1,44.7,126,2.76,5479,0.86,1382,2.01,0.0
OLV_42_1832,Cadiz,Tradicional,Riego,38.98,Manzanilla,Cuajado,Franco,Malo,4.9,352.2,2.0,37.8,117.0,21.3,64.1,131,1.35,8398,0.73,1308,1.39,0.0
OLV_42_1833,Sevilla,Tradicional,Secano,30.24,Hojiblanca,Reposo,Franco-arcilloso,Malo,4.9,304.6,126.0,73.8,123.1,24.9,82.0,65,1.62,5320,0.77,1141,1.98,0.0
OLV_42_1834,Jaén,Intensivo,Secano,43.79,Picual,Reposo,Franco,Bueno,13.6,419.0,353.0,125.5,157.8,15.4,32.2,110,1.89,6685,0.76,1804,0.28,0.0
OLV_42_1835,Sevilla,Tradicional,Riego,5.78,Hojiblanca,Cuajado,Arenoso,Moderado,3.4,2386.0,49.0,71.5,109.3,16.8,26.3,80,2.47,8715,0.78,1403,0.16,0.0
OLV_42_1836,Granada,Intensivo,Secano,47.67,Arbequina,Reposo,Franco,Bueno,11.2,621.9,746.0,115.9,380.0,18.0,36.3,88,1.46,6174,0.84,1361,1.64,0.0
OLV_42_1837,Jaén,Tradicional,Riego,12.83,Picual,Cuajado,Franco,Bueno,3.1,734.4,469.0,52.7,213.2,17.0,34.9,135,1.88,8891,0.79,1264,0.09,0.0
OLV_42_1838,Jaén,Tradicional,Riego,41.46,Picual,Reposo,Franco-arcilloso,Moderado,2.8,684.2,538.0,183.9,380.0,19.1,52.5,93,2.14,8741,0.78,1308,3.66,0.0
OLV_42_1839,Jaén,Tradicional,Secano,49.0,Picual,Reposo,Limoso,Moderado,10.8,121.3,445.0,96.9,281.8,12.6,68.0,129,1.77,4725,0.82,1158,2.26,0.0
OLV_42_1840,Jaén,Tradicional,Riego,46.29,Picual,Brotacion,Limoso,Moderado,3.6,1980.0,387.0,75.0,185.3,16.6,59.0,43,1.17,8967,0.0,1321,2.35,0.0
OLV_42_1841,Granada,Tradicional,Secano,41.03,Picual,Brotacion,Franco,Bueno,3.4,2245.7,634.0,62.1,174.7,18.6,29.5,133,2.18,5521,0.8,1182,1.27,0.0
OLV_42_1842,Málaga,Tradicional,Riego,4.62,Hojiblanca,Cuajado,Limoso,Moderado,3.7,1081.3,352.0,67.4,257.6,17.3,63.0,33,2.27,8822,0.83,1361,1.91,0.0
OLV_42_1843,Cadiz,Tradicional,Riego,6.55,Hojiblanca,Reposo,Limoso,Moderado,6.8,1331.6,23.0,79.5,169.7,15.9,35.4,30,1.12,9044,0.77,1451,1.42,0.0
OLV_42_1844,Málaga,Tradicional,Secano,19.78,Hojiblanca,Floracion,Limoso,Malo,8.7,1881.3,241.0,142.7,380.0,18.2,82.0,48,2.74,5314,0.79,1363,2.94,0.3241
OLV_42_1845,Córdoba,Superintensivo,Riego,38.51,Hojiblanca,Floracion,Arcilloso,Moderado,0.8,546.5,392.0,35.1,91.7,18.8,66.4,70,1.97,12000,0.86,1771,2.35,0.0
OLV_42_1846,Jaén,Tradicional,Secano,11.31,Picual,Reposo,Franco-arcilloso,Bueno,5.0,2358.5,569.0,46.9,107.0,18.6,29.2,54,0.97,5774,0.86,1230,0.28,0.0
OLV_42_1847,Córdoba,Intensivo,Riego,35.31,Picual,Floracion,Franco,Moderado,1.9,1460.9,334.0,62.9,162.0,20.4,36.6,74,1.06,12000,0.82,1584,2.02,0.0
OLV_42_1848,Sevilla,Intensivo,Riego,6.63,Hojiblanca,Engorde,Franco-arcilloso,Moderado,7.5,424.5,86.0,141.0,380.0,20.2,72.2,41,0.81,10747,0.79,1601,4.11,0.2378
OLV_42_1849,Sevilla,Tradicional,Riego,48.44,Hojiblanca,Cuajado,Arenoso,Malo,7.5,1890.6,75.0,61.5,206.2,23.2,37.8,78,2.76,8788,0.74,1363,1.64,0.0
OLV_42_1850,Jaén,Intensivo,Riego,23.49,Picual,Cuajado,Franco-arcilloso,Bueno,8.7,850.9,555.0,125.0,265.0,24.4,69.3,85,0.97,12000,0.82,1549,3.53,0.1797
OLV_42_1851,Granada,Tradicional,Secano,45.94,Picual,Reposo,Franco,Bueno,5.8,1594.1,549.0,128.5,380.0,14.0,36.7,82,1.59,4741,0.81,1240,2.26,0.0
OLV_42_1852,Jaén,Tradicional,Secano,13.8,Picual,Floracion,Arenoso,Moderado,7.1,1490.8,436.0,75.4,80.5,13.9,39.5,133,0.84,5282,0.81,1140,0.0,0.0
OLV_42_1853,Sevilla,Tradicional,Secano,41.59,Picual,Brotacion,Franco,Moderado,1.1,2175.3,233.0,59.2,164.3,17.1,37.8,106,1.52,5802,0.8,1083,0.93,0.0
OLV_42_1854,Sevilla,Intensivo,Riego,14.21,Hojiblanca,Floracion,Limoso,Moderado,7.8,204.5,153.0,19.0,52.3,17.5,36.3,143,2.23,9691,0.76,1588,0.05,0.0
OLV_42_1855,Málaga,Tradicional,Secano,31.68,Picual,Reposo,Franco-arcilloso,Malo,2.9,1648.3,376.0,126.9,247.2,13.5,62.6,106,1.63,5182,0.81,1411,4.2,0.022
OLV_42_1856,Granada,Tradicional,Secano,42.32,Picual,Cuajado,Franco-arcilloso,Malo,9.6,362.0,731.0,159.7,380.0,21.3,72.7,93,2.53,5186,0.82,1493,4.25,0.2628
OLV_42_1857,Málaga,Tradicional,Secano,32.92,Hojiblanca,Brotacion,Arcilloso,Malo,0.1,272.1,245.0,104.0,228.6,18.1,78.5,79,2.48,5255,0.85,861,5.12,0.0327
OLV_42_1858,Cadiz,Tradicional,Secano,15.99,Manzanilla,Reposo,Franco-arcilloso,Malo,7.0,641.3,137.0,19.6,41.3,10.8,46.1,79,2.32,5019,0.76,1319,0.28,0.0
OLV_42_1859,Sevilla,Tradicional,Riego,24.82,Picual,Engorde,Arenoso,Bueno,7.8,1517.9,95.0,150.1,162.0,17.6,35.9,38,2.89,8652,0.78,1272,3.51,0.0
OLV_42_1860,Sevilla,Intensivo,Riego,39.06,Hojiblanca,Floracion,Franco-arcilloso,Bueno,5.1,659.7,113.0,87.7,195.4,12.5,33.6,114,2.15,9411,0.78,1789,1.87,0.0
OLV_42_1861,Cadiz,Tradicional,Secano,26.03,Manzanilla,Brotacion,Limoso,Moderado,3.1,1082.6,285.0,79.3,236.9,12.9,78.8,110,2.05,5313,0.77,1271,3.3,0.0
OLV_42_1862,Cadiz,Intensivo,Secano,3.11,Manzanilla,Reposo,Arcilloso,Malo,0.8,24.3,210.0,21.5,50.0,12.1,76.3,109,1.11,6542,0.81,1385,1.96,0.0
OLV_42_1863,Sevilla,Tradicional,Riego,49.85,Manzanilla,Engorde,Franco,Moderado,8.1,1080.2,52.0,23.5,88.2,20.6,44.1,117,1.68,9728,0.78,1452,0.17,0.0
OLV_42_1864,Jaén,Tradicional,Secano,11.02,Picual,Cuajado,Franco-arcilloso,Bueno,9.0,1049.3,544.0,151.4,335.1,18.9,51.6,36,1.73,4883,0.85,1204,4.42,0.1803
OLV_42_1865,Córdoba,Intensivo,Secano,13.55,Hojiblanca,Brotacion,Arcilloso,Moderado,2.2,298.7,241.0,51.0,102.2,13.6,78.8,64,1.8,6353,0.8,1426,0.41,0.0
OLV_42_1866,Jaén,Tradicional,Riego,4.82,Picual,Brotacion,Limoso,Malo,4.2,626.0,585.0,69.3,172.2,12.9,61.0,126,2.3,10424,0.82,1261,0.96,0.0
OLV_42_1867,Granada,Tradicional,Riego,40.08,Arbequina,Cuajado,Arcilloso,Bueno,9.6,2077.0,551.0,131.2,380.0,16.4,48.5,72,2.07,8421,0.88,1438,2.63,0.1047
OLV_42_1868,Granada,Tradicional,Riego,21.32,Picual,Cuajado,Arenoso,Bueno,3.4,2291.0,764.0,71.2,223.5,16.1,29.6,107,1.73,7911,0.8,1437,1.1,0.0
OLV_42_1869,Jaén,Tradicional,Secano,14.54,Cornicabra,Brotacion,Franco,Moderado,3.5,2374.7,458.0,73.7,215.5,21.9,33.2,110,2.59,5364,0.81,1055,0.83,0.0
OLV_42_1870,Cadiz,Tradicional,Secano,7.66,Hojiblanca,Floracion,Arenoso,Moderado,7.7,1014.0,135.0,107.5,380.0,11.6,44.4,116,1.27,4855,0.76,922,1.55,0.0
OLV_42_1871,Cadiz,Intensivo,Secano,45.21,Picual,Brotacion,Arenoso,Bueno,7.6,514.5,238.0,151.6,380.0,14.4,20.6,52,0.89,6803,0.78,1530,1.83,0.0
OLV_42_1872,Córdoba,Tradicional,Secano,32.82,Arbequina,Engorde,Arcilloso,Malo,1.6,503.6,431.0,103.4,273.3,14.7,82.0,74,2.24,4659,0.88,964,3.71,0.0607
OLV_42_1873,Jaén,Tradicional,Secano,5.83,Picual,Brotacion,Limoso,Malo,9.7,417.5,520.0,190.4,295.6,21.4,78.9,134,1.99,4936,0.86,1308,4.31,0.0372
OLV_42_1874,Cadiz,Tradicional,Secano,32.06,Hojiblanca,Cuajado,Limoso,Moderado,4.8,851.2,94.0,58.5,163.7,19.1,58.8,112,2.06,5058,0.77,1239,1.17,0.0
OLV_42_1875,Granada,Intensivo,Riego,47.03,Arbequina,Floracion,Franco,Malo,10.3,757.4,678.0,71.0,245.8,17.8,45.5,80,2.15,10480,0.87,1867,1.95,0.0
OLV_42_1876,Granada,Tradicional,Secano,39.48,Picual,Engorde,Arenoso,Moderado,18.5,2333.5,554.0,149.4,308.0,14.1,29.1,127,1.67,5333,0.83,1389,2.36,0.0
OLV_42_1877,Sevilla,Intensivo,Riego,21.27,Manzanilla,Engorde,Franco-arcilloso,Bueno,14.3,2005.4,158.0,122.2,187.8,14.3,26.8,146,2.12,10220,0.8,1778,1.49,0.0
OLV_42_1878,Sevilla,Intensivo,Secano,48.63,Arbequina,Engorde,Limoso,Bueno,0.0,188.0,162.0,,132.7,18.5,73.5,136,2.67,6417,0.88,1404,1.24,0.0
OLV_42_1879,Córdoba,Intensivo,Riego,13.29,Hojiblanca,Engorde,Franco-arcilloso,Moderado,5.4,1626.6,311.0,126.9,237.9,10.2,59.5,86,2.86,12000,0.74,1610,3.48,0.0628
OLV_42_1880,Málaga,Tradicional,Secano,14.22,Picual,Brotacion,Franco,Malo,2.0,1747.7,327.0,60.0,209.5,15.4,48.3,117,2.16,5169,0.86,1187,2.06,0.0
OLV_42_1881,Jaén,Tradicional,Secano,30.37,Picual,Reposo,Franco-arcilloso,Malo,6.3,2106.1,358.0,91.8,236.0,20.2,82.0,89,1.09,5435,0.83,1120,2.82,0.0
OLV_42_1882,Sevilla,Intensivo,Riego,20.71,Cornicabra,Brotacion,Limoso,Malo,0.7,500.3,130.0,226.1,380.0,14.2,63.3,34,2.35,12000,0.85,1416,3.26,0.189
OLV_42_1883,Jaén,Tradicional,Secano,3.37,Picual,Floracion,Limoso,Moderado,6.3,1579.7,647.0,153.3,380.0,20.3,60.8,82,2.41,5008,0.8,1322,4.43,0.1749
OLV_42_1884,Córdoba,Tradicional,Secano,28.53,Picual,Brotacion,Franco-arcilloso,Moderado,4.8,2114.2,387.0,87.8,275.8,12.0,39.2,37,1.15,5634,0.8,1140,3.27,0.0
OLV_42_1885,Jaén,Tradicional,Secano,2.23,Picual,Floracion,Franco,Malo,8.3,650.8,520.0,13.5,65.4,19.6,46.5,61,2.24,5056,0.86,1278,0.34,0.0
OLV_42_1886,Sevilla,Superintensivo,Riego,12.76,Manzanilla,Reposo,Franco-arcilloso,Bueno,0.5,839.5,226.0,13.4,23.5,8.0,34.1,49,1.35,12000,0.76,2080,0.0,0.0
OLV_42_1887,Sevilla,Superintensivo,Riego,39.8,Picual,Cuajado,Arcilloso,Moderado,0.0,2310.9,123.0,57.4,89.4,17.9,38.8,47,1.62,12000,0.84,2005,0.81,0.0
OLV_42_1888,Córdoba,Tradicional,Riego,34.91,Picual,Brotacion,Franco,Malo,4.5,1867.1,397.0,81.0,220.8,23.6,63.3,124,2.67,10129,0.83,1178,2.74,0.0
OLV_42_1889,Granada,Intensivo,Secano,41.47,Picual,Cuajado,Arcilloso,Moderado,2.8,659.2,726.0,197.3,363.9,20.7,58.4,137,1.67,6887,0.8,1357,4.49,0.1881
OLV_42_1890,Sevilla,Superintensivo,Riego,5.95,Manzanilla,Floracion,Limoso,Malo,0.0,510.3,27.0,85.0,316.8,18.8,66.8,59,2.25,12000,0.76,1813,3.28,0.1642
OLV_42_1891,Sevilla,Intensivo,Secano,43.88,Manzanilla,Engorde,Franco-arcilloso,Bueno,9.0,1733.1,0.0,122.9,380.0,22.0,36.5,119,2.79,5768,0.78,1455,1.27,0.0
OLV_42_1892,Córdoba,Intensivo,Riego,21.69,Picual,Reposo,Franco-arcilloso,Moderado,2.0,1534.5,354.0,30.6,69.6,16.2,23.0,44,2.27,10259,0.85,1510,0.27,0.0
OLV_42_1893,Córdoba,Tradicional,Secano,22.72,Picual,Cuajado,Arcilloso,Bueno,10.3,836.6,317.0,108.9,342.2,23.7,70.4,111,1.64,4935,0.81,1158,2.23,0.088
OLV_42_1894,Sevilla,Intensivo,Secano,39.41,Manzanilla,Cuajado,Arcilloso,Moderado,4.1,1311.9,39.0,55.9,199.4,18.2,42.9,99,1.96,6027,0.74,1241,1.73,0.0
OLV_42_1895,Sevilla,Tradicional,Secano,15.32,Arbequina,Brotacion,Limoso,Moderado,3.5,2151.9,264.0,15.5,48.1,20.7,32.3,41,2.38,5134,0.8,1127,0.05,0.0
OLV_42_1896,Sevilla,Tradicional,Secano,37.69,Picual,Floracion,Limoso,Malo,9.0,1459.9,86.0,35.4,135.2,9.2,31.4,85,2.07,4895,0.83,1496,1.02,0.0
OLV_42_1897,Jaén,Tradicional,Secano,2.13,Picual,Reposo,Arenoso,Bueno,2.9,2199.8,335.0,2.7,13.5,14.2,32.6,97,2.44,5543,0.79,1055,0.3,0.0
OLV_42_1898,Jaén,Tradicional,Secano,38.72,Hojiblanca,Floracion,Arcilloso,Malo,45.0,527.5,490.0,59.5,157.2,17.3,82.0,39,2.92,5180,0.81,1344,3.53,0.0
OLV_42_1899,Cadiz,Intensivo,Riego,4.65,Cornicabra,Floracion,Franco,Moderado,1.2,691.7,2.0,9.1,15.2,13.8,31.3,147,1.85,10471,0.87,1506,0.0,0.0
OLV_42_1900,Granada,Intensivo,Secano,3.93,Picual,Engorde,Arenoso,Moderado,2.3,459.9,704.0,5.8,19.3,15.7,26.0,94,1.84,6542,0.8,1494,0.0,0.0
OLV_42_1901,Granada,Intensivo,Secano,26.78,Hojiblanca,Engorde,Franco-arcilloso,Bueno,8.2,1368.1,554.0,98.0,364.1,13.4,41.1,144,1.69,6667,0.87,1407,1.3,0.0
OLV_42_1902,Jaén,Tradicional,Secano,21.75,Picual,Cuajado,Franco,Malo,8.8,177.8,516.0,81.9,254.1,20.8,82.0,45,1.42,5593,0.79,1432,4.46,0.0378
OLV_42_1903,Granada,Tradicional,Secano,40.83,Picual,Cuajado,Franco,Malo,8.0,1127.6,603.0,84.1,259.2,9.4,54.4,110,1.92,4970,0.79,1051,2.45,0.0
OLV_42_1904,Cadiz,Tradicional,Riego,36.94,Arbequina,Engorde,Arcilloso,Moderado,2.5,898.7,186.0,32.5,117.5,19.7,53.9,66,1.09,8678,0.83,1387,1.03,0.0
OLV_42_1905,Jaén,Intensivo,Riego,29.82,Picual,Floracion,Franco-arcilloso,Moderado,11.9,1663.8,608.0,111.5,226.5,14.1,38.4,122,2.76,10396,0.82,1901,2.24,0.0196
OLV_42_1906,Jaén,Tradicional,Secano,7.45,Picual,Engorde,Arenoso,Bueno,12.9,208.6,635.0,120.2,380.0,17.7,18.0,82,2.88,5310,0.79,1149,1.45,0.0
OLV_42_1907,Sevilla,Intensivo,Secano,37.45,Picual,Floracion,Arenoso,Moderado,9.4,2367.4,206.0,38.8,45.6,17.1,24.3,58,0.94,6627,0.78,1587,0.01,0.0
OLV_42_1908,Jaén,Tradicional,Secano,46.16,Picual,Brotacion,Arenoso,Moderado,3.6,121.1,420.0,134.5,372.6,20.8,35.6,128,0.89,5077,0.83,1068,3.02,0.0
OLV_42_1909,Córdoba,Tradicional,Secano,36.03,Hojiblanca,Floracion,Franco-arcilloso,Moderado,3.0,2103.1,426.0,107.0,279.0,16.6,55.7,83,2.6,5125,0.82,1147,4.18,0.1036
OLV_42_1910,Córdoba,Tradicional,Riego,8.74,Hojiblanca,Brotacion,Limoso,Moderado,8.5,2168.0,253.0,57.4,141.3,20.2,34.0,145,2.52,8783,0.85,1294,0.99,0.0
OLV_42_1911,Córdoba,Tradicional,Riego,10.9,Picual,Cuajado,Limoso,Moderado,1.9,1432.4,413.0,58.6,136.2,18.2,45.3,74,2.08,8932,0.82,1342,0.46,0.0
OLV_42_1912,Granada,Tradicional,Secano,13.58,Picual,Floracion,Arenoso,Malo,4.0,305.6,613.0,55.9,160.0,21.8,46.2,52,1.04,5339,0.78,1092,1.37,0.0
OLV_42_1913,Córdoba,Tradicional,Riego,30.91,Hojiblanca,Reposo,Franco,Moderado,3.0,1505.9,361.0,85.5,108.6,18.1,59.1,52,1.96,9544,0.82,1413,0.61,0.0
OLV_42_1914,Córdoba,Intensivo,Riego,35.17,Manzanilla,Cuajado,Franco-arcilloso,Bueno,4.9,1766.1,334.0,267.6,380.0,12.5,70.0,120,2.14,9759,0.79,1707,2.6,0.1661
OLV_42_1915,Sevilla,Intensivo,Riego,4.29,Manzanilla,Floracion,Franco,Malo,14.6,434.6,86.0,56.2,92.4,15.2,38.8,94,2.67,10640,0.73,1846,0.66,0.0
OLV_42_1916,Jaén,Tradicional,Riego,16.78,Picual,Engorde,Arenoso,Moderado,2.2,1183.7,452.0,142.8,380.0,14.5,23.3,114,0.84,8997,0.8,1191,2.2,0.0
OLV_42_1917,Jaén,Intensivo,Riego,21.26,Picual,Brotacion,Franco,Malo,15.0,295.2,338.0,105.6,156.1,17.3,78.9,113,2.64,10330,0.81,1912,1.06,0.0
OLV_42_1918,Granada,Intensivo,Riego,23.35,Picual,Floracion,Arenoso,Moderado,3.4,1556.8,756.0,65.9,174.9,19.7,36.7,86,2.72,11229,0.84,1779,0.25,0.0
OLV_42_1919,Granada,Intensivo,Riego,19.44,Picual,Floracion,Limoso,Malo,1.9,1198.3,508.0,175.8,380.0,14.1,60.8,111,0.9,11769,0.81,1586,3.16,0.2938
OLV_42_1920,Jaén,Tradicional,Secano,45.49,Picual,Reposo,Arcilloso,Bueno,4.8,1213.7,405.0,76.3,193.5,17.6,38.9,115,2.16,5321,0.83,1235,1.86,0.0
OLV_42_1921,Granada,Intensivo,Secano,30.29,Picual,Cuajado,Limoso,Bueno,5.9,1689.1,765.0,33.0,85.0,19.4,20.2,91,1.84,6852,0.88,1395,0.0,0.0
OLV_42_1922,Granada,Tradicional,Secano,28.11,Picual,Floracion,Franco,Moderado,7.4,876.8,582.0,75.8,199.6,13.1,38.4,140,1.36,5206,0.78,1252,0.67,0.0
OLV_42_1923,Sevilla,Tradicional,Secano,4.49,Manzanilla,Brotacion,Arenoso,Bueno,1.4,1227.2,209.0,72.7,261.3,19.6,30.5,149,1.42,5032,0.77,1070,1.23,0.0
OLV_42_1924,Sevilla,Intensivo,Secano,2.11,Picual,Cuajado,Limoso,Malo,6.6,2368.5,175.0,75.1,217.7,25.4,58.0,111,1.1,6787,0.8,1477,2.31,0.0
OLV_42_1925,Granada,Intensivo,Riego,20.88,Hojiblanca,Engorde,Arcilloso,Malo,7.7,258.0,691.0,174.1,204.5,13.8,67.0,90,2.08,11161,0.82,1425,4.03,0.104
OLV_42_1926,Granada,Intensivo,Secano,43.03,Picual,Floracion,Limoso,Bueno,6.6,1631.3,661.0,31.4,73.5,19.3,44.2,91,1.37,6501,0.84,1632,0.0,0.0
OLV_42_1927,Sevilla,Intensivo,Riego,8.79,Picual,Brotacion,Arcilloso,Malo,5.3,2254.1,136.0,67.4,150.2,16.4,40.1,51,1.22,10736,0.81,1478,1.49,0.0
OLV_42_1928,Cadiz,Tradicional,Secano,3.66,Hojiblanca,Brotacion,Arcilloso,Bueno,5.2,604.2,183.0,90.8,302.9,9.2,70.9,48,1.25,5152,0.77,1221,1.41,0.0
OLV_42_1929,Cadiz,Tradicional,Secano,10.94,Hojiblanca,Reposo,Franco,Bueno,10.5,1201.5,39.0,127.2,294.7,15.6,22.1,91,1.67,5269,0.84,1187,1.08,0.0
OLV_42_1930,Jaén,Tradicional,Secano,35.95,Picual,Reposo,Franco,Malo,1.5,442.7,454.0,55.7,102.0,24.3,73.4,77,2.36,5460,0.79,1202,1.51,0.0
OLV_42_1931,Granada,Tradicional,Secano,29.24,Picual,Floracion,Franco-arcilloso,Malo,4.4,661.1,754.0,119.5,197.2,18.5,62.5,92,1.22,5235,0.82,1055,3.79,0.1366
OLV_42_1932,Granada,Tradicional,Secano,46.82,Hojiblanca,Floracion,Franco-arcilloso,Malo,7.5,1076.3,551.0,32.9,117.2,16.7,38.2,122,1.57,5046,0.77,1308,1.39,0.0
OLV_42_1933,Granada,Tradicional,Secano,28.0,Cornicabra,Reposo,Arcilloso,Malo,5.4,32.2,802.0,268.0,303.8,23.6,82.0,69,2.81,5334,0.81,1077,5.23,0.0956
OLV_42_1934,Sevilla,Tradicional,Secano,36.96,Hojiblanca,Engorde,Franco-arcilloso,Malo,6.6,534.9,246.0,172.6,380.0,18.0,80.4,61,1.14,5363,0.84,1202,5.5,0.1783
OLV_42_1935,Jaén,Tradicional,Secano,48.43,Picual,Brotacion,Franco,Bueno,9.8,1123.9,562.0,163.5,380.0,13.5,57.8,135,1.89,5078,0.79,1166,2.84,0.0
OLV_42_1936,Sevilla,Tradicional,Secano,25.1,Hojiblanca,Brotacion,Limoso,Bueno,10.0,1519.9,16.0,5.0,25.0,23.3,32.2,84,2.89,5456,0.75,1408,0.07,0.0
OLV_42_1937,Cadiz,Intensivo,Secano,19.96,Hojiblanca,Cuajado,Limoso,Bueno,1.6,856.4,132.0,49.8,107.4,14.2,35.9,47,1.54,6383,0.78,1210,0.92,0.0
OLV_42_1938,Jaén,Superintensivo,Secano,10.42,Hojiblanca,Engorde,Arcilloso,Malo,0.7,2305.6,366.0,91.1,198.2,16.7,72.7,75,1.82,7992,0.84,1831,3.94,0.0318
OLV_42_1939,Málaga,Intensivo,Riego,32.63,Picual,Reposo,Arenoso,Moderado,3.7,1481.7,180.0,136.2,166.8,11.5,33.7,65,1.36,10745,0.83,1420,2.93,0.0
OLV_42_1940,Córdoba,Tradicional,Secano,13.86,Hojiblanca,Floracion,Arenoso,Malo,5.1,2097.9,270.0,184.2,199.8,23.8,38.1,66,1.2,5092,0.77,1294,3.15,0.0454
OLV_42_1941,Jaén,Intensivo,Secano,13.92,Hojiblanca,Cuajado,Limoso,Moderado,3.0,1661.9,456.0,29.2,73.8,17.1,45.1,103,0.99,6664,0.79,1194,0.0,0.0
OLV_42_1942,Jaén,Tradicional,Riego,9.93,Picual,Engorde,Franco-arcilloso,Moderado,5.3,309.9,516.0,108.9,348.6,14.6,78.3,68,1.23,8808,0.85,1455,3.08,0.0621
OLV_42_1943,Granada,Tradicional,Secano,29.39,Arbequina,Cuajado,Limoso,Malo,10.3,1521.7,367.0,58.8,218.5,21.1,55.0,129,1.17,4775,0.85,1316,1.03,0.0
OLV_42_1944,Jaén,Tradicional,Secano,39.6,Picual,Reposo,Arcilloso,Moderado,22.0,2181.1,567.0,138.3,351.7,16.6,38.6,99,2.31,4951,0.85,1311,2.61,0.0
OLV_42_1945,Sevilla,Intensivo,Riego,38.56,Picual,Brotacion,Limoso,Malo,0.7,2376.2,53.0,227.1,328.9,12.4,76.9,82,1.12,10737,0.84,1491,4.76,0.1624
OLV_42_1946,Sevilla,Tradicional,Secano,24.1,Hojiblanca,Reposo,Franco-arcilloso,Malo,8.4,1410.7,16.0,78.2,209.2,16.8,71.4,131,1.74,4656,0.83,1008,2.04,0.0
OLV_42_1947,Córdoba,Tradicional,Secano,5.53,Hojiblanca,Engorde,Arcilloso,Bueno,13.0,1916.5,526.0,106.0,343.8,17.8,35.9,87,1.14,5025,0.81,1324,2.55,0.0
OLV_42_1948,Córdoba,Tradicional,Secano,12.55,Picual,Cuajado,Arenoso,Moderado,3.6,757.7,227.0,40.1,66.9,20.6,19.4,66,2.04,5200,0.9,1032,0.73,0.0
OLV_42_1949,Jaén,Tradicional,Secano,6.95,Picual,Floracion,Franco,Malo,6.0,1334.8,626.0,66.9,71.9,12.0,51.1,88,2.33,5596,0.82,1143,1.26,0.0
OLV_42_1950,Córdoba,Tradicional,Riego,10.26,Hojiblanca,Floracion,Limoso,Bueno,13.2,1328.6,178.0,36.3,49.0,12.7,32.5,93,1.18,8229,0.82,1555,0.17,0.0
OLV_42_1951,Sevilla,Tradicional,Riego,24.94,Arbequina,Cuajado,Franco-arcilloso,Bueno,2.1,891.4,62.0,29.4,107.5,8.5,28.8,121,2.3,8518,0.9,1237,0.13,0.0
OLV_42_1952,Jaén,Tradicional,Secano,29.05,Picual,Engorde,Arcilloso,Malo,3.4,642.5,460.0,283.0,380.0,17.9,68.2,99,2.6,5755,0.81,1121,4.35,0.1515
OLV_42_1953,Cadiz,Superintensivo,Secano,49.87,Manzanilla,Floracion,Franco-arcilloso,Moderado,0.8,2189.9,63.0,14.2,19.2,17.9,35.8,72,0.91,8590,0.75,1775,0.0,0.0
OLV_42_1954,Cadiz,Tradicional,Riego,27.15,Hojiblanca,Floracion,Franco,Moderado,2.9,1084.8,296.0,80.0,217.1,24.1,43.2,44,2.91,8620,0.81,1189,2.27,0.0
OLV_42_1955,Córdoba,Intensivo,Riego,27.79,Hojiblanca,Cuajado,Arenoso,Moderado,14.2,1773.0,290.0,53.9,83.0,16.2,40.8,110,1.91,9868,0.77,2088,0.0,0.0
OLV_42_1956,Sevilla,Intensivo,Secano,45.12,Picual,Cuajado,Franco-arcilloso,Moderado,0.7,519.7,0.0,53.6,111.5,16.8,62.0,89,2.77,6734,0.76,1497,1.51,0.0
OLV_42_1957,Jaén,Tradicional,Secano,9.5,Picual,Brotacion,Arenoso,Malo,8.2,2092.3,381.0,63.2,113.6,17.6,41.3,129,2.91,5310,0.86,1028,0.65,0.0
OLV_42_1958,Córdoba,Tradicional,Riego,11.85,Cornicabra,Reposo,Franco-arcilloso,Moderado,4.7,136.5,381.0,292.6,380.0,18.9,65.5,105,1.63,9218,0.83,1295,4.23,0.0577
OLV_42_1959,Jaén,Intensivo,Secano,33.07,Picual,Reposo,Franco,Bueno,3.2,1303.0,513.0,80.2,85.2,11.3,32.0,52,3.0,6428,0.78,1298,0.32,0.0
OLV_42_1960,Jaén,Tradicional,Secano,48.58,Picual,Cuajado,Arenoso,Bueno,3.5,1923.2,537.0,64.6,151.0,18.7,18.0,143,2.89,4989,0.79,1189,0.83,0.0
OLV_42_1961,Jaén,Tradicional,Secano,3.66,Picual,Brotacion,Arenoso,Moderado,3.1,636.9,543.0,228.8,380.0,19.4,45.3,137,1.47,5445,0.85,1216,2.78,0.0
OLV_42_1962,Málaga,Intensivo,Riego,32.25,Hojiblanca,Engorde,Franco-arcilloso,Bueno,8.4,944.5,330.0,118.6,380.0,18.2,38.4,78,2.77,10204,0.78,1765,1.97,0.0
OLV_42_1963,Cadiz,Intensivo,Secano,17.24,Arbequina,Reposo,Franco-arcilloso,Moderado,2.7,329.7,0.0,239.5,380.0,20.9,75.8,48,0.96,6581,0.83,1444,3.92,0.081
OLV_42_1964,Málaga,Tradicional,Secano,48.99,Picual,Floracion,Arcilloso,Bueno,4.6,435.7,244.0,51.7,181.1,17.9,60.8,32,1.67,5392,0.87,1062,1.66,0.0
OLV_42_1965,Córdoba,Tradicional,Secano,42.56,Picual,Engorde,Franco-arcilloso,Moderado,4.7,942.9,453.0,97.4,103.6,19.1,63.5,92,2.3,5477,0.88,1122,2.13,0.0
OLV_42_1966,Córdoba,Tradicional,Secano,13.81,Cornicabra,Engorde,Arcilloso,Bueno,2.0,1044.7,280.0,68.4,125.1,10.6,29.9,40,2.9,5367,0.87,1317,0.58,0.0
OLV_42_1967,Córdoba,Tradicional,Secano,30.18,Picual,Engorde,Limoso,Bueno,8.4,63.9,349.0,45.2,115.3,25.4,44.2,94,2.72,5042,0.86,1179,0.28,0.0
OLV_42_1968,Jaén,Tradicional,Riego,30.6,Picual,Brotacion,Franco-arcilloso,Bueno,9.5,661.4,535.0,33.6,64.8,19.1,38.5,65,1.03,9177,0.84,1629,0.05,0.0
OLV_42_1969,Sevilla,Intensivo,Riego,41.63,Manzanilla,Floracion,Limoso,Malo,4.2,210.0,26.0,299.1,380.0,15.0,64.0,78,2.11,11066,0.77,1744,3.58,0.4824
OLV_42_1970,Jaén,Tradicional,Riego,35.84,Picual,Reposo,Arcilloso,Moderado,4.6,43.9,407.0,288.3,380.0,15.6,71.4,77,1.99,9328,0.85,1317,3.98,0.088
OLV_42_1971,Málaga,Tradicional,Secano,12.02,Picual,Floracion,Limoso,Moderado,2.1,360.3,263.0,51.0,56.0,19.7,68.1,59,2.36,5799,0.86,1018,1.69,0.0
OLV_42_1972,Cadiz,Tradicional,Secano,22.64,Hojiblanca,Engorde,Arenoso,Bueno,9.7,1962.4,227.0,40.4,62.3,19.0,30.5,66,1.95,5323,0.75,1246,0.0,0.0
OLV_42_1973,Jaén,Tradicional,Riego,19.49,Hojiblanca,Engorde,Limoso,Malo,45.0,277.1,714.0,100.6,300.4,15.6,79.5,101,2.22,8363,0.8,1526,3.2,0.1032
OLV_42_1974,Sevilla,Tradicional,Secano,4.79,Picual,Engorde,Franco,Moderado,7.0,491.0,48.0,35.7,77.2,22.2,21.2,101,2.31,5161,0.8,1195,0.61,0.0
OLV_42_1975,Granada,Tradicional,Secano,40.33,Hojiblanca,Engorde,Arcilloso,Bueno,3.3,1122.2,640.0,26.7,31.7,11.5,30.5,43,2.99,5007,0.76,1160,0.0,0.0
OLV_42_1976,Jaén,Tradicional,Secano,20.53,Picual,Brotacion,Limoso,Moderado,9.2,1222.5,627.0,68.1,121.7,23.2,36.7,62,2.27,5051,0.84,1410,1.01,0.0
OLV_42_1977,Sevilla,Tradicional,Riego,39.05,Arbequina,Cuajado,Limoso,Bueno,0.8,443.1,0.0,51.9,103.9,21.8,47.8,80,1.58,8784,0.86,1204,0.0,0.0
OLV_42_1978,Málaga,Tradicional,Riego,32.05,Picual,Reposo,Limoso,Moderado,8.0,1872.9,75.0,92.4,361.3,15.7,49.9,137,2.39,8338,0.84,1416,2.4,0.0
OLV_42_1979,Sevilla,Tradicional,Secano,39.02,Picual,Floracion,Arcilloso,Bueno,11.1,1984.9,86.0,65.6,221.0,18.8,31.3,71,2.91,5574,0.79,1374,0.23,0.0
OLV_42_1980,Jaén,Tradicional,Secano,48.35,Picual,Cuajado,Arcilloso,Bueno,5.6,495.0,515.0,61.8,71.0,18.2,65.3,146,2.52,5739,0.85,840,0.99,0.0
OLV_42_1981,Jaén,Tradicional,Secano,27.6,Picual,Cuajado,Franco,Moderado,3.4,1414.4,325.0,58.8,183.6,21.8,37.6,123,2.71,5531,0.82,1310,0.83,0.0
OLV_42_1982,Jaén,Tradicional,Secano,32.87,Picual,Brotacion,Arenoso,Moderado,3.8,599.2,453.0,59.1,84.9,16.0,27.2,30,0.93,5825,0.83,938,0.27,0.0
OLV_42_1983,Jaén,Tradicional,Secano,8.07,Picual,Reposo,Franco-arcilloso,Moderado,3.8,888.8,613.0,181.7,380.0,22.7,65.6,74,2.59,4813,0.82,1175,3.53,0.0271
OLV_42_1984,Córdoba,Intensivo,Riego,24.38,Hojiblanca,Brotacion,Franco-arcilloso,Malo,2.9,217.6,264.0,68.7,183.7,23.0,82.0,49,1.35,10524,0.77,1781,2.47,0.0
OLV_42_1985,Jaén,Tradicional,Secano,47.89,Picual,Floracion,Limoso,Moderado,7.9,1444.5,565.0,75.0,192.2,18.1,38.0,75,2.9,4836,0.82,1225,1.51,0.0
OLV_42_1986,Málaga,Intensivo,Riego,11.35,Picual,Cuajado,Limoso,Malo,3.1,207.0,324.0,164.1,272.9,12.0,82.0,56,1.19,10145,0.8,1572,4.78,0.4235
OLV_42_1987,Sevilla,Tradicional,Riego,37.37,Manzanilla,Cuajado,Limoso,Malo,8.2,1893.7,94.0,150.3,365.9,14.2,62.4,116,2.46,8928,0.79,1557,4.29,0.1423
OLV_42_1988,Córdoba,Tradicional,Secano,8.78,Hojiblanca,Floracion,Arcilloso,Moderado,0.5,557.4,288.0,121.9,177.8,10.8,71.2,133,2.69,5620,0.81,1096,4.38,0.0884
OLV_42_1989,Córdoba,Tradicional,Riego,41.38,Picual,Brotacion,Arenoso,Bueno,3.0,1366.8,391.0,,61.3,16.2,41.0,100,1.01,8370,0.8,1098,0.42,0.0
OLV_42_1990,Sevilla,Intensivo,Secano,17.47,Manzanilla,Brotacion,Arenoso,Malo,7.9,1523.2,125.0,264.1,380.0,17.4,39.9,133,1.21,6498,0.79,1549,2.63,0.0
OLV_42_1991,Sevilla,Intensivo,Riego,19.48,Manzanilla,Floracion,Franco-arcilloso,Malo,3.7,196.7,223.0,104.4,164.9,14.3,62.2,111,2.95,11418,0.79,1564,3.64,0.0
OLV_42_1992,Granada,Tradicional,Riego,15.92,Picual,Floracion,Limoso,Bueno,2.7,423.9,722.0,46.5,162.3,13.0,29.8,93,1.98,10256,0.81,1416,0.75,0.0
OLV_42_1993,Sevilla,Tradicional,Secano,5.48,Manzanilla,Reposo,Limoso,Malo,6.7,483.2,228.0,110.6,273.9,27.8,82.0,76,2.67,4673,0.72,1321,4.56,0.0
OLV_42_1994,Sevilla,Superintensivo,Riego,41.7,Arbequina,Reposo,Franco-arcilloso,Moderado,2.1,427.4,280.0,306.4,380.0,23.5,67.2,128,0.83,12000,0.88,1871,2.07,0.0609
OLV_42_1995,Sevilla,Tradicional,Secano,39.83,Hojiblanca,Cuajado,Franco,Malo,3.4,1654.4,0.0,110.6,121.9,16.8,62.2,63,0.84,5176,0.78,1240,3.25,0.0
OLV_42_1996,Córdoba,Tradicional,Secano,9.85,Picual,Cuajado,Limoso,Moderado,5.6,332.5,255.0,49.0,64.7,16.5,54.8,49,2.99,5309,0.84,1318,1.2,0.0
OLV_42_1997,Málaga,Tradicional,Secano,9.05,Arbequina,Cuajado,Arcilloso,Moderado,3.5,576.8,242.0,272.4,380.0,18.3,79.3,67,1.03,5099,0.93,988,4.82,0.2586
OLV_42_1998,Cadiz,Tradicional,Riego,10.02,Manzanilla,Floracion,Franco-arcilloso,Malo,9.3,958.0,38.0,61.9,165.0,19.8,55.6,117,2.5,8794,0.74,1382,2.03,0.0
OLV_42_1999,Jaén,Intensivo,Secano,29.49,Picual,Brotacion,Franco-arcilloso,Moderado,9.4,2232.8,454.0,12.3,37.6,9.1,38.4,137,0.93,6506,0.82,1764,0.0,0.0
OLV_42_2000,Cadiz,Intensivo,Secano,33.41,Hojiblanca,Brotacion,Arcilloso,Malo,4.0,322.3,242.0,268.7,298.6,11.6,82.0,144,2.96,6369,0.81,1606,3.68,0.1643
OLV_42_2001,Granada,Superintensivo,Riego,17.98,Picual,Engorde,Limoso,Malo,5.5,803.8,675.0,200.9,256.1,14.6,75.1,59,1.84,12000,0.78,1976,3.71,0.2881
OLV_42_2002,Granada,Tradicional,Secano,32.91,Picual,Cuajado,Franco-arcilloso,Moderado,6.4,214.3,555.0,153.7,370.9,16.0,53.9,88,2.63,5248,0.78,1069,4.28,0.1412
OLV_42_2003,Cadiz,Intensivo,Secano,22.13,Manzanilla,Brotacion,Franco,Malo,2.4,2195.4,203.0,38.5,43.5,17.5,30.5,141,1.59,6286,0.85,1555,0.56,0.0
OLV_42_2004,Jaén,Tradicional,Secano,18.58,Picual,Brotacion,Limoso,Bueno,8.6,1066.4,568.0,93.8,295.8,16.0,57.7,131,2.09,5127,0.86,1457,2.66,0.0
OLV_42_2005,Granada,Superintensivo,Riego,16.63,Picual,Reposo,Limoso,Malo,0.7,51.7,655.0,317.0,380.0,15.3,82.0,56,1.07,12000,0.83,1837,5.5,0.1627
OLV_42_2006,Córdoba,Tradicional,Secano,32.38,Cornicabra,Reposo,Franco,Malo,3.7,1046.4,157.0,132.5,277.5,24.4,81.0,128,2.93,5342,0.82,1043,3.86,0.0
OLV_42_2007,Granada,Intensivo,Secano,4.29,Hojiblanca,Cuajado,Arcilloso,Malo,1.6,505.3,626.0,204.0,380.0,12.1,69.1,121,2.82,6639,0.76,1288,3.91,0.1766
OLV_42_2008,Córdoba,Tradicional,Secano,12.61,Hojiblanca,Engorde,Limoso,Bueno,6.6,86.3,234.0,53.5,96.1,15.6,32.8,128,2.8,4687,0.81,1197,0.33,0.0
OLV_42_2009,Córdoba,Tradicional,Riego,25.46,Picual,Reposo,Franco-arcilloso,Moderado,9.0,829.0,229.0,150.2,206.8,16.7,56.5,37,2.71,8200,0.85,1435,4.06,0.0
OLV_42_2010,Cadiz,Superintensivo,Secano,45.18,Manzanilla,Brotacion,Arcilloso,Bueno,5.8,116.6,126.0,140.5,356.9,16.5,69.5,67,2.89,8294,0.79,1846,3.09,0.1323
OLV_42_2011,Córdoba,Intensivo,Riego,8.31,Hojiblanca,Brotacion,Franco,Malo,6.0,1070.8,319.0,100.4,190.9,15.6,73.0,67,2.52,11754,0.81,1709,2.57,0.0
OLV_42_2012,Jaén,Tradicional,Riego,17.63,Picual,Cuajado,Arcilloso,Moderado,5.9,523.7,500.0,198.4,235.3,25.4,59.8,73,1.19,9589,0.8,1481,4.29,0.241
OLV_42_2013,Jaén,Tradicional,Riego,9.31,Picual,Reposo,Franco,Malo,2.7,2109.7,740.0,9.2,32.2,19.5,40.5,109,1.44,9076,0.77,1249,0.06,0.0
OLV_42_2014,Jaén,Tradicional,Secano,22.73,Picual,Engorde,Arenoso,Moderado,10.3,1289.2,610.0,152.3,380.0,22.6,39.6,110,2.51,5628,0.85,1363,2.07,0.0
OLV_42_2015,Córdoba,Tradicional,Secano,44.38,Picual,Engorde,Arenoso,Moderado,7.5,605.2,291.0,145.9,212.2,21.5,27.3,133,1.51,5124,0.82,918,1.84,0.0
OLV_42_2016,Sevilla,Tradicional,Secano,28.4,Hojiblanca,Brotacion,Limoso,Bueno,0.5,138.5,153.0,109.2,176.8,15.5,48.1,39,2.99,5342,0.84,1283,2.42,0.0
OLV_42_2017,Jaén,Tradicional,Secano,16.45,Picual,Brotacion,Limoso,Moderado,18.1,1007.5,398.0,44.1,59.2,16.7,26.3,82,1.12,5017,0.82,1369,0.0,0.0
OLV_42_2018,Sevilla,Tradicional,Riego,7.49,Manzanilla,Brotacion,Limoso,Malo,3.4,413.9,233.0,187.7,380.0,20.1,76.1,74,2.2,8298,0.8,1264,3.91,0.1264
OLV_42_2019,Granada,Tradicional,Secano,37.96,Picual,Cuajado,Franco-arcilloso,Bueno,8.2,1746.9,767.0,30.0,60.5,18.0,31.8,75,1.56,5352,0.82,1278,0.0,0.0
OLV_42_2020,Jaén,Tradicional,Secano,9.02,Picual,Reposo,Franco-arcilloso,Bueno,3.9,1017.1,503.0,10.4,24.5,16.3,18.9,91,2.3,5886,0.81,1158,0.02,0.0
OLV_42_2021,Cadiz,Tradicional,Riego,21.12,Hojiblanca,Engorde,Arcilloso,Moderado,3.8,431.0,81.0,208.9,380.0,13.2,67.4,57,2.32,9278,0.79,1290,4.8,0.1157
OLV_42_2022,Córdoba,Tradicional,Secano,38.96,Picual,Brotacion,Limoso,Malo,1.8,728.5,537.0,29.8,113.6,19.4,49.5,66,2.14,4941,0.84,1123,0.96,0.0
OLV_42_2023,Córdoba,Tradicional,Riego,2.87,Picual,Brotacion,Arenoso,Moderado,1.5,1940.3,272.0,33.5,106.6,17.1,21.9,119,1.95,8758,0.82,1329,0.0,0.0
OLV_42_2024,Cadiz,Tradicional,Secano,21.05,Picual,Cuajado,Arcilloso,Malo,13.7,492.7,112.0,27.9,41.6,19.0,45.6,111,2.98,5042,0.82,1412,0.0,0.0
OLV_42_2025,Jaén,Intensivo,Secano,36.97,Picual,Cuajado,Franco-arcilloso,Moderado,22.0,160.7,597.0,313.8,380.0,18.9,55.6,113,1.97,6442,0.82,1906,3.39,0.1556
OLV_42_2026,Sevilla,Tradicional,Secano,22.99,Cornicabra,Reposo,Franco,Moderado,10.0,817.8,221.0,22.0,54.1,21.1,35.9,72,0.84,5053,0.8,1247,0.22,0.0
OLV_42_2027,Jaén,Tradicional,Riego,19.53,Picual,Engorde,Franco,Bueno,6.1,1472.2,714.0,217.7,315.9,18.9,58.2,61,1.38,9825,0.86,1435,3.42,0.0918
OLV_42_2028,Córdoba,Tradicional,Secano,3.74,Cornicabra,Engorde,Franco-arcilloso,Malo,11.6,2312.3,279.0,148.1,341.4,22.2,62.4,101,1.51,5315,0.83,1211,2.54,0.1198
OLV_42_2029,Jaén,Tradicional,Secano,4.21,Cornicabra,Brotacion,Arenoso,Bueno,7.2,1617.1,492.0,67.5,165.2,21.2,21.4,126,1.18,5148,0.86,1339,0.09,0.0
OLV_42_2030,Córdoba,Tradicional,Riego,46.76,Picual,Floracion,Franco,Moderado,3.6,350.5,133.0,63.0,102.5,14.8,53.2,72,0.92,9005,0.78,1454,1.36,0.0
OLV_42_2031,Córdoba,Intensivo,Secano,43.3,Manzanilla,Engorde,Arcilloso,Moderado,4.0,1206.9,462.0,128.9,380.0,16.6,82.0,119,1.79,6178,0.78,1360,3.74,0.14
OLV_42_2032,Córdoba,Tradicional,Secano,42.16,Hojiblanca,Engorde,Franco-arcilloso,Malo,1.2,691.8,248.0,117.6,322.0,25.4,82.0,69,2.46,4810,0.8,1216,4.51,0.0907
OLV_42_2033,Jaén,Tradicional,Secano,38.05,Picual,Reposo,Arcilloso,Malo,9.4,728.7,496.0,50.2,81.8,19.1,82.0,125,2.38,5620,0.83,1033,1.19,0.0
OLV_42_2034,Granada,Tradicional,Secano,2.48,Hojiblanca,Floracion,Limoso,Malo,7.9,2065.7,554.0,31.7,55.9,24.3,46.7,149,2.22,5335,0.79,1431,0.93,0.0
OLV_42_2035,Córdoba,Tradicional,Riego,23.98,Picual,Floracion,Arenoso,Bueno,2.4,62.1,333.0,110.0,280.8,21.3,36.3,104,0.85,9368,0.78,1463,2.71,0.0
OLV_42_2036,Granada,Intensivo,Secano,41.92,Hojiblanca,Cuajado,Limoso,Bueno,11.6,1929.2,645.0,100.5,148.8,22.1,29.9,70,1.93,6411,0.78,1707,1.29,0.0
OLV_42_2037,Cadiz,Tradicional,Riego,17.21,Picual,Engorde,Limoso,Moderado,7.0,498.9,263.0,87.9,146.4,15.5,58.9,85,1.81,9587,0.85,1175,2.54,0.0
OLV_42_2038,Córdoba,Tradicional,Secano,22.63,Picual,Engorde,Arenoso,Bueno,1.9,1162.9,204.0,163.1,180.1,18.5,36.7,36,1.07,5550,0.82,1273,3.33,0.0
OLV_42_2039,Jaén,Intensivo,Riego,12.09,Picual,Cuajado,Franco,Moderado,4.8,609.8,412.0,107.9,193.3,18.3,79.1,147,2.56,11466,0.84,1470,1.49,0.0709
OLV_42_2040,Córdoba,Intensivo,Secano,26.37,Picual,Reposo,Arenoso,Malo,1.3,1492.1,304.0,17.5,68.9,16.4,30.9,145,2.0,6982,0.82,1504,0.0,0.0
OLV_42_2041,Córdoba,Tradicional,Secano,24.3,Hojiblanca,Floracion,Franco,Malo,3.7,1244.0,245.0,73.6,179.0,22.7,68.4,47,1.84,5150,0.76,1292,3.61,0.0
OLV_42_2042,Córdoba,Tradicional,Riego,25.51,Arbequina,Engorde,Limoso,Bueno,1.8,956.6,284.0,41.0,96.3,23.8,102.3,69,1.27,8081,0.87,1170,0.16,0.0
OLV_42_2043,Granada,Tradicional,Secano,27.95,Hojiblanca,Reposo,Limoso,Moderado,60.0,378.0,543.0,10.1,33.3,13.5,27.3,58,2.67,5226,0.8,962,0.0,0.0
OLV_42_2044,Sevilla,Superintensivo,Secano,22.87,Manzanilla,Brotacion,Franco-arcilloso,Moderado,5.4,1395.2,142.0,70.4,131.0,15.4,39.8,111,1.82,8250,0.81,1708,0.57,0.0
OLV_42_2045,Cadiz,Superintensivo,Riego,33.94,Manzanilla,Reposo,Arcilloso,Bueno,2.1,144.1,153.0,53.1,91.0,22.1,82.0,45,2.1,12000,0.76,1739,0.92,0.0
OLV_42_2046,Málaga,Intensivo,Secano,24.24,Cornicabra,Cuajado,Franco,Bueno,4.7,425.9,237.0,99.6,194.7,18.7,44.3,109,1.1,6637,0.82,1460,1.61,0.0
OLV_42_2047,Córdoba,Tradicional,Riego,20.26,Picual,Brotacion,Arcilloso,Moderado,6.4,938.0,308.0,38.1,74.2,19.3,57.7,48,2.39,8473,0.82,1624,1.79,0.0
OLV_42_2048,Córdoba,Tradicional,Secano,2.31,Picual,Brotacion,Franco-arcilloso,Moderado,4.4,1486.4,388.0,33.1,71.2,17.5,28.6,107,0.85,5203,0.0,1146,0.22,0.0
OLV_42_2049,Córdoba,Intensivo,Riego,3.77,Picual,Brotacion,Franco,Malo,7.3,977.9,382.0,100.0,231.6,15.7,61.4,90,1.69,10969,0.79,1976,3.29,0.0
OLV_42_2050,Jaén,Tradicional,Riego,3.81,Hojiblanca,Brotacion,Arcilloso,Malo,3.8,1846.9,577.0,101.0,332.4,17.2,80.3,125,1.06,9246,0.76,1412,3.67,0.0146
OLV_42_2051,Jaén,Intensivo,Secano,33.98,Hojiblanca,Brotacion,Franco-arcilloso,Bueno,8.1,1616.2,481.0,5.5,10.5,8.0,23.2,108,2.76,6669,0.79,1671,0.08,0.0
OLV_42_2052,Jaén,Tradicional,Secano,43.98,Picual,Cuajado,Limoso,Moderado,14.5,2190.0,406.0,100.9,273.4,20.5,34.5,106,2.71,5011,0.88,1332,1.62,0.0
OLV_42_2053,Jaén,Tradicional,Secano,21.01,Picual,Engorde,Limoso,Moderado,8.0,577.8,611.0,118.9,225.1,20.9,59.2,38,2.61,4962,0.8,1280,4.29,0.0888
OLV_42_2054,Jaén,Intensivo,Riego,31.47,Picual,Floracion,Franco,Moderado,2.6,478.9,617.0,192.6,210.6,15.7,50.9,79,0.93,11319,0.8,1555,3.91,0.1798
OLV_42_2055,Granada,Intensivo,Riego,47.12,Picual,Cuajado,Arenoso,Moderado,3.8,2080.9,563.0,20.0,77.8,11.7,25.3,46,1.83,9934,0.82,1575,0.0,0.0
OLV_42_2056,Cadiz,Tradicional,Riego,5.85,Hojiblanca,Engorde,Arenoso,Malo,7.5,1180.8,227.0,34.1,57.7,22.1,47.5,85,1.21,9748,0.79,1386,0.28,0.0
OLV_42_2057,Granada,Tradicional,Riego,9.28,Picual,Cuajado,Franco,Bueno,7.3,275.8,650.0,93.4,184.9,14.5,33.8,79,1.48,9443,0.83,1707,1.26,0.0
OLV_42_2058,Jaén,Intensivo,Secano,19.58,Picual,Cuajado,Franco,Moderado,4.0,223.3,564.0,194.3,380.0,13.0,53.5,44,1.32,6846,0.83,1664,4.01,0.2978
OLV_42_2059,Jaén,Intensivo,Riego,17.85,Picual,Reposo,Franco-arcilloso,Moderado,10.7,1329.6,474.0,55.9,142.3,17.3,26.2,80,2.23,10563,0.84,1700,0.44,0.0
OLV_42_2060,Granada,Tradicional,Secano,48.96,Hojiblanca,Brotacion,Arcilloso,Moderado,2.0,944.4,617.0,,139.4,15.1,82.0,145,2.15,4992,0.81,1236,1.68,0.0
OLV_42_2061,Málaga,Tradicional,Secano,11.65,Arbequina,Cuajado,Arcilloso,Malo,7.9,214.2,209.0,209.6,380.0,19.1,73.3,33,2.96,4491,0.87,1212,4.69,0.3176
OLV_42_2062,Jaén,Tradicional,Secano,35.49,Picual,Floracion,Arcilloso,Malo,8.3,615.1,616.0,180.3,376.2,15.1,78.9,66,2.86,5739,0.83,1122,3.36,0.2908
OLV_42_2063,Córdoba,Intensivo,Riego,37.92,Arbequina,Engorde,Franco-arcilloso,Malo,4.8,933.9,299.0,42.3,66.5,10.5,61.1,54,2.92,9487,0.91,1540,1.01,0.0
OLV_42_2064,Córdoba,Tradicional,Secano,4.65,Picual,Cuajado,Arcilloso,Bueno,2.3,891.9,288.0,276.7,380.0,16.4,53.5,78,2.53,5462,0.81,1131,3.68,0.1677
OLV_42_2065,Granada,Tradicional,Secano,29.2,Picual,Brotacion,Arenoso,Moderado,16.2,99.5,563.0,11.3,16.3,18.0,45.3,72,1.99,4871,0.86,1471,0.0,0.0
OLV_42_2066,Jaén,Tradicional,Secano,8.74,Picual,Reposo,Limoso,Malo,4.5,1957.6,477.0,175.0,380.0,14.7,72.9,107,1.18,5519,0.8,1032,5.01,0.0394
OLV_42_2067,Jaén,Tradicional,Secano,38.0,Picual,Brotacion,Limoso,Malo,7.1,1596.7,509.0,40.3,127.0,17.5,33.9,87,2.52,5079,0.84,1224,1.02,0.0
OLV_42_2068,Jaén,Tradicional,Riego,10.63,Picual,Brotacion,Limoso,Malo,3.3,344.1,504.0,270.8,291.0,13.9,81.3,126,2.65,8603,0.82,1378,4.17,0.1342
OLV_42_2069,Córdoba,Tradicional,Riego,18.92,Hojiblanca,Brotacion,Limoso,Bueno,3.9,1237.5,239.0,73.0,255.0,17.1,49.6,86,2.33,7984,0.77,1279,1.64,0.0
OLV_42_2070,Jaén,Intensivo,Secano,45.37,Picual,Engorde,Arenoso,Moderado,7.3,2012.5,488.0,73.3,142.6,22.3,31.3,39,2.39,5800,0.79,1499,0.04,0.0
OLV_42_2071,Cadiz,Intensivo,Secano,25.34,Picual,Reposo,Franco-arcilloso,Moderado,12.4,384.3,82.0,190.6,380.0,8.0,68.9,149,1.82,5864,0.82,1727,2.22,0.0
OLV_42_2072,Jaén,Intensivo,Secano,35.05,Picual,Reposo,Arenoso,Moderado,3.4,1119.1,503.0,37.7,109.1,11.9,31.2,122,1.62,6602,0.83,1238,0.12,0.0
OLV_42_2073,Jaén,Intensivo,Secano,19.16,Picual,Floracion,Franco-arcilloso,Bueno,6.9,1435.5,456.0,119.8,231.9,13.7,38.8,92,1.24,7118,0.88,1373,2.11,0.0177
OLV_42_2074,Córdoba,Tradicional,Secano,32.48,Picual,Reposo,Limoso,Bueno,9.6,2136.3,474.0,59.0,206.1,8.6,26.9,148,0.98,5202,0.87,1237,0.52,0.0
OLV_42_2075,Córdoba,Intensivo,Secano,30.5,Cornicabra,Floracion,Arcilloso,Bueno,0.8,1378.5,352.0,65.2,184.9,12.5,45.0,52,2.59,7105,0.87,1162,1.43,0.0
OLV_42_2076,Cadiz,Tradicional,Secano,33.98,Manzanilla,Cuajado,Franco-arcilloso,Moderado,10.3,254.4,171.0,42.6,160.5,9.8,63.9,96,1.45,4632,0.81,1375,1.11,0.0
OLV_42_2077,Granada,Intensivo,Secano,17.98,Picual,Engorde,Arenoso,Bueno,3.1,97.0,684.0,134.5,224.4,19.4,28.4,102,1.51,6743,0.85,1178,2.0,0.0
OLV_42_2078,Jaén,Tradicional,Secano,6.42,Picual,Floracion,Franco-arcilloso,Malo,6.1,838.4,542.0,38.9,128.3,11.7,53.1,98,2.24,5328,0.88,1405,1.51,0.0
OLV_42_2079,Sevilla,Tradicional,Riego,11.4,Manzanilla,Cuajado,Franco,Malo,9.6,353.6,157.0,135.7,148.4,13.4,73.5,40,1.14,7914,0.75,1454,2.56,0.0213
OLV_42_2080,Córdoba,Tradicional,Secano,33.08,Picual,Cuajado,Limoso,Moderado,6.6,587.9,310.0,62.1,238.4,20.3,57.0,76,2.31,5009,0.83,1036,1.07,0.0
OLV_42_2081,Sevilla,Intensivo,Secano,19.78,Picual,Floracion,Arenoso,Malo,0.0,1214.3,186.0,158.4,332.6,21.2,41.3,133,2.33,6939,0.8,1392,2.62,0.0662
OLV_42_2082,Córdoba,Intensivo,Riego,19.35,Picual,Reposo,Franco,Moderado,8.1,789.4,314.0,41.1,59.6,15.8,33.0,46,2.7,10431,0.87,1877,0.62,0.0
OLV_42_2083,Sevilla,Intensivo,Secano,17.39,Picual,Reposo,Limoso,Moderado,0.0,308.1,37.0,173.9,380.0,9.0,55.0,78,2.46,5961,0.8,1478,2.32,0.0292
OLV_42_2084,Sevilla,Tradicional,Secano,26.41,Hojiblanca,Cuajado,Arenoso,Moderado,3.6,160.4,102.0,182.2,289.5,23.5,41.2,115,1.4,5550,0.78,1083,1.88,0.0401
OLV_42_2085,Sevilla,Superintensivo,Riego,39.51,Manzanilla,Brotacion,Arcilloso,Moderado,1.9,1251.9,48.0,80.7,220.2,18.1,54.3,64,1.45,12000,0.69,2043,3.21,0.0
OLV_42_2086,Jaén,Tradicional,Secano,9.06,Hojiblanca,Engorde,Franco-arcilloso,Bueno,9.7,818.6,616.0,84.6,140.8,15.7,48.7,111,0.92,4829,0.73,1192,1.3,0.0
OLV_42_2087,Córdoba,Intensivo,Secano,23.39,Hojiblanca,Brotacion,Franco,Bueno,5.0,288.1,134.0,72.0,134.2,19.4,44.4,66,2.2,5922,0.0,1558,1.43,0.0
OLV_42_2088,Jaén,Tradicional,Secano,16.94,Picual,Brotacion,Franco-arcilloso,Moderado,6.0,839.6,621.0,167.5,329.1,15.7,71.1,69,1.08,5469,0.84,1133,2.57,0.0888
OLV_42_2089,Granada,Tradicional,Secano,27.98,Hojiblanca,Brotacion,Arcilloso,Bueno,6.8,1457.3,636.0,51.3,97.2,20.1,26.0,111,2.03,4993,0.78,1268,0.01,0.0
OLV_42_2090,Jaén,Tradicional,Riego,3.22,Picual,Floracion,Franco-arcilloso,Malo,10.2,2231.3,540.0,152.6,380.0,26.8,69.5,126,2.44,8909,0.79,1522,4.87,0.2085
OLV_42_2091,Sevilla,Superintensivo,Riego,35.05,Picual,Engorde,Arcilloso,Bueno,6.2,2354.6,191.0,65.9,185.6,21.4,18.8,114,1.12,12000,0.85,2214,1.22,0.0
OLV_42_2092,Málaga,Tradicional,Secano,7.08,Hojiblanca,Engorde,Franco-arcilloso,Moderado,5.1,1578.5,161.0,85.4,285.7,16.5,62.0,98,2.14,5578,0.83,1079,2.04,0.0
OLV_42_2093,Jaén,Tradicional,Riego,48.41,Picual,Cuajado,Arcilloso,Bueno,3.2,1367.5,437.0,39.2,123.5,18.7,39.4,112,2.14,8491,0.79,1371,0.9,0.0
OLV_42_2094,Jaén,Tradicional,Secano,5.73,Picual,Engorde,Arcilloso,Moderado,11.3,1240.1,509.0,60.5,135.5,11.9,32.8,95,2.25,4907,0.79,1031,1.6,0.0
OLV_42_2095,Sevilla,Tradicional,Secano,4.73,Hojiblanca,Cuajado,Franco,Malo,8.3,272.1,131.0,14.8,31.7,14.5,43.3,79,1.46,4976,0.77,1332,0.3,0.0
OLV_42_2096,Córdoba,Intensivo,Secano,7.32,Picual,Engorde,Limoso,Moderado,4.8,1714.8,526.0,306.3,380.0,21.9,69.6,148,2.93,6785,0.85,1296,2.99,0.1197
OLV_42_2097,Cadiz,Tradicional,Secano,26.36,Picual,Floracion,Arenoso,Moderado,4.7,1327.0,186.0,63.7,226.3,18.5,23.3,92,1.64,5388,0.85,1127,0.0,0.0
OLV_42_2098,Jaén,Tradicional,Secano,45.56,Hojiblanca,Engorde,Franco-arcilloso,Bueno,7.7,74.9,368.0,70.1,210.5,13.8,61.3,44,1.91,4860,0.78,1342,1.86,0.0
OLV_42_2099,Granada,Tradicional,Riego,24.84,Hojiblanca,Brotacion,Arenoso,Malo,4.3,835.9,646.0,175.6,330.9,18.9,43.8,116,2.37,10317,0.79,1163,3.44,0.0
OLV_42_2100,Sevilla,Tradicional,Secano,3.37,Arbequina,Reposo,Franco,Moderado,3.1,419.4,333.0,64.2,211.3,16.2,39.0,44,1.02,5005,0.92,1137,2.22,0.0
OLV_42_2101,Jaén,Tradicional,Secano,10.12,Picual,Cuajado,Arcilloso,Moderado,3.4,280.9,643.0,43.7,170.2,10.7,65.0,37,0.92,4890,0.0,1125,1.41,0.0
OLV_42_2102,Sevilla,Tradicional,Secano,14.73,Manzanilla,Cuajado,Franco-arcilloso,Bueno,4.5,1132.9,226.0,78.7,202.9,16.9,57.3,42,1.4,4827,0.72,1220,1.55,0.0
OLV_42_2103,Córdoba,Superintensivo,Riego,46.96,Picual,Brotacion,Franco-arcilloso,Bueno,2.9,127.1,463.0,50.2,83.2,20.7,57.6,66,1.55,12000,0.77,1741,1.08,0.0
OLV_42_2104,Córdoba,Tradicional,Riego,16.87,Picual,Floracion,Limoso,Bueno,5.1,1628.9,397.0,33.5,87.7,19.9,25.6,39,2.65,8905,0.79,1204,0.49,0.0
OLV_42_2105,Córdoba,Tradicional,Secano,39.37,Hojiblanca,Reposo,Arcilloso,Moderado,4.0,1678.4,470.0,68.9,184.8,12.9,46.9,67,2.86,4996,0.83,1080,1.87,0.0
OLV_42_2106,Málaga,Tradicional,Secano,17.84,Picual,Brotacion,Arenoso,Malo,9.4,2049.8,456.0,104.0,326.7,17.8,48.7,56,1.75,5532,0.83,1378,2.83,0.0
OLV_42_2107,Jaén,Tradicional,Secano,48.43,Hojiblanca,Cuajado,Franco-arcilloso,Moderado,2.2,1695.5,740.0,18.9,44.3,12.3,43.2,85,1.24,5135,0.82,1205,0.0,0.0
OLV_42_2108,Cadiz,Tradicional,Secano,6.25,Manzanilla,Brotacion,Limoso,Moderado,14.0,527.0,48.0,72.1,244.3,17.8,48.9,31,2.82,4890,0.77,1433,2.02,0.0
OLV_42_2109,Córdoba,Tradicional,Secano,7.62,Picual,Reposo,Franco-arcilloso,Bueno,2.8,121.8,427.0,41.3,152.1,10.2,39.7,144,1.6,5253,0.81,1145,0.77,0.0
OLV_42_2110,Córdoba,Tradicional,Riego,8.52,Cornicabra,Cuajado,Limoso,Bueno,1.2,475.3,442.0,54.0,154.6,18.4,45.8,76,1.77,8607,0.83,1244,0.64,0.0
OLV_42_2111,Córdoba,Tradicional,Secano,11.21,Hojiblanca,Engorde,Limoso,Moderado,15.5,546.2,418.0,51.2,175.6,23.0,35.3,90,1.21,5272,0.8,1591,0.63,0.0
OLV_42_2112,Sevilla,Tradicional,Secano,24.88,Manzanilla,Floracion,Arcilloso,Moderado,10.6,2153.4,100.0,89.9,307.2,22.8,61.8,90,1.36,5110,0.77,1202,2.59,0.055
OLV_42_2113,Córdoba,Tradicional,Secano,16.98,Hojiblanca,Reposo,Franco-arcilloso,Malo,3.4,450.6,372.0,271.0,380.0,17.1,82.0,128,1.78,5299,0.79,1134,3.55,0.0599
OLV_42_2114,Córdoba,Tradicional,Secano,23.97,Hojiblanca,Brotacion,Arcilloso,Moderado,5.1,50.0,418.0,221.5,380.0,16.3,82.0,40,1.72,5819,0.81,1136,4.18,0.1799
OLV_42_2115,Jaén,Intensivo,Secano,12.56,Picual,Brotacion,Arcilloso,Bueno,2.6,495.3,623.0,22.2,77.6,14.4,24.8,90,2.45,6804,0.81,1435,0.41,0.0
OLV_42_2116,Córdoba,Tradicional,Secano,3.22,Picual,Reposo,Limoso,Bueno,6.6,422.8,251.0,33.3,90.4,23.1,29.8,125,1.97,5513,0.8,1181,0.14,0.0
OLV_42_2117,Jaén,Tradicional,Secano,26.13,Picual,Reposo,Franco,Moderado,3.3,525.0,563.0,55.1,154.2,22.1,34.1,77,2.82,5196,0.82,1210,0.9,0.0
OLV_42_2118,Jaén,Tradicional,Secano,23.38,Cornicabra,Brotacion,Arcilloso,Malo,7.3,488.5,664.0,88.4,194.7,15.4,82.0,102,0.93,4698,0.82,1127,3.26,0.0
OLV_42_2119,Granada,Intensivo,Riego,10.19,Cornicabra,Reposo,Franco-arcilloso,Moderado,4.1,39.2,682.0,42.3,144.1,21.6,56.4,136,2.09,12000,0.86,1516,2.0,0.0
OLV_42_2120,Córdoba,Tradicional,Riego,19.21,Hojiblanca,Floracion,Limoso,Malo,9.2,1281.6,219.0,89.2,273.6,22.7,75.0,112,1.6,8625,0.83,1481,3.04,0.0554
OLV_42_2121,Sevilla,Tradicional,Riego,21.47,Picual,Engorde,Arcilloso,Malo,3.2,1591.2,71.0,71.9,116.4,13.5,62.6,96,2.61,9160,0.81,1259,2.01,0.0
OLV_42_2122,Jaén,Tradicional,Secano,49.92,Hojiblanca,Brotacion,Franco-arcilloso,Malo,9.0,467.4,556.0,115.3,327.3,13.9,80.3,73,2.35,5306,0.77,1335,4.41,0.0549
OLV_42_2123,Sevilla,Tradicional,Riego,19.09,Picual,Cuajado,Limoso,Malo,3.8,234.1,124.0,214.9,380.0,12.0,82.0,72,2.75,8123,0.83,1426,5.37,0.2957
OLV_42_2124,Córdoba,Tradicional,Secano,23.66,Manzanilla,Brotacion,Franco-arcilloso,Malo,7.9,229.9,274.0,16.9,49.5,17.7,41.1,76,2.37,5197,0.84,1226,0.23,0.0
OLV_42_2125,Málaga,Tradicional,Secano,19.84,Hojiblanca,Reposo,Arenoso,Bueno,3.3,789.7,314.0,151.7,267.5,15.8,34.9,135,1.44,5388,0.77,1327,2.51,0.0
OLV_42_2126,Jaén,Tradicional,Secano,10.4,Picual,Engorde,Franco,Moderado,13.3,2105.4,335.0,146.7,239.4,15.2,19.3,52,2.46,4933,0.84,1334,2.68,0.0
OLV_42_2127,Málaga,Tradicional,Riego,45.48,Hojiblanca,Floracion,Franco,Bueno,7.3,986.6,314.0,97.6,221.1,16.3,29.0,66,2.76,9474,0.83,1488,1.57,0.0
OLV_42_2128,Cadiz,Tradicional,Secano,11.29,Hojiblanca,Reposo,Franco-arcilloso,Bueno,7.2,1353.3,179.0,32.7,102.5,13.6,41.7,125,1.78,5115,0.84,956,0.26,0.0
OLV_42_2129,Córdoba,Tradicional,Secano,39.23,Hojiblanca,Floracion,Arenoso,Bueno,1.4,482.0,286.0,80.8,100.1,20.3,22.9,93,1.58,5331,0.76,1153,0.26,0.0
OLV_42_2130,Granada,Tradicional,Secano,16.65,Picual,Floracion,Franco-arcilloso,Bueno,8.3,1669.8,792.0,24.3,85.1,20.5,21.7,34,2.55,5012,0.77,1335,0.28,0.0
OLV_42_2131,Jaén,Tradicional,Secano,11.11,Picual,Floracion,Arcilloso,Bueno,8.4,588.9,578.0,23.3,59.4,15.0,35.7,44,2.32,5065,0.74,1235,0.0,0.0
OLV_42_2132,Málaga,Intensivo,Secano,11.19,Hojiblanca,Brotacion,Arcilloso,Bueno,0.8,1943.3,358.0,5.1,13.3,21.1,28.8,94,0.89,6395,0.79,1293,0.28,0.0
OLV_42_2133,Córdoba,Tradicional,Secano,7.92,Picual,Reposo,Limoso,Moderado,6.2,961.1,173.0,35.3,53.3,17.3,34.2,100,0.9,5211,0.82,1176,0.19,0.0
OLV_42_2134,Jaén,Tradicional,Riego,17.87,Picual,Brotacion,Franco-arcilloso,Malo,4.6,139.8,538.0,298.4,380.0,20.6,62.6,80,1.93,8871,0.82,1521,3.52,0.1097
OLV_42_2135,Sevilla,Superintensivo,Riego,13.56,Hojiblanca,Engorde,Limoso,Moderado,3.1,607.2,91.0,82.6,89.7,11.7,60.4,111,1.56,12000,0.78,2115,0.76,0.0
OLV_42_2136,Córdoba,Tradicional,Riego,33.0,Picual,Engorde,Arenoso,Moderado,7.6,1179.1,397.0,21.5,32.9,14.6,25.5,127,1.08,8545,0.83,1397,0.26,0.0
OLV_42_2137,Jaén,Tradicional,Secano,45.32,Picual,Reposo,Arcilloso,Bueno,7.1,526.7,597.0,146.1,380.0,19.0,71.4,48,1.71,5168,0.84,1373,3.13,0.0245
OLV_42_2138,Jaén,Intensivo,Riego,17.43,Picual,Cuajado,Franco-arcilloso,Bueno,4.6,274.4,641.0,102.9,223.1,11.9,51.3,36,0.8,11066,0.77,1657,2.83,0.0602
OLV_42_2139,Sevilla,Tradicional,Secano,4.31,Manzanilla,Floracion,Limoso,Bueno,7.4,455.4,186.0,80.1,290.4,17.6,35.1,67,1.28,4913,0.79,1154,0.99,0.0
OLV_42_2140,Sevilla,Superintensivo,Secano,13.51,Hojiblanca,Cuajado,Arenoso,Moderado,0.0,1259.7,160.0,52.9,144.9,22.4,26.2,138,0.97,8633,0.83,1327,0.48,0.0
OLV_42_2141,Granada,Tradicional,Secano,8.84,Picual,Floracion,Arenoso,Bueno,12.2,2099.5,764.0,22.3,35.2,8.3,18.0,130,2.52,5138,0.84,1298,0.71,0.0
OLV_42_2142,Jaén,Tradicional,Secano,28.2,Picual,Engorde,Franco-arcilloso,Bueno,3.0,2373.6,637.0,69.6,263.0,15.5,21.0,106,2.3,5228,0.79,1149,0.66,0.0
OLV_42_2143,Granada,Superintensivo,Secano,36.58,Picual,Brotacion,Arcilloso,Bueno,0.7,52.1,729.0,267.8,380.0,8.0,60.0,112,2.75,8810,0.83,1591,4.11,0.1266
OLV_42_2144,Sevilla,Tradicional,Secano,22.0,Manzanilla,Engorde,Franco-arcilloso,Bueno,10.3,591.3,56.0,84.7,223.6,15.5,45.2,33,1.29,4865,0.79,1485,2.1,0.0
OLV_42_2145,Jaén,Tradicional,Secano,19.53,Hojiblanca,Reposo,Limoso,Malo,8.2,280.6,435.0,182.8,232.9,20.2,82.0,126,1.95,5292,0.8,1134,3.57,0.0
OLV_42_2146,Cadiz,Intensivo,Secano,6.97,Manzanilla,Reposo,Arenoso,Moderado,0.3,225.4,254.0,129.3,359.4,17.0,39.5,115,1.26,6666,0.79,1211,1.81,0.0
OLV_42_2147,Córdoba,Tradicional,Riego,34.28,Hojiblanca,Reposo,Arcilloso,Malo,12.8,1967.1,230.0,82.7,286.3,14.0,66.8,81,1.55,8305,0.79,1484,3.56,0.0
OLV_42_2148,Jaén,Intensivo,Secano,18.62,Picual,Engorde,Franco-arcilloso,Moderado,4.8,91.8,348.0,294.8,380.0,18.5,82.0,66,2.56,6384,0.79,1495,4.54,0.2308
OLV_42_2149,Córdoba,Tradicional,Secano,8.5,Hojiblanca,Cuajado,Franco,Malo,3.7,248.8,232.0,35.4,109.3,19.2,43.0,149,1.34,5353,0.77,1257,0.51,0.0
OLV_42_2150,Córdoba,Tradicional,Secano,32.08,Picual,Floracion,Franco-arcilloso,Moderado,1.0,494.4,289.0,258.9,380.0,16.0,67.9,106,1.72,5152,0.83,1143,2.82,0.2582
OLV_42_2151,Jaén,Superintensivo,Secano,40.06,Picual,Cuajado,Limoso,Malo,2.6,1006.2,623.0,81.4,278.6,13.7,82.0,93,2.83,8134,0.8,1723,2.58,0.0204
OLV_42_2152,Córdoba,Tradicional,Secano,46.8,Hojiblanca,Floracion,Franco-arcilloso,Moderado,9.3,2189.0,357.0,53.0,158.3,16.2,33.7,110,1.12,5217,0.81,1290,0.02,0.0
OLV_42_2153,Jaén,Intensivo,Riego,36.61,Cornicabra,Reposo,Arcilloso,Bueno,4.4,1485.2,401.0,108.8,272.8,13.0,73.3,31,2.28,10540,0.89,1667,4.18,0.0
OLV_42_2154,Córdoba,Intensivo,Secano,46.17,Hojiblanca,Engorde,Franco,Malo,3.3,554.7,341.0,183.0,380.0,12.8,69.3,63,1.79,6470,0.74,1380,4.83,0.198
OLV_42_2155,Córdoba,Tradicional,Riego,40.76,Picual,Floracion,Arenoso,Malo,12.4,2009.2,299.0,11.5,17.5,13.4,34.4,70,2.72,9243,0.82,1579,0.0,0.0
OLV_42_2156,Córdoba,Tradicional,Secano,7.9,Hojiblanca,Floracion,Limoso,Bueno,7.1,1734.6,365.0,97.7,122.3,17.7,27.8,125,1.31,4396,0.77,1076,0.88,0.0
OLV_42_2157,Cadiz,Intensivo,Riego,28.19,Cornicabra,Engorde,Arcilloso,Malo,2.9,431.9,31.0,198.5,380.0,16.5,82.0,146,2.56,11223,0.77,1476,4.01,0.1481
OLV_42_2158,Granada,Tradicional,Secano,28.29,Hojiblanca,Brotacion,Franco-arcilloso,Bueno,6.5,1204.7,743.0,93.8,144.4,13.5,44.6,72,2.8,5312,0.79,1125,0.84,0.0
OLV_42_2159,Granada,Intensivo,Secano,30.11,Picual,Engorde,Limoso,Moderado,4.8,506.2,633.0,44.1,107.2,26.9,41.3,84,1.87,6392,0.8,1423,0.0,0.0
OLV_42_2160,Jaén,Tradicional,Riego,8.96,Cornicabra,Reposo,Limoso,Moderado,4.4,962.6,559.0,32.0,119.6,19.8,36.9,60,1.45,9131,0.83,1322,0.36,0.0
OLV_42_2161,Jaén,Tradicional,Secano,43.1,Picual,Cuajado,Limoso,Moderado,5.0,834.1,544.0,69.4,233.1,14.4,37.0,126,1.14,4861,0.79,1091,1.36,0.0
OLV_42_2162,Málaga,Intensivo,Riego,44.28,Arbequina,Brotacion,Limoso,Malo,7.8,913.1,166.0,88.7,277.7,15.9,58.9,102,1.47,10974,0.87,1789,1.95,0.0
OLV_42_2163,Granada,Intensivo,Riego,39.16,Picual,Engorde,Limoso,Bueno,1.9,34.2,751.0,83.2,240.4,17.0,62.8,81,0.85,10893,0.85,1720,1.52,0.0
OLV_42_2164,Granada,Intensivo,Secano,31.39,Picual,Cuajado,Franco,Malo,4.7,2115.2,663.0,161.4,380.0,21.0,75.9,95,0.9,6648,0.84,1464,3.92,0.2388
OLV_42_2165,Málaga,Tradicional,Secano,30.53,Arbequina,Cuajado,Franco-arcilloso,Malo,45.0,1743.8,125.0,54.0,132.0,18.8,47.0,68,1.3,5150,0.91,1135,1.2,0.0
OLV_42_2166,Córdoba,Tradicional,Secano,39.13,Arbequina,Floracion,Franco,Malo,4.7,573.5,314.0,99.5,117.2,19.5,71.0,70,0.83,4590,0.84,1156,2.48,0.0
OLV_42_2167,Sevilla,Intensivo,Riego,49.21,Manzanilla,Engorde,Arenoso,Moderado,0.1,1289.0,0.0,20.2,61.0,12.0,28.1,56,2.38,10670,0.7,1339,0.19,0.0
OLV_42_2168,Jaén,Tradicional,Secano,24.62,Picual,Brotacion,Franco-arcilloso,Moderado,6.2,1124.0,652.0,102.8,314.8,13.8,78.8,94,1.67,5328,0.86,1249,3.19,0.0301
OLV_42_2169,Córdoba,Tradicional,Secano,39.08,Picual,Engorde,Arcilloso,Moderado,3.5,1288.7,453.0,45.0,148.4,16.4,34.0,111,0.88,5585,0.75,953,0.63,0.0
OLV_42_2170,Jaén,Tradicional,Riego,28.86,Picual,Cuajado,Limoso,Bueno,14.0,2271.1,573.0,108.5,165.6,17.8,18.0,141,1.52,8443,0.81,1660,1.11,0.0
OLV_42_2171,Granada,Intensivo,Secano,12.67,Hojiblanca,Cuajado,Franco-arcilloso,Bueno,4.1,1155.8,573.0,123.6,324.6,18.1,74.0,106,2.32,7111,0.8,1544,3.82,0.1094
OLV_42_2172,Córdoba,Tradicional,Secano,30.04,Picual,Brotacion,Franco,Moderado,1.4,2157.3,164.0,85.2,216.0,18.2,32.3,72,1.73,5620,0.85,1318,1.56,0.0
OLV_42_2173,Córdoba,Tradicional,Riego,10.72,Arbequina,Reposo,Arcilloso,Malo,5.9,2021.1,247.0,88.5,129.2,16.6,81.1,67,0.86,7710,0.9,1348,1.85,0.0
OLV_42_2174,Sevilla,Tradicional,Secano,47.33,Picual,Brotacion,Limoso,Malo,7.4,638.4,146.0,194.8,367.4,15.6,82.0,141,1.79,5597,0.84,1271,4.32,0.0601
OLV_42_2175,Jaén,Intensivo,Secano,7.01,Picual,Brotacion,Arcilloso,Malo,1.4,40.1,561.0,159.2,380.0,19.7,82.0,42,1.75,6573,0.87,1497,5.5,0.1836
OLV_42_2176,Córdoba,Intensivo,Secano,26.49,Picual,Cuajado,Franco-arcilloso,Malo,6.9,1867.3,366.0,46.0,92.7,18.0,48.3,68,1.62,6980,0.88,1689,0.65,0.0
OLV_42_2177,Málaga,Tradicional,Riego,39.9,Hojiblanca,Engorde,Franco-arcilloso,Malo,10.1,2239.8,251.0,56.9,77.7,18.3,42.3,84,1.6,9535,0.82,1524,0.42,0.0
OLV_42_2178,Granada,Intensivo,Riego,48.81,Picual,Floracion,Limoso,Malo,4.3,961.9,770.0,32.2,58.9,14.2,65.0,46,2.01,10069,0.83,1603,0.54,0.0
OLV_42_2179,Jaén,Tradicional,Riego,36.42,Picual,Floracion,Franco,Moderado,4.3,83.9,552.0,79.8,212.4,10.6,60.9,85,1.81,8646,0.85,1463,2.59,0.0
OLV_42_2180,Jaén,Tradicional,Secano,15.62,Picual,Engorde,Arenoso,Bueno,4.4,540.4,464.0,90.7,327.1,23.7,18.0,57,2.8,5470,0.82,1169,1.91,0.0
OLV_42_2181,Granada,Intensivo,Riego,36.23,Picual,Reposo,Limoso,Bueno,12.2,887.6,741.0,227.0,380.0,13.3,74.0,52,1.54,11260,0.83,1885,3.75,0.0597
OLV_42_2182,Granada,Superintensivo,Riego,33.88,Picual,Reposo,Arcilloso,Moderado,5.8,2243.4,724.0,61.1,178.0,9.0,41.8,116,1.37,12000,0.8,1901,2.43,0.0
OLV_42_2183,Córdoba,Tradicional,Secano,38.78,Picual,Reposo,Franco-arcilloso,Moderado,9.0,1526.4,432.0,104.2,143.9,15.5,50.3,99,1.14,5332,0.8,1242,1.58,0.0
OLV_42_2184,Jaén,Tradicional,Secano,39.07,Picual,Brotacion,Franco,Moderado,3.0,1581.3,496.0,23.5,68.5,12.9,24.7,32,1.96,5697,0.78,1176,0.46,0.0
OLV_42_2185,Sevilla,Tradicional,Riego,12.96,Manzanilla,Engorde,Limoso,Moderado,5.6,570.1,0.0,45.7,71.1,13.2,49.8,33,2.52,8983,0.82,1131,0.75,0.0
OLV_42_2186,Jaén,Tradicional,Secano,46.98,Picual,Floracion,Arenoso,Moderado,6.8,1352.7,317.0,159.0,355.0,13.3,25.6,82,2.01,5224,0.86,1321,3.36,0.0
OLV_42_2187,Jaén,Intensivo,Secano,34.7,Picual,Floracion,Limoso,Malo,9.3,2335.7,478.0,117.9,380.0,16.9,69.0,73,1.63,34100,0.78,1602,3.78,0.2567
OLV_42_2188,Cadiz,Superintensivo,Riego,42.03,Picual,Engorde,Limoso,Bueno,3.0,1125.6,236.0,82.5,106.5,11.6,53.3,47,1.79,12000,0.82,1678,1.99,0.0
OLV_42_2189,Sevilla,Intensivo,Secano,2.43,Manzanilla,Floracion,Limoso,Malo,4.2,447.9,149.0,91.8,123.8,8.9,82.0,109,1.48,6379,0.82,1407,0.93,0.0
OLV_42_2190,Sevilla,Intensivo,Riego,11.34,Picual,Floracion,Limoso,Moderado,3.9,1672.1,91.0,78.8,144.5,22.6,62.5,31,1.6,10993,0.86,1676,0.57,0.0
OLV_42_2191,Málaga,Tradicional,Secano,10.41,Arbequina,Engorde,Franco-arcilloso,Malo,8.8,2241.6,181.0,21.6,40.3,19.4,35.5,148,2.06,4693,0.9,1299,0.54,0.0
OLV_42_2192,Córdoba,Intensivo,Secano,31.66,Picual,Engorde,Franco-arcilloso,Bueno,4.1,2347.2,351.0,111.3,380.0,15.2,51.2,46,1.46,6942,0.77,1403,2.84,0.0495
OLV_42_2193,Jaén,Tradicional,Secano,12.96,Picual,Cuajado,Franco,Malo,5.3,1362.9,589.0,53.3,84.7,9.7,37.7,52,1.02,5128,0.82,1266,0.0,0.0
OLV_42_2194,Córdoba,Intensivo,Riego,3.44,Picual,Brotacion,Franco-arcilloso,Malo,2.8,143.5,277.0,103.0,234.5,17.0,63.6,34,2.63,10783,0.86,1553,4.72,0.0
OLV_42_2195,Granada,Intensivo,Secano,15.39,Picual,Reposo,Limoso,Bueno,5.5,778.5,579.0,190.7,380.0,15.9,68.4,83,1.59,6648,0.8,1506,3.65,0.0325
OLV_42_2196,Málaga,Tradicional,Riego,12.06,Hojiblanca,Reposo,Franco,Malo,4.0,2038.1,376.0,40.6,151.0,13.7,39.1,44,1.48,8970,0.77,1286,1.13,0.0
OLV_42_2197,Jaén,Tradicional,Riego,41.07,Picual,Floracion,Arenoso,Bueno,5.9,718.4,513.0,230.0,275.4,16.1,31.4,149,0.99,8290,0.83,1401,1.41,0.0
OLV_42_2198,Córdoba,Intensivo,Riego,33.23,Cornicabra,Brotacion,Arenoso,Malo,7.6,2260.4,436.0,56.0,165.6,19.6,42.9,122,1.33,11423,0.82,1653,0.78,0.0
OLV_42_2199,Sevilla,Intensivo,Riego,42.79,Picual,Engorde,Arcilloso,Bueno,4.2,1977.5,188.0,143.2,380.0,21.6,69.3,113,1.14,11084,0.86,1640,3.45,0.0866
OLV_42_2200,Málaga,Intensivo,Riego,11.22,Arbequina,Cuajado,Limoso,Bueno,2.2,272.6,216.0,38.2,115.5,11.3,50.3,62,0.86,9612,0.89,1692,0.57,0.0
OLV_42_2201,Sevilla,Tradicional,Secano,30.38,Hojiblanca,Floracion,Franco-arcilloso,Moderado,0.7,218.7,148.0,87.2,142.7,16.5,63.6,103,2.26,5507,0.81,887,2.48,0.0
OLV_42_2202,Granada,Tradicional,Secano,21.72,Hojiblanca,Engorde,Limoso,Moderado,3.1,859.5,657.0,62.8,78.3,9.7,59.1,98,2.98,5322,0.85,1014,1.82,0.0
OLV_42_2203,Jaén,Tradicional,Secano,14.53,Picual,Cuajado,Franco,Bueno,2.8,1418.8,443.0,93.8,223.2,17.8,28.0,45,1.21,5125,0.81,1237,2.07,0.0
OLV_42_2204,Jaén,Tradicional,Riego,38.51,Picual,Cuajado,Franco-arcilloso,Bueno,8.5,1434.9,645.0,94.4,227.0,21.1,59.5,65,2.98,9421,0.84,1512,2.43,0.0478
OLV_42_2205,Jaén,Tradicional,Riego,44.75,Picual,Engorde,Limoso,Malo,5.5,1322.3,563.0,37.9,64.8,21.3,50.0,138,1.83,8167,0.84,1046,0.93,0.0
OLV_42_2206,Cadiz,Intensivo,Secano,34.68,Manzanilla,Cuajado,Franco-arcilloso,Malo,4.6,521.0,60.0,91.7,159.0,19.6,79.0,57,1.82,6320,0.78,1374,4.02,0.0487
OLV_42_2207,Jaén,Tradicional,Secano,32.48,Picual,Brotacion,Arenoso,Malo,6.5,1949.3,388.0,85.1,180.4,15.8,26.4,113,0.84,5802,0.84,1461,1.5,0.0
OLV_42_2208,Jaén,Tradicional,Secano,17.3,Picual,Brotacion,Limoso,Bueno,2.3,293.7,578.0,70.4,134.8,19.9,73.7,39,2.4,5300,0.8,1186,2.43,0.0
OLV_42_2209,Jaén,Intensivo,Riego,31.46,Picual,Brotacion,Franco,Moderado,1.7,1048.4,602.0,53.1,94.0,15.5,47.7,55,1.13,10687,0.83,1562,0.81,0.0
OLV_42_2210,Córdoba,Intensivo,Riego,9.69,Cornicabra,Brotacion,Arenoso,Malo,3.3,838.6,278.0,54.6,78.3,22.4,34.9,61,1.82,10240,0.83,1714,0.23,0.0
OLV_42_2211,Córdoba,Tradicional,Secano,12.45,Cornicabra,Brotacion,Limoso,Malo,2.1,1487.2,419.0,8.5,30.5,11.2,50.5,90,0.99,5428,0.79,1172,0.09,0.0
OLV_42_2212,Córdoba,Intensivo,Secano,26.56,Picual,Cuajado,Franco-arcilloso,Bueno,0.2,873.7,376.0,86.0,269.0,18.5,53.6,89,2.37,6323,0.79,1319,2.46,0.0
OLV_42_2213,Granada,Tradicional,Secano,49.1,Hojiblanca,Floracion,Franco,Bueno,10.7,1510.4,811.0,213.2,239.5,16.9,47.1,112,2.65,5030,0.81,1240,4.0,0.0337
OLV_42_2214,Jaén,Tradicional,Riego,37.28,Picual,Brotacion,Franco-arcilloso,Moderado,7.2,2006.4,550.0,46.5,115.5,18.5,41.2,113,1.6,8326,0.83,1417,0.6,0.0
OLV_42_2215,Jaén,Intensivo,Secano,23.58,Hojiblanca,Brotacion,Arcilloso,Bueno,4.5,777.0,495.0,70.3,144.1,19.9,37.8,67,2.29,6458,0.76,1428,1.46,0.0
OLV_42_2216,Jaén,Tradicional,Secano,31.85,Picual,Cuajado,Arenoso,Malo,4.8,1450.1,680.0,90.6,331.1,16.4,23.9,123,2.09,5636,0.82,1093,0.83,0.0
OLV_42_2217,Jaén,Tradicional,Secano,17.75,Picual,Cuajado,Arenoso,Malo,5.6,2105.8,444.0,146.1,184.4,16.3,34.0,92,0.97,5663,0.79,1149,2.64,0.0
OLV_42_2218,Granada,Tradicional,Secano,45.56,Cornicabra,Cuajado,Arcilloso,Bueno,5.0,483.6,732.0,32.8,83.0,14.8,41.6,112,2.85,5448,0.85,1158,0.87,0.0
OLV_42_2219,Sevilla,Intensivo,Secano,31.35,Hojiblanca,Brotacion,Limoso,Moderado,4.5,1687.8,34.0,14.4,35.5,21.2,27.0,144,1.95,6591,0.79,1474,0.0,0.0
OLV_42_2220,Granada,Tradicional,Riego,33.63,Picual,Cuajado,Arcilloso,Moderado,7.4,2063.4,697.0,119.4,216.7,16.1,74.1,62,2.45,8819,0.85,1365,3.51,0.1257
OLV_42_2221,Sevilla,Intensivo,Secano,28.61,Hojiblanca,Engorde,Franco,Moderado,3.8,512.1,110.0,76.5,100.9,14.4,61.7,71,1.05,6513,0.76,1525,0.74,0.0
OLV_42_2222,Granada,Intensivo,Secano,49.47,Picual,Cuajado,Arcilloso,Malo,6.2,548.9,668.0,207.3,380.0,17.2,82.0,134,1.76,7135,0.84,1507,4.9,0.246
OLV_42_2223,Córdoba,Tradicional,Riego,5.14,Hojiblanca,Engorde,Franco-arcilloso,Moderado,3.8,969.7,462.0,50.8,86.4,13.4,59.9,71,2.86,7884,0.77,1241,1.69,0.0
OLV_42_2224,Málaga,Tradicional,Secano,4.96,Cornicabra,Engorde,Franco-arcilloso,Bueno,2.9,969.6,336.0,73.0,101.7,17.1,34.4,62,2.01,5136,0.79,1148,0.27,0.0
OLV_42_2225,Sevilla,Tradicional,Secano,3.32,Hojiblanca,Brotacion,Limoso,Moderado,12.9,304.2,221.0,98.0,117.4,21.5,73.0,96,2.36,4934,0.76,1310,1.09,0.0
OLV_42_2226,Sevilla,Tradicional,Secano,15.0,Picual,Brotacion,Arenoso,Moderado,3.8,286.5,198.0,125.4,263.9,13.6,27.9,32,0.95,5407,0.79,1210,1.38,0.0
OLV_42_2227,Jaén,Tradicional,Secano,39.06,Picual,Cuajado,Franco,Moderado,6.8,2265.1,642.0,64.2,125.1,15.3,25.4,68,1.69,5319,0.82,1011,1.27,0.0
OLV_42_2228,Granada,Tradicional,Secano,13.17,Manzanilla,Brotacion,Arenoso,Malo,9.6,1415.8,580.0,133.6,316.5,17.4,36.0,70,2.76,4526,0.75,1205,2.16,0.0
OLV_42_2229,Córdoba,Superintensivo,Secano,17.63,Picual,Brotacion,Franco-arcilloso,Malo,4.1,2099.6,343.0,96.1,203.0,12.9,74.2,31,2.21,8095,0.86,1690,4.22,0.0159
OLV_42_2230,Granada,Tradicional,Secano,31.75,Hojiblanca,Floracion,Arenoso,Bueno,1.7,1399.8,567.0,54.5,110.4,9.9,31.4,148,2.58,5566,0.77,1082,0.81,0.0
OLV_42_2231,Córdoba,Tradicional,Secano,48.78,Picual,Cuajado,Arcilloso,Bueno,2.9,145.0,248.0,71.0,224.4,18.8,68.2,114,2.99,5598,0.84,1052,2.31,0.0
OLV_42_2232,Granada,Tradicional,Riego,46.66,Hojiblanca,Engorde,Arenoso,Moderado,7.5,306.5,753.0,321.4,380.0,14.8,50.6,59,1.34,7867,0.83,1329,3.04,0.0509
OLV_42_2233,Córdoba,Tradicional,Secano,6.95,Picual,Cuajado,Franco-arcilloso,Moderado,5.2,1195.1,362.0,23.7,80.9,11.7,31.9,44,2.2,5090,0.85,1120,0.0,0.0
OLV_42_2234,Málaga,Superintensivo,Riego,25.17,Arbequina,Reposo,Arenoso,Malo,3.8,65.6,251.0,159.4,295.3,19.0,66.6,59,2.31,12000,0.91,1925,4.35,0.0245
OLV_42_2235,Málaga,Tradicional,Secano,36.57,Picual,Cuajado,Limoso,Moderado,4.6,1523.9,237.0,54.4,200.7,11.8,35.0,85,1.75,5256,0.79,1111,0.45,0.0
OLV_42_2236,Granada,Tradicional,Secano,25.29,Picual,Engorde,Arenoso,Malo,2.7,2047.8,781.0,111.4,170.7,14.7,32.0,71,1.79,5109,0.85,1074,1.37,0.0
OLV_42_2237,Sevilla,Intensivo,Riego,24.07,Hojiblanca,Engorde,Limoso,Moderado,0.5,819.3,177.0,10.5,18.8,15.6,33.4,106,2.93,12000,0.81,1517,0.01,0.0
OLV_42_2238,Córdoba,Tradicional,Secano,20.37,Arbequina,Engorde,Franco,Bueno,4.5,1874.8,188.0,93.2,252.3,22.8,30.9,95,1.78,5071,0.91,938,1.1,0.0
OLV_42_2239,Granada,Tradicional,Secano,31.02,Hojiblanca,Engorde,Arenoso,Moderado,5.7,1090.1,495.0,80.9,234.3,17.1,37.9,111,0.89,5006,0.79,1310,1.75,0.0
OLV_42_2240,Córdoba,Tradicional,Riego,43.78,Hojiblanca,Cuajado,Franco-arcilloso,Malo,2.9,614.9,300.0,245.7,380.0,17.2,82.0,120,1.0,9016,0.78,1450,5.43,0.204
OLV_42_2241,Córdoba,Tradicional,Secano,32.74,Hojiblanca,Engorde,Arcilloso,Bueno,4.6,973.9,388.0,88.7,336.3,18.6,74.6,64,3.0,5093,0.77,1174,1.84,0.0
OLV_42_2242,Córdoba,Intensivo,Secano,9.35,Picual,Brotacion,Arenoso,Moderado,1.8,75.2,251.0,200.6,380.0,16.0,43.1,49,1.95,7138,0.85,1312,3.51,0.0459
OLV_42_2243,Sevilla,Superintensivo,Secano,13.31,Arbequina,Brotacion,Arenoso,Moderado,0.6,1472.7,163.0,46.5,63.5,15.8,28.1,116,1.95,8343,0.88,1719,0.0,0.0
OLV_42_2244,Jaén,Tradicional,Secano,46.95,Picual,Engorde,Franco,Malo,19.4,1948.7,394.0,239.4,296.5,18.3,38.8,109,2.57,5265,0.79,1601,2.79,0.0
OLV_42_2245,Jaén,Tradicional,Secano,46.72,Picual,Engorde,Arenoso,Malo,3.0,1012.3,450.0,50.6,55.6,16.1,24.6,78,1.94,5702,0.76,1129,0.0,0.0
OLV_42_2246,Córdoba,Intensivo,Secano,7.65,Picual,Reposo,Arenoso,Moderado,3.0,2198.0,347.0,167.5,380.0,27.0,39.8,142,2.79,7029,0.89,1375,1.24,0.0
OLV_42_2247,Jaén,Tradicional,Secano,37.27,Picual,Brotacion,Franco-arcilloso,Malo,5.8,405.5,478.0,274.5,380.0,14.2,82.0,110,1.87,5240,0.81,1060,4.03,0.0879
OLV_42_2248,Málaga,Intensivo,Riego,6.91,Hojiblanca,Cuajado,Franco-arcilloso,Malo,4.0,1463.6,352.0,222.5,380.0,18.6,60.4,95,1.55,11088,0.78,1652,4.1,0.2954
OLV_42_2249,Jaén,Tradicional,Secano,26.7,Manzanilla,Brotacion,Franco-arcilloso,Malo,12.5,1572.1,579.0,68.5,221.3,18.0,44.2,60,2.05,4549,0.81,1205,2.19,0.0
OLV_42_2250,Córdoba,Tradicional,Secano,26.82,Arbequina,Reposo,Arenoso,Bueno,5.6,345.2,349.0,48.7,128.3,11.5,39.6,126,1.27,5152,0.87,1504,0.64,0.0
OLV_42_2251,Málaga,Intensivo,Riego,34.35,Hojiblanca,Floracion,Arenoso,Bueno,1.5,1127.7,148.0,82.3,264.0,13.6,19.0,123,1.29,10485,0.82,1572,0.4,0.0
OLV_42_2252,Málaga,Tradicional,Secano,47.24,Picual,Floracion,Arenoso,Malo,1.5,1408.7,422.0,102.5,329.3,23.7,34.2,76,1.92,5258,0.83,1039,1.1,0.0147
OLV_42_2253,Jaén,Tradicional,Secano,2.13,Picual,Reposo,Arenoso,Moderado,5.3,2110.7,581.0,105.7,237.8,16.1,23.4,105,2.1,5191,0.81,1202,0.66,0.0
OLV_42_2254,Sevilla,Superintensivo,Riego,33.31,Manzanilla,Brotacion,Arenoso,Malo,1.2,1025.7,182.0,49.5,108.8,20.0,35.4,122,0.95,12000,0.81,1772,0.1,0.0
OLV_42_2255,Málaga,Intensivo,Secano,49.26,Hojiblanca,Engorde,Franco,Malo,7.8,1171.5,369.0,34.5,51.0,17.6,27.4,137,1.62,6445,0.79,1457,0.72,0.0
OLV_42_2256,Córdoba,Tradicional,Secano,12.31,Picual,Engorde,Limoso,Bueno,8.4,1045.4,262.0,67.9,227.5,11.6,21.5,82,1.12,5349,0.79,1097,1.41,0.0
OLV_42_2257,Jaén,Tradicional,Riego,41.16,Picual,Brotacion,Franco-arcilloso,Moderado,9.0,1288.6,450.0,18.8,45.7,10.5,38.1,31,1.14,9602,0.78,1406,0.34,0.0
OLV_42_2258,Jaén,Tradicional,Secano,6.75,Picual,Floracion,Arcilloso,Bueno,2.6,116.8,602.0,171.1,380.0,19.5,57.7,37,1.22,4700,0.87,1043,5.16,0.3766
OLV_42_2259,Sevilla,Intensivo,Riego,41.95,Hojiblanca,Engorde,Arcilloso,Malo,3.0,2393.9,30.0,10.5,26.4,21.1,36.7,144,2.18,10395,0.83,1706,0.0,0.0
OLV_42_2260,Sevilla,Intensivo,Riego,5.26,Hojiblanca,Floracion,Arenoso,Malo,3.5,2117.0,177.0,55.5,123.0,20.9,43.8,127,2.19,11940,0.75,1648,0.39,0.0
OLV_42_2261,Córdoba,Tradicional,Secano,3.42,Hojiblanca,Brotacion,Arcilloso,Moderado,5.2,291.3,256.0,29.7,65.0,13.1,55.4,86,1.35,5243,0.79,1138,0.73,0.0
OLV_42_2262,Jaén,Tradicional,Secano,28.61,Picual,Reposo,Franco-arcilloso,Bueno,9.3,1017.9,507.0,130.4,243.2,19.4,37.5,30,0.93,5899,0.86,1342,3.19,0.0
OLV_42_2263,Jaén,Tradicional,Secano,34.22,Picual,Reposo,Arcilloso,Moderado,4.0,1169.3,583.0,124.1,365.5,21.5,65.2,53,1.65,5360,0.79,1106,4.29,0.0227
OLV_42_2264,Córdoba,Tradicional,Secano,16.43,Picual,Floracion,Arenoso,Moderado,5.9,2016.8,422.0,133.4,152.0,16.1,31.2,107,2.52,5082,0.82,1086,1.96,0.0
OLV_42_2265,Córdoba,Intensivo,Riego,29.98,Picual,Engorde,Arcilloso,Bueno,8.4,2304.3,385.0,139.1,380.0,16.2,35.3,89,2.08,11433,0.85,1874,1.6,0.0
OLV_42_2266,Jaén,Tradicional,Riego,39.72,Picual,Brotacion,Arenoso,Bueno,4.4,1172.2,584.0,91.9,180.2,15.3,21.8,69,0.97,8894,0.81,1174,1.11,0.0
OLV_42_2267,Jaén,Tradicional,Riego,43.34,Picual,Cuajado,Limoso,Malo,12.1,986.9,524.0,60.6,164.6,20.6,52.0,37,2.1,8822,0.86,1560,2.41,0.0
OLV_42_2268,Sevilla,Superintensivo,Secano,49.69,Manzanilla,Engorde,Arcilloso,Bueno,0.0,869.7,160.0,39.1,146.0,19.3,37.9,110,1.41,8581,0.72,1945,0.95,0.0
OLV_42_2269,Jaén,Superintensivo,Secano,36.43,Picual,Engorde,Franco,Malo,2.2,1759.2,498.0,72.4,84.6,18.5,60.2,132,2.12,9185,0.75,1767,2.6,0.0
OLV_42_2270,Jaén,Tradicional,Secano,29.49,Picual,Cuajado,Arenoso,Moderado,8.0,1341.4,625.0,13.4,57.9,16.8,40.4,38,1.44,5338,0.79,1253,0.0,0.0
OLV_42_2271,Jaén,Intensivo,Riego,14.42,Hojiblanca,Engorde,Limoso,Bueno,8.3,544.3,726.0,56.6,204.8,14.7,38.2,97,2.84,10960,0.84,1701,0.58,0.0
OLV_42_2272,Córdoba,Tradicional,Secano,33.21,Hojiblanca,Reposo,Arenoso,Malo,2.5,1112.9,281.0,77.4,197.6,16.8,30.1,50,1.54,5456,0.83,1243,2.38,0.0
OLV_42_2273,Córdoba,Superintensivo,Riego,25.5,Hojiblanca,Brotacion,Arcilloso,Bueno,3.2,2008.6,401.0,48.5,177.6,17.2,28.0,41,1.83,12000,0.83,1909,0.38,0.0
OLV_42_2274,Córdoba,Intensivo,Secano,2.95,Arbequina,Floracion,Limoso,Moderado,2.7,498.7,326.0,235.8,380.0,13.8,59.4,69,1.96,6376,0.85,1427,4.36,0.3358
OLV_42_2275,Jaén,Tradicional,Secano,22.06,Picual,Brotacion,Limoso,Moderado,4.5,587.7,734.0,112.1,380.0,20.3,63.9,57,0.93,5240,0.84,1317,3.71,0.0615
OLV_42_2276,Córdoba,Tradicional,Riego,29.66,Hojiblanca,Floracion,Franco-arcilloso,Malo,6.3,269.8,288.0,174.4,380.0,10.1,59.9,131,2.89,8446,0.78,1139,5.5,0.1642
OLV_42_2277,Sevilla,Tradicional,Riego,49.93,Arbequina,Reposo,Limoso,Malo,2.7,1301.3,106.0,122.2,261.1,23.1,65.5,61,1.13,8384,0.86,1201,4.72,0.0
OLV_42_2278,Sevilla,Tradicional,Riego,49.79,Manzanilla,Cuajado,Franco-arcilloso,Malo,5.2,1818.5,207.0,98.2,303.3,19.6,72.3,79,2.61,8212,0.77,1317,2.85,0.0896
OLV_42_2279,Jaén,Tradicional,Secano,26.92,Picual,Engorde,Arcilloso,Moderado,2.0,2129.4,392.0,30.6,68.8,19.1,38.2,148,0.8,5072,0.81,1056,0.39,0.0
OLV_42_2280,Jaén,Tradicional,Secano,43.31,Picual,Brotacion,Franco-arcilloso,Moderado,8.0,466.1,468.0,47.5,122.5,15.5,38.0,108,1.14,5432,0.77,1282,0.49,0.0
OLV_42_2281,Granada,Tradicional,Secano,8.53,Picual,Floracion,Franco-arcilloso,Bueno,6.3,1746.6,633.0,94.5,157.6,17.4,57.4,45,1.83,4958,0.8,1306,1.59,0.0
OLV_42_2282,Cadiz,Intensivo,Riego,46.47,Picual,Engorde,Franco,Malo,0.7,987.9,60.0,70.3,165.7,13.0,73.2,76,2.14,11846,0.82,1572,2.41,0.0
OLV_42_2283,Jaén,Tradicional,Secano,5.81,Picual,Floracion,Arenoso,Moderado,4.8,1769.4,598.0,36.7,41.7,17.3,34.0,33,1.26,5508,0.83,1322,0.27,0.0
OLV_42_2284,Jaén,Tradicional,Secano,37.54,Picual,Reposo,Arcilloso,Malo,13.2,1975.9,548.0,58.4,117.7,10.5,51.6,53,1.95,5155,0.81,1276,0.31,0.0
OLV_42_2285,Sevilla,Intensivo,Riego,20.53,Picual,Reposo,Limoso,Malo,1.7,498.3,273.0,139.3,380.0,12.9,59.3,130,1.73,10820,0.84,1445,3.21,0.0232
OLV_42_2286,Granada,Tradicional,Secano,36.03,Picual,Engorde,Limoso,Moderado,2.5,2313.2,693.0,57.3,149.2,18.4,33.2,74,2.68,5740,0.78,1101,0.0,0.0
OLV_42_2287,Granada,Tradicional,Secano,43.16,Picual,Engorde,Arenoso,Malo,5.6,525.4,736.0,164.4,368.6,13.3,40.6,49,1.97,4893,0.8,1297,3.91,0.0
OLV_42_2288,Córdoba,Tradicional,Riego,47.67,Hojiblanca,Cuajado,Franco-arcilloso,Malo,2.2,1935.2,325.0,8.8,13.8,21.5,30.1,46,1.26,9276,0.81,1389,0.08,0.0
OLV_42_2289,Sevilla,Superintensivo,Riego,33.85,Hojiblanca,Cuajado,Arcilloso,Bueno,3.3,1173.6,0.0,106.3,337.5,25.7,55.1,62,1.17,12000,0.75,1776,3.62,0.1476
OLV_42_2290,Jaén,Tradicional,Secano,8.21,Picual,Floracion,Limoso,Malo,6.6,1827.8,536.0,147.4,380.0,17.4,66.1,135,1.59,5558,0.81,1252,3.06,0.2183
OLV_42_2291,Sevilla,Tradicional,Secano,23.71,Manzanilla,Engorde,Limoso,Malo,7.7,2293.6,132.0,142.4,380.0,19.0,57.7,37,0.93,5057,0.77,1317,3.57,0.2089
OLV_42_2292,Sevilla,Superintensivo,Riego,49.62,Picual,Cuajado,Limoso,Bueno,2.3,1714.7,107.0,89.5,265.1,20.9,52.5,87,1.79,12000,0.8,1756,1.92,0.0213
OLV_42_2293,Granada,Superintensivo,Riego,24.63,Arbequina,Floracion,Franco-arcilloso,Bueno,7.6,677.0,784.0,107.2,337.1,13.9,68.6,55,0.94,12000,0.88,2159,2.04,0.1573
OLV_42_2294,Jaén,Tradicional,Secano,15.61,Picual,Cuajado,Limoso,Moderado,2.5,849.4,560.0,30.4,102.3,16.4,45.7,51,2.95,5604,0.83,1132,1.42,0.0
OLV_42_2295,Málaga,Tradicional,Secano,11.53,Picual,Cuajado,Franco,Bueno,6.1,1964.4,61.0,87.9,230.8,10.4,29.2,72,1.6,4863,0.8,1152,0.93,0.0
OLV_42_2296,Sevilla,Tradicional,Secano,15.31,Hojiblanca,Brotacion,Franco-arcilloso,Moderado,12.1,1016.7,152.0,16.6,55.0,18.7,43.0,110,2.48,5526,0.84,1382,0.0,0.0
OLV_42_2297,Jaén,Tradicional,Riego,49.55,Picual,Engorde,Franco-arcilloso,Moderado,4.3,1681.6,466.0,29.5,69.0,19.2,46.3,110,2.61,8842,0.78,1268,0.0,0.0
OLV_42_2298,Málaga,Tradicional,Secano,49.52,Picual,Reposo,Limoso,Malo,6.1,1577.6,214.0,136.8,290.4,20.7,72.5,145,1.77,5838,0.83,1080,3.45,0.0
OLV_42_2299,Granada,Intensivo,Riego,38.01,Picual,Brotacion,Franco,Bueno,4.4,307.6,569.0,99.1,308.7,21.1,50.9,46,2.8,11832,0.83,1344,3.69,0.0
OLV_42_2300,Málaga,Intensivo,Secano,41.25,Picual,Brotacion,Limoso,Moderado,8.8,281.4,186.0,106.9,339.3,16.0,76.1,78,2.27,6698,0.8,1650,3.23,0.0147
OLV_42_2301,Sevilla,Intensivo,Riego,33.53,Manzanilla,Reposo,Limoso,Moderado,5.4,143.7,147.0,14.9,24.2,13.3,31.4,141,1.2,11314,0.75,1785,0.0,0.0
OLV_42_2302,Córdoba,Tradicional,Secano,5.74,Hojiblanca,Brotacion,Limoso,Malo,7.6,335.2,120.0,105.1,364.3,13.7,63.0,31,1.49,4705,0.79,1005,3.39,0.0673
OLV_42_2303,Jaén,Intensivo,Riego,24.0,Picual,Reposo,Limoso,Moderado,4.5,1090.6,384.0,99.4,243.3,14.5,59.2,37,1.84,11202,0.79,1523,3.2,0.0
OLV_42_2304,Sevilla,Superintensivo,Secano,7.0,Manzanilla,Cuajado,Franco-arcilloso,Malo,1.0,166.0,163.0,85.6,232.0,18.2,78.4,36,2.53,8434,0.78,1709,2.78,0.0843
OLV_42_2305,Málaga,Tradicional,Secano,12.84,Manzanilla,Brotacion,Franco,Moderado,6.6,1517.2,316.0,70.8,207.1,18.8,21.6,92,2.11,4751,0.8,1053,0.89,0.0
OLV_42_2306,Granada,Intensivo,Secano,3.42,Picual,Brotacion,Franco-arcilloso,Bueno,1.5,1677.8,570.0,49.5,82.1,11.7,24.3,98,2.0,6244,0.83,1503,0.0,0.0
OLV_42_2307,Jaén,Intensivo,Secano,25.36,Picual,Brotacion,Arenoso,Malo,7.3,2076.4,482.0,28.0,36.2,18.2,49.7,92,1.95,6393,0.79,1596,0.0,0.0
OLV_42_2308,Sevilla,Tradicional,Secano,23.43,Manzanilla,Cuajado,Limoso,Bueno,9.1,2094.9,140.0,107.1,180.4,23.0,33.0,44,2.71,4704,0.77,1409,2.33,0.0
OLV_42_2309,Málaga,Intensivo,Riego,18.48,Cornicabra,Reposo,Arenoso,Malo,10.2,2071.1,208.0,126.5,380.0,15.8,28.9,74,2.29,11205,0.8,1715,2.03,0.0
OLV_42_2310,Jaén,Tradicional,Secano,34.23,Picual,Brotacion,Arcilloso,Malo,11.8,794.2,631.0,180.6,364.2,13.3,70.7,76,2.4,4924,0.87,1386,3.42,0.0443
OLV_42_2311,Granada,Intensivo,Secano,28.8,Arbequina,Brotacion,Arcilloso,Bueno,5.1,355.5,691.0,46.2,51.2,17.1,43.6,30,1.47,6536,0.87,1571,1.6,0.0
OLV_42_2312,Córdoba,Tradicional,Secano,25.08,Picual,Brotacion,Franco,Malo,8.5,1137.5,290.0,72.4,243.9,20.2,36.5,57,2.08,5390,0.87,1302,1.36,0.0
OLV_42_2313,Málaga,Intensivo,Riego,44.72,Hojiblanca,Reposo,Franco,Moderado,2.8,1087.2,176.0,92.1,313.5,18.8,44.7,62,1.47,11612,0.8,1699,2.76,0.0
OLV_42_2314,Cadiz,Tradicional,Secano,11.64,Manzanilla,Brotacion,Franco,Malo,4.1,1337.5,126.0,75.5,306.8,16.8,49.9,32,2.68,5207,0.79,1023,2.61,0.0
OLV_42_2315,Jaén,Tradicional,Secano,37.92,Picual,Floracion,Limoso,Moderado,7.0,1651.4,666.0,103.7,261.7,16.3,46.1,117,2.75,5523,0.77,960,1.21,0.0542
OLV_42_2316,Jaén,Tradicional,Secano,27.92,Picual,Floracion,Limoso,Bueno,2.8,2230.8,492.0,13.4,46.7,11.7,21.8,122,2.44,5089,0.77,1335,0.0,0.0
OLV_42_2317,Córdoba,Tradicional,Secano,23.07,Manzanilla,Floracion,Franco,Moderado,3.1,342.9,185.0,106.1,255.8,14.9,57.8,55,1.38,4823,0.82,871,3.86,0.1603
OLV_42_2318,Granada,Intensivo,Riego,17.75,Hojiblanca,Engorde,Franco,Bueno,1.8,1619.9,724.0,82.7,234.0,16.7,34.2,97,2.03,10036,0.86,1416,1.25,0.0
OLV_42_2319,Málaga,Tradicional,Riego,17.63,Picual,Engorde,Franco-arcilloso,Bueno,9.2,299.5,328.0,54.4,63.4,14.5,45.6,92,2.37,9186,0.81,1427,0.0,0.0
OLV_42_2320,Córdoba,Intensivo,Riego,36.56,Hojiblanca,Cuajado,Franco-arcilloso,Malo,6.5,195.0,357.0,141.7,220.7,13.7,66.1,80,1.25,10470,0.85,1568,4.72,0.2388
OLV_42_2321,Granada,Intensivo,Secano,40.49,Picual,Reposo,Franco,Malo,1.8,150.4,673.0,39.7,95.6,11.3,79.6,118,2.34,6563,0.82,1120,2.0,0.0
OLV_42_2322,Córdoba,Tradicional,Riego,4.65,Picual,Engorde,Arenoso,Malo,3.9,2051.5,204.0,19.2,38.2,17.3,26.0,136,1.42,9763,0.85,1398,0.17,0.0
OLV_42_2323,Cadiz,Tradicional,Secano,12.98,Manzanilla,Reposo,Arcilloso,Bueno,1.5,337.3,22.0,24.3,69.0,19.5,46.5,120,1.41,5075,0.78,1161,0.0,0.0
OLV_42_2324,Málaga,Tradicional,Secano,30.87,Hojiblanca,Reposo,Limoso,Malo,12.3,1879.4,198.0,65.2,92.3,8.7,39.1,141,1.5,5083,0.81,1289,0.12,0.0
OLV_42_2325,Córdoba,Intensivo,Riego,46.34,Arbequina,Floracion,Limoso,Bueno,0.6,2385.3,228.0,287.1,380.0,16.4,53.0,148,2.11,12000,0.88,1438,4.16,0.1215
OLV_42_2326,Jaén,Intensivo,Riego,32.68,Picual,Brotacion,Arcilloso,Moderado,3.1,453.5,543.0,26.2,88.5,19.5,42.8,45,1.24,11663,0.89,1829,1.13,0.0
OLV_42_2327,Málaga,Tradicional,Secano,34.82,Arbequina,Brotacion,Franco-arcilloso,Bueno,7.5,1200.9,314.0,2.4,7.4,16.9,34.2,87,2.96,4890,0.87,1195,0.0,0.0
OLV_42_2328,Granada,Intensivo,Riego,29.2,Picual,Engorde,Franco-arcilloso,Bueno,9.8,1422.7,532.0,11.2,26.4,20.8,29.8,38,1.33,9544,0.89,1838,0.0,0.0
OLV_42_2329,Córdoba,Tradicional,Riego,20.55,Hojiblanca,Brotacion,Limoso,Malo,3.1,109.5,216.0,132.3,188.2,18.6,73.0,59,1.98,7950,0.82,1388,5.01,0.0397
OLV_42_2330,Granada,Tradicional,Riego,4.31,Hojiblanca,Cuajado,Limoso,Bueno,2.0,1572.5,655.0,151.0,380.0,9.1,54.8,36,1.41,8826,0.8,1295,5.15,0.2252
OLV_42_2331,Córdoba,Tradicional,Secano,6.23,Cornicabra,Cuajado,Limoso,Malo,6.4,650.4,216.0,132.2,218.4,21.3,73.3,145,1.61,5423,0.84,1254,2.39,0.1558
OLV_42_2332,Sevilla,Superintensivo,Riego,37.86,Hojiblanca,Engorde,Franco-arcilloso,Bueno,4.5,545.5,102.0,76.8,247.6,13.8,32.0,78,1.96,12000,0.77,1837,1.11,0.0
OLV_42_2333,Jaén,Tradicional,Secano,3.74,Picual,Brotacion,Franco-arcilloso,Malo,6.0,215.4,651.0,140.2,231.9,13.1,82.0,32,2.99,5268,0.81,1232,4.39,0.0843
OLV_42_2334,Sevilla,Tradicional,Secano,21.61,Arbequina,Engorde,Limoso,Malo,10.3,342.0,166.0,73.4,264.3,20.9,60.1,92,1.91,4987,0.81,1138,2.65,0.0
OLV_42_2335,Sevilla,Superintensivo,Riego,13.95,Manzanilla,Cuajado,Limoso,Moderado,3.9,516.9,256.0,217.4,380.0,25.4,52.2,100,2.76,12000,0.78,2137,2.65,0.191
OLV_42_2336,Córdoba,Tradicional,Secano,41.65,Hojiblanca,Cuajado,Franco-arcilloso,Moderado,1.5,139.2,381.0,303.7,380.0,10.3,73.3,58,2.89,5492,0.77,982,5.5,0.2978
OLV_42_2337,Granada,Tradicional,Secano,26.42,Arbequina,Cuajado,Franco,Malo,8.2,1516.6,729.0,74.9,187.9,15.0,55.2,95,1.08,4889,0.92,1277,1.72,0.0
OLV_42_2338,Córdoba,Tradicional,Secano,19.61,Picual,Reposo,Limoso,Moderado,3.7,124.9,333.0,119.3,219.3,16.9,80.1,66,2.78,5277,0.83,1207,4.05,0.0125
OLV_42_2339,Málaga,Tradicional,Secano,18.62,Hojiblanca,Engorde,Franco-arcilloso,Bueno,2.7,2099.1,137.0,87.9,270.2,16.1,38.1,71,2.7,5229,0.83,1232,1.34,0.0
OLV_42_2340,Granada,Tradicional,Secano,18.49,Hojiblanca,Floracion,Arcilloso,Malo,3.1,1501.2,509.0,37.9,122.2,15.1,59.7,103,1.89,5287,0.8,1139,0.94,0.0
OLV_42_2341,Córdoba,Tradicional,Secano,43.79,Picual,Engorde,Limoso,Moderado,13.3,76.8,321.0,62.0,125.0,16.9,41.2,82,2.59,5275,0.82,1327,0.65,0.0
OLV_42_2342,Granada,Intensivo,Secano,44.92,Hojiblanca,Cuajado,Arenoso,Moderado,3.8,1348.1,891.0,183.8,268.7,23.6,28.9,45,2.25,6310,0.81,1553,2.85,0.0268
OLV_42_2343,Málaga,Tradicional,Secano,18.04,Arbequina,Engorde,Arcilloso,Malo,5.5,1207.7,253.0,125.8,380.0,13.7,59.9,121,2.65,4962,0.91,972,3.87,0.0957
OLV_42_2344,Cadiz,Intensivo,Riego,2.4,Arbequina,Engorde,Arcilloso,Bueno,0.7,2140.8,114.0,37.6,100.3,18.5,38.4,73,1.4,10758,0.83,1525,0.0,0.0
OLV_42_2345,Cadiz,Superintensivo,Riego,31.92,Hojiblanca,Cuajado,Arcilloso,Bueno,5.7,234.1,31.0,51.9,172.7,21.8,60.2,82,2.87,12000,0.8,1816,1.8,0.0
OLV_42_2346,Córdoba,Tradicional,Riego,45.03,Hojiblanca,Floracion,Franco,Malo,9.5,2269.8,239.0,75.6,124.6,20.5,43.3,96,2.63,8350,0.76,1406,0.31,0.0
OLV_42_2347,Granada,Intensivo,Secano,16.35,Picual,Reposo,Limoso,Bueno,0.6,1223.0,710.0,258.5,380.0,19.4,72.4,136,1.51,7014,0.82,1556,3.74,0.0579
OLV_42_2348,Jaén,Tradicional,Secano,46.83,Hojiblanca,Cuajado,Arenoso,Moderado,2.8,2338.8,324.0,46.3,52.1,16.8,25.0,103,1.17,5396,0.77,1132,0.25,0.0
OLV_42_2349,Málaga,Intensivo,Riego,37.77,Arbequina,Engorde,Franco,Bueno,8.6,2028.6,225.0,17.5,22.5,21.3,34.3,105,2.42,9934,0.91,1780,0.74,0.0
OLV_42_2350,Jaén,Intensivo,Riego,19.18,Picual,Engorde,Franco-arcilloso,Malo,12.9,544.2,560.0,299.0,380.0,19.9,78.0,54,2.46,11002,0.84,1985,4.92,0.2115
OLV_42_2351,Jaén,Intensivo,Secano,27.29,Picual,Engorde,Franco,Bueno,7.4,2303.9,505.0,27.9,76.3,17.8,24.9,57,1.0,6024,0.86,1376,0.0,0.0
OLV_42_2352,Sevilla,Tradicional,Riego,16.4,Manzanilla,Cuajado,Arcilloso,Moderado,5.3,1222.1,203.0,85.2,293.1,12.0,69.9,73,2.48,9309,0.75,1483,3.45,0.0361
OLV_42_2353,Jaén,Tradicional,Riego,21.11,Picual,Cuajado,Franco,Bueno,5.3,336.6,579.0,58.7,220.9,17.5,28.9,125,2.89,8643,0.78,1365,0.68,0.0
OLV_42_2354,Cadiz,Tradicional,Secano,25.86,Picual,Cuajado,Arenoso,Moderado,7.4,443.6,221.0,114.4,316.3,15.2,23.5,130,2.44,4990,0.83,1097,1.63,0.0
OLV_42_2355,Jaén,Tradicional,Secano,42.19,Picual,Brotacion,Franco-arcilloso,Moderado,19.0,664.6,387.0,190.3,366.8,16.9,77.2,77,1.06,5491,0.77,1471,4.18,0.0611
OLV_42_2356,Sevilla,Intensivo,Secano,32.71,Manzanilla,Brotacion,Arenoso,Moderado,1.9,579.0,213.0,83.1,131.4,15.3,24.2,70,1.7,6412,0.72,1678,0.0,0.0
OLV_42_2357,Jaén,Tradicional,Secano,46.23,Picual,Reposo,Franco-arcilloso,Moderado,5.6,1219.4,461.0,195.1,380.0,23.1,72.6,58,1.14,5469,0.84,1293,4.14,0.042
OLV_42_2358,Cadiz,Tradicional,Secano,25.68,Hojiblanca,Cuajado,Franco,Malo,4.1,1581.6,0.0,33.0,47.1,16.8,36.4,120,2.85,5116,0.83,1146,0.0,0.0
OLV_42_2359,Cadiz,Intensivo,Riego,32.85,Manzanilla,Brotacion,Franco-arcilloso,Moderado,4.2,696.8,0.0,194.8,380.0,16.5,67.6,79,2.26,10720,0.71,1619,4.21,0.0742
OLV_42_2360,Córdoba,Tradicional,Secano,10.06,Arbequina,Reposo,Arcilloso,Moderado,2.8,574.7,481.0,268.7,380.0,14.9,68.5,135,0.88,4829,0.91,1111,3.35,0.0567
OLV_42_2361,Jaén,Intensivo,Secano,14.48,Picual,Engorde,Limoso,Malo,5.6,1820.1,523.0,18.4,67.5,20.0,53.5,64,1.32,6786,0.77,1451,0.5,0.0
OLV_42_2362,Granada,Tradicional,Secano,10.03,Picual,Brotacion,Franco,Malo,2.8,1466.5,663.0,7.7,20.9,16.9,31.4,121,0.81,5434,0.85,999,0.05,0.0
OLV_42_2363,Cadiz,Tradicional,Secano,37.13,Arbequina,Engorde,Franco,Bueno,7.4,796.0,50.0,15.6,28.2,21.1,25.7,81,1.57,5259,0.86,1148,0.0,0.0
OLV_42_2364,Córdoba,Superintensivo,Riego,36.87,Hojiblanca,Brotacion,Franco-arcilloso,Moderado,1.9,973.5,230.0,129.8,272.3,22.7,82.0,127,2.48,12000,0.78,2023,3.9,0.0384
OLV_42_2365,Jaén,Superintensivo,Secano,22.01,Picual,Floracion,Arenoso,Malo,9.4,712.6,504.0,171.1,249.7,13.0,25.1,49,1.79,8482,0.88,1790,2.27,0.0663
OLV_42_2366,Córdoba,Tradicional,Secano,36.79,Manzanilla,Floracion,Arcilloso,Moderado,3.0,1455.2,378.0,150.1,380.0,16.6,62.2,89,1.81,4917,0.76,1281,2.47,0.2334
OLV_42_2367,Granada,Tradicional,Secano,8.42,Hojiblanca,Brotacion,Franco-arcilloso,Malo,10.0,1516.5,774.0,58.5,147.8,14.6,46.1,77,1.03,4974,0.84,1415,1.84,0.0
OLV_42_2368,Jaén,Tradicional,Secano,21.58,Hojiblanca,Brotacion,Arcilloso,Moderado,6.4,730.0,584.0,43.6,48.6,14.4,41.9,109,2.14,4698,0.79,1270,0.35,0.0
OLV_42_2369,Málaga,Tradicional,Secano,24.09,Hojiblanca,Reposo,Franco-arcilloso,Moderado,11.6,880.4,121.0,7.9,29.9,22.5,37.5,33,1.81,4622,0.82,1057,0.54,0.0
OLV_42_2370,Córdoba,Tradicional,Secano,22.24,Hojiblanca,Floracion,Arenoso,Malo,11.8,2175.8,407.0,69.3,111.6,18.1,31.6,37,1.87,5141,0.84,1379,0.8,0.0
OLV_42_2371,Córdoba,Superintensivo,Riego,42.31,Picual,Engorde,Franco-arcilloso,Malo,0.0,35.8,406.0,146.9,380.0,20.8,82.0,145,2.31,12000,0.87,2080,3.59,0.2341
OLV_42_2372,Cadiz,Superintensivo,Secano,17.44,Picual,Floracion,Limoso,Bueno,0.0,1333.1,41.0,69.5,102.8,12.1,52.6,126,1.2,8784,0.75,1534,0.64,0.0
OLV_42_2373,Córdoba,Tradicional,Secano,39.99,Picual,Cuajado,Limoso,Bueno,8.3,1049.1,504.0,123.0,215.5,16.6,55.8,37,1.82,5463,0.81,1074,4.06,0.0946
OLV_42_2374,Jaén,Tradicional,Secano,20.39,Picual,Cuajado,Arcilloso,Bueno,9.7,1700.3,453.0,199.3,380.0,19.7,59.7,131,0.92,5381,0.79,1260,3.49,0.1414
OLV_42_2375,Sevilla,Superintensivo,Riego,47.25,Manzanilla,Reposo,Franco-arcilloso,Moderado,0.0,215.8,219.0,25.6,78.9,12.9,60.2,55,1.03,11926,0.73,1699,0.22,0.0
OLV_42_2376,Sevilla,Tradicional,Secano,13.57,Hojiblanca,Brotacion,Franco-arcilloso,Moderado,14.5,1685.8,194.0,91.4,139.2,14.4,63.1,46,1.21,5059,0.76,1231,2.26,0.0
OLV_42_2377,Córdoba,Intensivo,Secano,5.19,Arbequina,Brotacion,Franco-arcilloso,Moderado,1.4,676.1,168.0,308.6,380.0,13.5,61.8,31,2.67,6727,0.89,1452,4.65,0.1509
OLV_42_2378,Jaén,Tradicional,Secano,32.7,Picual,Engorde,Arcilloso,Moderado,4.4,1198.4,579.0,33.8,61.6,8.3,62.1,47,2.93,5264,0.74,1045,0.97,0.0
OLV_42_2379,Sevilla,Tradicional,Riego,49.18,Manzanilla,Cuajado,Arcilloso,Malo,3.2,345.4,136.0,272.8,380.0,13.6,76.3,74,2.56,9352,0.81,1370,4.38,0.3805
OLV_42_2380,Jaén,Tradicional,Secano,10.21,Picual,Brotacion,Franco-arcilloso,Bueno,8.1,1941.7,574.0,83.9,217.0,15.9,40.8,94,2.46,4963,0.79,1083,0.4,0.0
OLV_42_2381,Sevilla,Tradicional,Secano,5.24,Hojiblanca,Floracion,Limoso,Bueno,12.7,1536.9,323.0,27.1,63.2,21.4,23.0,95,1.41,5053,0.76,1277,0.44,0.0
OLV_42_2382,Jaén,Tradicional,Riego,28.06,Picual,Engorde,Arenoso,Moderado,6.1,501.8,660.0,324.6,380.0,21.7,60.7,129,2.06,8570,0.8,1622,3.59,0.0986
OLV_42_2383,Sevilla,Tradicional,Secano,21.84,Manzanilla,Cuajado,Franco-arcilloso,Moderado,7.1,332.4,180.0,315.1,380.0,21.1,78.4,136,2.93,5093,0.76,1190,3.66,0.1685
OLV_42_2384,Granada,Intensivo,Secano,25.76,Hojiblanca,Brotacion,Franco,Malo,6.3,36.4,783.0,54.3,150.6,14.1,82.0,93,1.18,6138,0.75,1607,0.77,0.0
OLV_42_2385,Málaga,Superintensivo,Secano,25.47,Arbequina,Brotacion,Franco,Moderado,3.2,921.4,323.0,86.9,273.4,13.2,40.4,57,2.72,8405,0.91,1669,2.64,0.0
OLV_42_2386,Córdoba,Tradicional,Secano,12.09,Hojiblanca,Engorde,Limoso,Moderado,5.6,540.3,354.0,248.0,380.0,19.5,73.0,66,2.49,5259,0.81,1246,3.18,0.1419
OLV_42_2387,Cadiz,Tradicional,Secano,7.52,Manzanilla,Cuajado,Franco,Malo,2.8,595.2,58.0,32.7,80.1,15.0,47.6,88,2.06,4758,0.76,910,0.91,0.0
OLV_42_2388,Cadiz,Tradicional,Secano,31.56,Hojiblanca,Engorde,Limoso,Bueno,6.8,661.7,0.0,103.4,233.4,18.2,58.1,54,2.23,5018,0.8,1069,2.75,0.0175
OLV_42_2389,Jaén,Intensivo,Secano,32.25,Picual,Cuajado,Arenoso,Bueno,7.6,651.6,506.0,42.6,66.1,17.1,19.8,111,1.81,6266,0.84,1528,0.0,0.0
OLV_42_2390,Granada,Tradicional,Secano,31.41,Picual,Brotacion,Arcilloso,Malo,6.9,1657.0,693.0,310.2,380.0,15.1,82.0,97,2.22,5315,0.8,1061,5.3,0.1534
OLV_42_2391,Málaga,Tradicional,Secano,22.66,Hojiblanca,Reposo,Arenoso,Bueno,2.1,544.2,197.0,17.7,50.3,15.2,25.6,130,1.52,5718,0.84,1095,0.0,0.0
OLV_42_2392,Jaén,Tradicional,Secano,12.52,Picual,Brotacion,Franco-arcilloso,Malo,12.6,1725.9,595.0,46.5,77.0,22.1,35.6,138,1.49,5049,0.74,1367,0.22,0.0
OLV_42_2393,Málaga,Tradicional,Riego,45.37,Arbequina,Reposo,Franco-arcilloso,Bueno,3.6,1507.5,350.0,18.4,36.7,14.5,38.6,64,2.67,7886,0.86,1315,0.15,0.0
OLV_42_2394,Jaén,Intensivo,Secano,25.53,Picual,Engorde,Franco-arcilloso,Malo,9.4,461.5,510.0,172.9,296.9,13.5,75.1,100,1.74,6559,0.8,1233,4.55,0.1272
OLV_42_2395,Málaga,Superintensivo,Riego,14.47,Hojiblanca,Floracion,Franco,Malo,4.2,643.3,277.0,76.8,118.1,17.9,63.7,66,0.93,12000,0.84,2030,2.43,0.0
OLV_42_2396,Cadiz,Tradicional,Riego,47.96,Hojiblanca,Cuajado,Arcilloso,Malo,2.5,488.8,165.0,191.1,365.2,17.2,82.0,67,2.77,8825,0.78,1415,4.85,0.2901
OLV_42_2397,Jaén,Tradicional,Secano,49.59,Picual,Cuajado,Franco-arcilloso,Bueno,16.5,122.3,440.0,26.2,52.9,22.2,39.8,94,2.32,4676,0.81,1408,0.64,0.0
OLV_42_2398,Sevilla,Superintensivo,Riego,15.28,Manzanilla,Floracion,Arcilloso,Moderado,0.0,198.2,177.0,253.0,380.0,12.9,82.0,73,2.14,12000,0.78,1694,4.81,0.4919
OLV_42_2399,Sevilla,Tradicional,Secano,5.94,Hojiblanca,Reposo,Limoso,Malo,6.2,89.7,157.0,161.3,380.0,18.3,78.4,35,0.86,5628,0.84,1458,4.95,0.0648
OLV_42_2400,Jaén,Tradicional,Secano,13.52,Hojiblanca,Reposo,Franco,Bueno,4.7,1014.8,297.0,27.4,80.2,17.2,31.9,56,1.93,4840,0.78,1013,0.3,0.0
OLV_42_2401,Córdoba,Tradicional,Secano,23.13,Arbequina,Engorde,Franco,Bueno,8.9,978.5,368.0,177.7,258.3,16.7,56.7,99,2.96,5547,0.88,1217,2.99,0.0273
OLV_42_2402,Sevilla,Intensivo,Riego,45.94,Manzanilla,Cuajado,Franco-arcilloso,Malo,14.4,2354.4,108.0,129.9,330.0,14.0,61.2,40,2.42,10922,0.78,1831,3.51,0.2891
OLV_42_2403,Granada,Tradicional,Riego,26.41,Arbequina,Cuajado,Franco-arcilloso,Malo,5.6,1427.7,523.0,47.6,137.4,15.9,52.8,59,2.91,8209,0.95,1302,1.93,0.0
OLV_42_2404,Sevilla,Superintensivo,Riego,24.31,Hojiblanca,Floracion,Arenoso,Malo,7.5,2028.9,107.0,13.1,49.5,17.4,47.0,38,2.94,12000,0.77,2178,0.0,0.0
OLV_42_2405,Córdoba,Tradicional,Riego,49.27,Cornicabra,Engorde,Arcilloso,Malo,3.3,2304.2,309.0,15.7,37.5,26.4,49.6,137,2.04,10566,0.82,1203,0.21,0.0
OLV_42_2406,Sevilla,Intensivo,Riego,16.47,Hojiblanca,Floracion,Limoso,Bueno,6.8,431.3,131.0,73.5,250.1,10.7,43.7,92,2.25,9690,0.78,1577,0.49,0.0
OLV_42_2407,Málaga,Intensivo,Riego,30.7,Manzanilla,Reposo,Limoso,Bueno,2.5,164.6,218.0,101.6,349.6,19.5,58.2,79,1.48,11102,0.8,1465,3.12,0.0
OLV_42_2408,Sevilla,Tradicional,Secano,16.49,Manzanilla,Cuajado,Franco,Bueno,10.7,1516.4,91.0,73.3,217.1,14.1,33.0,81,1.54,4487,0.77,1273,1.02,0.0
OLV_42_2409,Málaga,Tradicional,Secano,23.54,Hojiblanca,Engorde,Limoso,Malo,16.3,875.5,213.0,154.3,380.0,10.1,56.9,55,0.94,4609,0.75,1338,2.2,0.1443
OLV_42_2410,Cadiz,Tradicional,Riego,25.22,Picual,Engorde,Arcilloso,Bueno,7.3,1357.8,27.0,64.8,171.5,13.5,38.7,87,2.94,44225,0.79,1544,1.44,0.0
OLV_42_2411,Málaga,Tradicional,Riego,12.79,Arbequina,Floracion,Franco-arcilloso,Malo,4.4,679.7,226.0,53.8,155.6,17.5,65.7,59,0.95,8415,0.85,1104,2.28,0.0
OLV_42_2412,Jaén,Tradicional,Riego,38.79,Picual,Floracion,Franco,Malo,3.0,104.5,455.0,132.7,314.7,19.5,58.5,83,2.02,9639,0.82,1269,4.21,0.1765
OLV_42_2413,Jaén,Tradicional,Secano,30.75,Cornicabra,Engorde,Arenoso,Moderado,6.0,1113.3,496.0,19.9,24.9,22.5,25.6,100,1.38,5043,0.85,1116,0.09,0.0
OLV_42_2414,Granada,Intensivo,Riego,2.86,Picual,Cuajado,Franco-arcilloso,Bueno,3.5,215.5,653.0,52.0,69.1,22.7,47.8,107,2.25,11230,0.79,1596,0.67,0.0
OLV_42_2415,Cadiz,Intensivo,Riego,29.61,Manzanilla,Cuajado,Franco,Malo,7.4,1006.1,89.0,105.1,341.4,23.1,78.9,76,1.92,10856,0.78,2006,4.68,0.1647
OLV_42_2416,Sevilla,Tradicional,Secano,4.86,Hojiblanca,Floracion,Arcilloso,Moderado,8.4,1319.0,143.0,301.4,380.0,17.9,82.0,57,2.81,4928,0.8,1312,2.43,0.3231
OLV_42_2417,Málaga,Intensivo,Riego,39.7,Hojiblanca,Brotacion,Franco,Bueno,2.8,1521.3,215.0,135.9,289.4,13.5,52.3,98,2.73,12000,0.84,1607,3.03,0.0441
OLV_42_2418,Málaga,Superintensivo,Secano,48.55,Picual,Reposo,Arenoso,Moderado,0.0,60.0,338.0,76.7,124.2,18.5,25.1,111,0.98,8485,0.85,1558,0.39,0.0
OLV_42_2419,Jaén,Tradicional,Secano,19.22,Picual,Brotacion,Franco-arcilloso,Bueno,4.1,364.3,659.0,40.6,128.9,16.4,59.9,81,1.48,4777,0.8,1175,0.7,0.0
OLV_42_2420,Granada,Tradicional,Secano,30.12,Picual,Cuajado,Franco,Malo,3.3,2211.1,541.0,104.4,233.8,8.0,47.1,73,2.45,5569,0.79,1099,2.96,0.0868
OLV_42_2421,Sevilla,Intensivo,Riego,38.84,Picual,Floracion,Franco,Moderado,1.8,24.4,11.0,53.3,199.7,8.0,82.0,141,0.92,10985,0.78,1666,1.06,0.0
OLV_42_2422,Jaén,Tradicional,Secano,4.41,Picual,Reposo,Limoso,Malo,6.8,666.3,302.0,158.9,380.0,15.3,82.0,64,1.13,5028,0.79,1095,4.9,0.0362
OLV_42_2423,Jaén,Tradicional,Secano,41.45,Picual,Engorde,Franco-arcilloso,Malo,4.0,1277.3,784.0,88.0,160.5,20.6,82.0,106,1.45,5512,0.84,1316,2.79,0.0
OLV_42_2424,Cadiz,Superintensivo,Riego,40.14,Manzanilla,Engorde,Arenoso,Bueno,0.0,2070.4,197.0,25.3,84.0,15.4,19.0,76,1.6,12000,0.82,1972,0.02,0.0
OLV_42_2425,Jaén,Tradicional,Riego,12.08,Picual,Reposo,Franco-arcilloso,Bueno,6.8,1751.2,644.0,140.4,226.4,17.1,108.6,71,2.17,9721,0.78,1254,3.45,0.0
OLV_42_2426,Sevilla,Intensivo,Secano,16.17,Manzanilla,Brotacion,Franco,Moderado,3.4,643.0,192.0,50.9,84.4,20.5,41.7,118,1.63,6697,0.81,1341,0.27,0.0
OLV_42_2427,Jaén,Tradicional,Secano,30.16,Picual,Cuajado,Limoso,Moderado,6.4,801.0,434.0,133.4,376.1,14.3,71.8,137,2.74,5300,0.8,1021,4.06,0.1111
OLV_42_2428,Córdoba,Tradicional,Riego,30.33,Hojiblanca,Floracion,Franco,Bueno,1.3,1263.1,180.0,137.1,268.1,17.3,42.2,102,1.23,8245,0.82,1094,3.04,0.0362
OLV_42_2429,Jaén,Tradicional,Secano,2.08,Picual,Floracion,Franco,Bueno,6.3,544.7,565.0,116.7,283.4,18.1,56.0,100,2.38,5010,0.8,1179,2.98,0.1043
OLV_42_2430,Córdoba,Tradicional,Secano,40.01,Picual,Engorde,Franco-arcilloso,Bueno,3.4,591.8,258.0,185.5,380.0,13.4,78.1,113,2.54,5739,0.79,1276,4.41,0.1035
OLV_42_2431,Málaga,Superintensivo,Secano,27.56,Picual,Cuajado,Arenoso,Bueno,22.0,1299.4,222.0,77.5,287.7,22.4,19.5,70,2.67,8651,0.83,2462,1.05,0.0
OLV_42_2432,Córdoba,Tradicional,Riego,22.13,Cornicabra,Cuajado,Franco-arcilloso,Moderado,3.8,58.9,361.0,236.0,380.0,15.5,79.0,66,2.03,7492,0.82,1383,4.14,0.2664
OLV_42_2433,Jaén,Tradicional,Riego,6.72,Hojiblanca,Engorde,Arcilloso,Bueno,6.1,1398.2,587.0,122.7,380.0,17.5,64.1,58,1.2,8453,0.8,1449,3.66,0.1361
OLV_42_2434,Sevilla,Tradicional,Secano,31.86,Manzanilla,Brotacion,Arcilloso,Malo,2.4,1784.2,90.0,191.8,380.0,15.2,78.8,52,2.6,5130,0.73,1217,4.43,0.1156
OLV_42_2435,Sevilla,Tradicional,Secano,35.69,Arbequina,Engorde,Franco-arcilloso,Malo,3.8,724.8,30.0,97.8,370.6,10.2,62.4,80,1.45,4925,0.88,1095,4.19,0.0331
OLV_42_2436,Sevilla,Tradicional,Riego,17.72,Manzanilla,Cuajado,Franco,Moderado,3.2,1447.4,201.0,101.3,156.2,22.8,54.5,97,1.43,8529,0.74,1188,2.25,0.0
OLV_42_2437,Málaga,Superintensivo,Secano,29.69,Picual,Cuajado,Limoso,Moderado,6.0,34.8,111.0,276.4,380.0,9.6,65.5,40,0.85,7925,0.84,1821,5.2,0.55
OLV_42_2438,Málaga,Tradicional,Secano,31.57,Manzanilla,Brotacion,Franco-arcilloso,Bueno,4.5,413.8,310.0,62.0,131.3,15.6,33.7,146,1.62,5004,0.78,1182,0.23,0.0
OLV_42_2439,Córdoba,Tradicional,Secano,3.55,Picual,Cuajado,Arenoso,Moderado,6.5,923.0,337.0,361.5,380.0,18.9,52.1,96,1.8,5196,0.83,967,2.56,0.1132
OLV_42_2440,Jaén,Intensivo,Secano,36.12,Hojiblanca,Brotacion,Arcilloso,Moderado,6.7,2294.0,519.0,320.0,380.0,12.9,78.1,94,1.82,6179,0.77,1459,4.73,0.1492
OLV_42_2441,Córdoba,Tradicional,Secano,2.48,Hojiblanca,Brotacion,Limoso,Bueno,2.5,926.2,317.0,24.7,29.7,24.6,23.8,42,2.78,5493,0.79,1258,0.56,0.0
OLV_42_2442,Cadiz,Intensivo,Riego,12.39,Arbequina,Brotacion,Franco-arcilloso,Malo,5.8,1323.7,136.0,15.9,25.6,12.5,36.0,102,2.36,11763,0.88,1649,0.52,0.0
OLV_42_2443,Jaén,Tradicional,Riego,4.55,Picual,Cuajado,Limoso,Bueno,7.5,1072.6,495.0,48.3,120.9,9.9,19.0,33,1.46,8078,0.85,1279,0.26,0.0
OLV_42_2444,Jaén,Tradicional,Secano,36.08,Picual,Floracion,Limoso,Moderado,5.6,90.8,306.0,106.7,186.1,14.7,56.8,116,1.22,5036,0.81,1088,2.86,0.0742
OLV_42_2445,Sevilla,Tradicional,Riego,14.66,Hojiblanca,Engorde,Limoso,Moderado,3.4,862.6,209.0,42.6,150.6,14.5,40.7,47,2.12,9444,0.81,1156,1.72,0.0
OLV_42_2446,Sevilla,Intensivo,Riego,33.18,Hojiblanca,Reposo,Arcilloso,Bueno,5.5,235.0,250.0,208.1,380.0,17.4,52.0,123,1.39,51405,0.78,1473,3.46,0.0
OLV_42_2447,Jaén,Intensivo,Riego,12.7,Picual,Floracion,Franco-arcilloso,Moderado,5.6,428.5,472.0,104.3,147.8,15.6,52.4,101,1.55,11879,0.84,1523,3.07,0.0
OLV_42_2448,Jaén,Tradicional,Secano,12.59,Picual,Cuajado,Franco-arcilloso,Moderado,3.2,543.0,446.0,128.6,355.8,15.6,82.0,59,2.46,4837,0.83,1094,3.78,0.2216
OLV_42_2449,Cadiz,Intensivo,Riego,21.17,Manzanilla,Engorde,Arenoso,Moderado,1.0,2373.2,149.0,44.4,122.5,16.6,20.2,111,2.29,10990,0.76,1643,0.0,0.0
OLV_42_2450,Granada,Tradicional,Secano,28.53,Picual,Engorde,Arcilloso,Malo,3.0,162.3,547.0,59.5,81.5,13.8,65.4,30,2.81,5017,0.86,1140,1.38,0.0
OLV_42_2451,Córdoba,Intensivo,Riego,12.71,Picual,Brotacion,Arcilloso,Bueno,10.2,879.5,428.0,111.4,354.0,19.6,78.3,85,2.54,9691,0.79,1909,3.24,0.1106
OLV_42_2452,Cadiz,Tradicional,Riego,18.76,Manzanilla,Floracion,Arenoso,Bueno,8.6,126.9,114.0,135.1,160.2,24.3,29.1,134,2.67,7805,0.78,1403,1.35,0.0
OLV_42_2453,Sevilla,Intensivo,Riego,35.86,Picual,Engorde,Limoso,Moderado,0.0,331.5,181.0,165.5,380.0,8.0,52.1,71,2.47,11804,0.8,1503,2.52,0.1346
OLV_42_2454,Sevilla,Superintensivo,Riego,11.46,Picual,Reposo,Franco,Bueno,3.8,1638.2,181.0,60.6,65.9,17.5,27.0,145,2.72,12000,0.83,1950,0.94,0.0
OLV_42_2455,Córdoba,Tradicional,Secano,40.38,Arbequina,Cuajado,Arenoso,Malo,1.9,1568.3,422.0,15.7,76.4,22.3,44.5,135,2.4,4544,0.88,1081,0.04,0.0
OLV_42_2456,Córdoba,Intensivo,Secano,4.83,Cornicabra,Cuajado,Franco-arcilloso,Bueno,3.1,1844.5,550.0,75.0,159.6,14.5,29.1,61,2.68,6600,0.88,1393,2.0,0.0
OLV_42_2457,Jaén,Superintensivo,Secano,49.48,Picual,Engorde,Arenoso,Moderado,7.4,1211.9,448.0,17.9,22.9,18.4,26.7,90,1.6,8780,0.83,1804,0.0,0.0
OLV_42_2458,Sevilla,Superintensivo,Riego,13.56,Picual,Cuajado,Arcilloso,Moderado,10.5,1647.4,196.0,33.2,53.8,15.8,37.0,117,1.94,12000,0.8,2169,0.0,0.0
OLV_42_2459,Málaga,Tradicional,Secano,4.89,Hojiblanca,Brotacion,Limoso,Malo,7.0,461.6,57.0,138.6,311.2,18.5,73.4,115,2.96,5133,0.85,1221,2.8,0.0276
OLV_42_2460,Jaén,Intensivo,Secano,33.2,Arbequina,Engorde,Franco,Bueno,4.2,1239.8,540.0,17.3,26.0,18.8,33.0,99,0.98,5868,0.88,1263,0.0,0.0
OLV_42_2461,Sevilla,Tradicional,Secano,21.18,Manzanilla,Engorde,Arenoso,Malo,6.5,246.7,243.0,12.5,17.5,12.2,32.1,101,0.88,4643,0.77,1349,0.82,0.0
OLV_42_2462,Córdoba,Tradicional,Riego,7.19,Arbequina,Cuajado,Arcilloso,Bueno,1.0,934.3,209.0,51.0,115.2,27.6,54.2,90,1.01,8525,0.84,1089,1.22,0.0
OLV_42_2463,Jaén,Tradicional,Secano,48.14,Picual,Brotacion,Limoso,Malo,3.1,1331.0,522.0,5.0,17.4,10.5,35.7,134,2.86,5633,0.83,1232,0.0,0.0
OLV_42_2464,Granada,Intensivo,Riego,19.57,Manzanilla,Cuajado,Franco-arcilloso,Malo,4.3,1411.5,655.0,85.0,302.0,12.5,70.6,66,2.08,10329,0.72,1888,3.69,0.0
OLV_42_2465,Córdoba,Tradicional,Riego,47.02,Hojiblanca,Reposo,Franco-arcilloso,Malo,3.0,1378.9,478.0,53.1,134.9,19.7,67.9,143,0.82,9138,0.84,1240,1.71,0.0
OLV_42_2466,Granada,Intensivo,Secano,34.36,Picual,Floracion,Franco,Bueno,7.9,1500.0,544.0,221.8,380.0,18.0,55.2,36,1.37,6431,0.81,1532,4.18,0.1926
OLV_42_2467,Granada,Tradicional,Secano,39.09,Manzanilla,Floracion,Limoso,Bueno,3.1,1145.3,473.0,70.1,117.8,16.4,46.6,115,2.41,4785,0.74,1071,0.77,0.0
OLV_42_2468,Granada,Intensivo,Secano,17.94,Hojiblanca,Brotacion,Franco-arcilloso,Moderado,2.1,82.7,453.0,161.1,380.0,16.6,80.5,58,1.04,6833,0.8,1280,5.5,0.1635
OLV_42_2469,Sevilla,Intensivo,Secano,47.42,Hojiblanca,Engorde,Arenoso,Malo,1.1,2269.4,234.0,27.1,67.2,21.9,22.4,83,2.26,7008,0.78,1631,0.0,0.0
OLV_42_2470,Jaén,Tradicional,Secano,10.66,Hojiblanca,Brotacion,Limoso,Malo,3.9,1227.4,549.0,123.4,238.1,18.0,61.0,95,2.42,4920,0.83,1219,3.65,0.0646
OLV_42_2471,Granada,Tradicional,Riego,49.11,Arbequina,Reposo,Arcilloso,Malo,11.2,685.7,712.0,313.7,380.0,13.2,70.6,79,2.98,8903,0.85,1536,3.33,0.0578
OLV_42_2472,Jaén,Tradicional,Secano,41.36,Picual,Floracion,Arenoso,Bueno,4.4,146.0,696.0,211.9,356.0,12.8,25.9,32,2.42,5136,0.83,1106,2.06,0.0306
OLV_42_2473,Sevilla,Tradicional,Secano,31.83,Picual,Brotacion,Limoso,Moderado,4.4,385.3,211.0,66.6,151.3,16.3,60.8,78,1.19,4979,0.81,1171,1.68,0.0
OLV_42_2474,Málaga,Intensivo,Riego,31.94,Cornicabra,Floracion,Arcilloso,Bueno,5.1,859.6,244.0,10.6,15.6,21.0,33.2,142,1.47,11426,0.88,1616,0.0,0.0
OLV_42_2475,Sevilla,Tradicional,Riego,3.69,Picual,Reposo,Limoso,Malo,1.7,2028.3,165.0,67.0,119.4,26.4,65.1,97,1.5,9714,0.82,1206,1.18,0.0
OLV_42_2476,Córdoba,Tradicional,Secano,35.14,Hojiblanca,Cuajado,Franco-arcilloso,Malo,1.5,33.4,454.0,130.2,335.2,15.3,82.0,43,2.94,4906,0.78,941,4.04,0.2228
OLV_42_2477,Jaén,Tradicional,Riego,19.03,Picual,Cuajado,Arenoso,Moderado,6.0,1853.7,538.0,74.2,185.6,12.6,31.6,73,0.97,9968,0.83,1562,1.12,0.0
OLV_42_2478,Córdoba,Intensivo,Secano,45.54,Cornicabra,Engorde,Limoso,Malo,2.7,328.4,155.0,129.4,380.0,16.8,71.6,144,1.58,6811,0.82,1581,3.7,0.1075
OLV_42_2479,Córdoba,Intensivo,Secano,32.56,Picual,Cuajado,Limoso,Malo,5.2,1701.6,180.0,43.6,60.3,22.1,31.6,75,2.75,6481,0.83,1449,0.78,0.0
OLV_42_2480,Jaén,Tradicional,Riego,37.91,Picual,Cuajado,Franco,Malo,3.0,1721.2,422.0,46.2,122.1,19.3,45.2,115,1.48,8839,0.84,1457,0.21,0.0
OLV_42_2481,Sevilla,Intensivo,Riego,26.26,Manzanilla,Brotacion,Arenoso,Malo,10.7,2381.4,34.0,246.5,380.0,14.8,43.4,34,1.87,11348,0.82,1824,2.6,0.0188
OLV_42_2482,Granada,Tradicional,Riego,49.37,Picual,Brotacion,Franco,Malo,2.3,1930.9,492.0,190.2,376.7,14.5,64.2,148,1.2,9481,0.84,1118,3.82,0.0473
OLV_42_2483,Granada,Tradicional,Secano,47.51,Picual,Cuajado,Franco,Moderado,6.1,904.6,703.0,99.3,353.2,20.5,41.7,70,1.89,5221,0.8,1289,1.63,0.0
OLV_42_2484,Sevilla,Tradicional,Secano,13.24,Arbequina,Cuajado,Franco,Moderado,3.0,1272.7,0.0,80.8,233.4,23.4,49.1,56,2.13,5111,0.89,1080,2.01,0.0
OLV_42_2485,Granada,Intensivo,Riego,3.49,Hojiblanca,Cuajado,Arcilloso,Bueno,6.5,1204.8,743.0,83.2,181.8,25.0,46.0,110,0.81,10410,0.8,1589,2.02,0.0
OLV_42_2486,Granada,Tradicional,Riego,12.63,Hojiblanca,Engorde,Franco-arcilloso,Bueno,6.0,1206.5,651.0,117.0,320.2,21.1,53.6,130,2.5,9031,0.81,1165,3.42,0.0
OLV_42_2487,Jaén,Tradicional,Secano,20.57,Hojiblanca,Floracion,Arcilloso,Malo,16.6,1265.6,615.0,38.1,135.7,18.8,31.2,38,2.91,4670,0.0,1416,1.45,0.0
OLV_42_2488,Málaga,Tradicional,Secano,3.42,Arbequina,Cuajado,Limoso,Moderado,2.0,355.8,377.0,125.4,380.0,17.6,82.0,138,2.36,5438,0.89,1215,3.13,0.082
OLV_42_2489,Jaén,Tradicional,Riego,36.5,Picual,Cuajado,Franco-arcilloso,Malo,10.5,531.4,452.0,122.4,254.4,19.9,71.0,107,2.93,7774,0.86,1519,3.4,0.1389
OLV_42_2490,Jaén,Tradicional,Secano,16.61,Picual,Cuajado,Arenoso,Malo,3.3,636.9,556.0,129.0,151.6,12.4,34.1,135,1.21,5372,0.83,1071,1.14,0.0
OLV_42_2491,Málaga,Intensivo,Secano,23.45,Manzanilla,Cuajado,Limoso,Moderado,3.4,1086.3,395.0,67.7,72.7,12.6,40.8,62,2.73,6408,0.83,1445,1.16,0.0
OLV_42_2492,Jaén,Tradicional,Secano,6.4,Picual,Floracion,Franco-arcilloso,Moderado,4.0,456.1,630.0,30.2,35.2,13.0,63.2,144,1.39,5497,0.84,1170,0.93,0.0
OLV_42_2493,Cadiz,Superintensivo,Riego,48.61,Arbequina,Brotacion,Limoso,Malo,4.8,645.1,148.0,39.2,75.5,13.2,52.6,51,1.0,12000,0.89,2080,1.0,0.0
OLV_42_2494,Cadiz,Superintensivo,Riego,9.88,Manzanilla,Reposo,Arenoso,Bueno,5.5,1377.3,63.0,135.4,380.0,19.7,18.0,102,1.18,12000,0.76,1967,2.09,0.0
OLV_42_2495,Jaén,Tradicional,Secano,15.58,Picual,Reposo,Arenoso,Bueno,7.2,1966.3,467.0,56.2,200.3,11.2,18.4,77,2.04,5093,0.82,1331,0.96,0.0
OLV_42_2496,Córdoba,Intensivo,Secano,42.26,Picual,Brotacion,Arcilloso,Malo,2.8,539.5,320.0,35.9,107.4,14.8,62.8,63,1.39,6294,0.81,1421,1.98,0.0
OLV_42_2497,Córdoba,Intensivo,Secano,12.1,Cornicabra,Engorde,Franco,Bueno,1.1,2399.2,383.0,42.0,128.8,19.2,38.2,118,1.68,6591,0.84,1459,0.35,0.0
OLV_42_2498,Córdoba,Tradicional,Secano,40.46,Picual,Cuajado,Franco-arcilloso,Bueno,6.3,1863.6,385.0,93.2,207.7,10.7,36.7,58,2.66,5061,0.81,1239,1.48,0.0
OLV_42_2499,Granada,Tradicional,Secano,18.25,Hojiblanca,Cuajado,Franco,Malo,1.9,1462.1,652.0,160.8,265.9,15.4,62.7,42,1.65,5026,0.86,1245,4.88,0.2568
OLV_42_2500,Jaén,Tradicional,Secano,31.49,Hojiblanca,Floracion,Arcilloso,Malo,4.3,472.2,379.0,271.4,380.0,13.2,58.4,146,2.87,4781,0.83,1016,4.35,0.2484
OLV_42_2501,Málaga,Tradicional,Secano,12.55,Hojiblanca,Engorde,Limoso,Moderado,12.0,272.5,292.0,20.9,70.5,19.2,27.9,65,1.93,5061,0.8,1239,0.0,0.0
OLV_42_2502,Jaén,Tradicional,Secano,15.76,Picual,Reposo,Arenoso,Moderado,5.7,1818.6,599.0,39.5,73.9,19.7,34.8,127,1.87,5609,0.88,1273,0.0,0.0
OLV_42_2503,Córdoba,Tradicional,Riego,48.43,Picual,Reposo,Limoso,Moderado,2.7,374.1,302.0,198.6,253.9,11.6,62.1,116,2.99,9794,0.81,1232,4.2,0.0156
OLV_42_2504,Cadiz,Tradicional,Riego,27.9,Manzanilla,Reposo,Limoso,Bueno,6.3,763.5,80.0,88.4,136.9,22.2,53.1,73,2.4,9883,0.71,1567,2.85,0.0
OLV_42_2505,Granada,Intensivo,Riego,25.05,Picual,Engorde,Limoso,Malo,5.2,1383.9,584.0,66.4,149.3,11.3,58.9,138,0.87,11556,0.81,1682,2.18,0.0
OLV_42_2506,Málaga,Tradicional,Secano,22.58,Hojiblanca,Cuajado,Arcilloso,Moderado,5.6,513.4,335.0,62.2,207.8,16.2,61.7,61,1.73,5210,0.78,1101,1.73,0.0
OLV_42_2507,Jaén,Tradicional,Secano,32.96,Picual,Brotacion,Franco,Malo,6.3,329.5,705.0,41.8,140.9,20.0,53.5,118,1.61,5185,0.73,1015,0.08,0.0
OLV_42_2508,Málaga,Tradicional,Secano,5.28,Picual,Cuajado,Franco-arcilloso,Moderado,6.5,1379.0,323.0,79.3,163.4,27.8,36.5,88,2.36,5423,0.83,1238,1.75,0.0
OLV_42_2509,Córdoba,Tradicional,Riego,40.16,Hojiblanca,Floracion,Limoso,Moderado,7.7,1542.5,298.0,70.3,178.0,16.2,58.8,135,0.86,8724,0.82,1335,2.09,0.0
OLV_42_2510,Jaén,Intensivo,Secano,27.29,Picual,Brotacion,Limoso,Bueno,2.2,988.1,607.0,65.3,208.7,13.2,33.5,142,1.92,7056,0.82,1323,1.12,0.0
OLV_42_2511,Jaén,Tradicional,Secano,35.01,Picual,Floracion,Arcilloso,Bueno,10.4,44.1,502.0,114.4,380.0,14.9,72.0,75,2.57,5377,0.86,1263,3.66,0.1252
OLV_42_2512,Jaén,Tradicional,Secano,26.57,Arbequina,Reposo,Arcilloso,Bueno,5.2,914.6,445.0,175.9,380.0,16.3,64.8,35,2.98,5202,0.87,1142,3.0,0.0
OLV_42_2513,Cadiz,Tradicional,Secano,36.24,Manzanilla,Brotacion,Limoso,Moderado,1.4,1563.9,283.0,203.1,380.0,15.7,52.9,88,1.2,5659,0.73,1234,3.74,0.0784
OLV_42_2514,Jaén,Tradicional,Secano,42.71,Picual,Floracion,Franco,Malo,4.0,1247.2,386.0,97.0,202.2,16.9,63.2,123,1.74,5792,0.84,1036,1.71,0.0697
OLV_42_2515,Jaén,Tradicional,Secano,27.56,Picual,Floracion,Franco,Bueno,5.0,224.5,537.0,82.4,297.3,19.5,42.9,40,0.9,5083,0.83,868,1.4,0.0
OLV_42_2516,Córdoba,Tradicional,Riego,9.68,Hojiblanca,Reposo,Franco,Malo,5.3,953.9,434.0,83.1,189.0,17.8,46.1,102,1.23,8093,0.81,1450,1.95,0.0
OLV_42_2517,Granada,Intensivo,Secano,4.55,Picual,Cuajado,Franco-arcilloso,Malo,1.7,1626.0,681.0,108.3,147.4,24.3,82.0,112,2.95,6918,0.85,1296,2.3,0.0
OLV_42_2518,Córdoba,Tradicional,Secano,33.86,Picual,Reposo,Arcilloso,Moderado,2.9,2390.4,472.0,27.0,74.5,18.8,29.5,123,2.74,5585,0.84,1094,0.0,0.0
OLV_42_2519,Cadiz,Superintensivo,Riego,32.93,Cornicabra,Brotacion,Arcilloso,Malo,9.5,1221.5,160.0,,51.6,16.0,49.6,111,1.88,12000,0.83,1936,0.74,0.0
OLV_42_2520,Córdoba,Intensivo,Secano,44.32,Picual,Floracion,Arcilloso,Malo,6.5,1629.6,247.0,46.6,139.6,18.1,45.7,141,2.81,5918,0.82,1562,0.44,0.0
OLV_42_2521,Cadiz,Intensivo,Secano,43.62,Arbequina,Reposo,Franco-arcilloso,Malo,4.7,299.7,279.0,164.6,380.0,14.7,82.0,129,0.83,6747,0.87,1359,5.39,0.0353
OLV_42_2522,Jaén,Tradicional,Secano,34.67,Picual,Brotacion,Arcilloso,Bueno,2.8,1726.2,467.0,93.1,349.1,21.9,31.1,62,2.06,5621,0.82,1165,2.14,0.0
OLV_42_2523,Granada,Tradicional,Secano,19.67,Picual,Reposo,Limoso,Moderado,45.0,140.8,691.0,179.8,380.0,19.1,72.9,30,1.19,5271,0.77,1090,4.77,0.0407
OLV_42_2524,Jaén,Tradicional,Riego,20.84,Picual,Engorde,Arcilloso,Malo,7.0,196.4,583.0,27.3,48.2,25.1,60.2,55,2.76,9039,0.8,1354,0.0,0.0
OLV_42_2525,Jaén,Tradicional,Secano,7.98,Picual,Cuajado,Franco-arcilloso,Bueno,7.1,799.1,411.0,256.9,380.0,18.6,74.7,108,2.12,5172,0.8,1170,3.04,0.172
OLV_42_2526,Málaga,Superintensivo,Riego,48.03,Hojiblanca,Floracion,Limoso,Malo,1.9,356.0,312.0,252.1,380.0,21.8,57.3,126,2.02,12000,0.83,1860,4.69,0.2588
OLV_42_2527,Jaén,Tradicional,Secano,31.3,Picual,Reposo,Franco-arcilloso,Moderado,12.0,1546.9,700.0,144.0,380.0,17.8,82.0,138,1.87,5189,0.87,1298,2.92,0.0
OLV_42_2528,Sevilla,Tradicional,Riego,30.12,Hojiblanca,Engorde,Franco-arcilloso,Malo,6.6,231.6,78.0,138.4,294.4,10.0,76.8,50,1.68,8132,0.78,1411,4.51,0.1271
OLV_42_2529,Jaén,Intensivo,Riego,22.27,Picual,Floracion,Franco-arcilloso,Moderado,2.4,1424.8,414.0,97.1,180.4,15.2,57.2,95,2.68,12000,0.87,1596,2.54,0.0422
OLV_42_2530,Málaga,Tradicional,Secano,25.23,Hojiblanca,Cuajado,Limoso,Malo,10.7,1599.3,404.0,33.7,83.6,15.8,47.6,70,1.71,5061,0.82,1398,0.0,0.0
OLV_42_2531,Sevilla,Tradicional,Secano,48.22,Manzanilla,Brotacion,Franco,Malo,3.8,1742.3,157.0,67.7,99.9,20.2,62.5,139,1.49,5268,0.76,1103,0.78,0.0
OLV_42_2532,Sevilla,Intensivo,Riego,23.27,Picual,Brotacion,Limoso,Malo,3.1,1820.6,226.0,29.4,38.6,18.1,31.6,89,2.09,11925,0.83,1451,1.12,0.0
OLV_42_2533,Cadiz,Tradicional,Secano,25.25,Manzanilla,Floracion,Franco,Malo,8.1,375.5,183.0,6.6,24.6,14.1,36.7,83,1.37,4731,0.76,1299,0.0,0.0
OLV_42_2534,Córdoba,Tradicional,Riego,25.57,Hojiblanca,Reposo,Arcilloso,Moderado,6.0,1519.0,383.0,33.4,101.1,17.8,27.1,120,2.29,7880,0.81,1401,0.37,0.0
OLV_42_2535,Jaén,Tradicional,Secano,22.99,Picual,Reposo,Limoso,Moderado,4.4,878.2,380.0,46.7,121.2,14.7,55.6,108,1.2,5463,0.86,1033,1.33,0.0
OLV_42_2536,Granada,Tradicional,Secano,19.97,Picual,Brotacion,Limoso,Malo,4.1,28.5,545.0,304.0,380.0,20.5,65.6,65,2.57,4884,0.8,1221,5.22,0.1303
OLV_42_2537,Sevilla,Tradicional,Secano,28.1,Picual,Brotacion,Arenoso,Bueno,4.8,991.0,80.0,89.6,277.8,16.3,25.0,142,1.85,5139,0.84,1073,0.99,0.0
OLV_42_2538,Córdoba,Tradicional,Secano,6.75,Hojiblanca,Brotacion,Arcilloso,Malo,6.9,749.5,215.0,164.5,380.0,18.7,71.4,75,0.92,4854,0.83,1385,4.04,0.1225
OLV_42_2539,Córdoba,Superintensivo,Secano,27.93,Hojiblanca,Brotacion,Arenoso,Malo,6.1,2232.0,380.0,53.5,61.3,15.9,42.0,149,1.06,8404,0.84,1936,0.0,0.0
OLV_42_2540,Granada,Intensivo,Secano,30.46,Picual,Cuajado,Franco,Moderado,9.6,1135.7,754.0,107.5,218.1,22.0,48.0,108,1.34,6791,0.8,1402,1.84,0.0154
OLV_42_2541,Jaén,Tradicional,Riego,29.12,Picual,Reposo,Arenoso,Moderado,10.6,747.3,412.0,8.6,13.6,16.0,30.3,54,0.99,8855,0.79,1709,0.13,0.0
OLV_42_2542,Málaga,Intensivo,Riego,2.79,Arbequina,Engorde,Franco-arcilloso,Moderado,4.3,323.0,382.0,128.4,380.0,20.4,79.1,134,2.6,9818,0.84,1637,4.07,0.0465
OLV_42_2543,Córdoba,Intensivo,Secano,45.34,Picual,Engorde,Limoso,Bueno,2.2,2278.7,416.0,69.3,75.0,14.9,34.4,128,0.97,6788,0.83,1256,0.21,0.0
OLV_42_2544,Sevilla,Tradicional,Secano,8.68,Picual,Reposo,Franco-arcilloso,Malo,2.9,184.8,91.0,136.8,204.9,19.5,75.3,70,0.92,5347,0.81,1121,4.53,0.029
OLV_42_2545,Cadiz,Tradicional,Riego,30.44,Hojiblanca,Brotacion,Arcilloso,Malo,9.7,127.5,29.0,34.5,52.8,14.6,62.8,141,2.53,10042,0.78,1365,0.0,0.0
OLV_42_2546,Granada,Tradicional,Secano,32.74,Hojiblanca,Floracion,Arcilloso,Moderado,8.4,1655.3,652.0,77.8,186.8,20.0,43.5,122,2.92,4861,0.78,1176,0.85,0.0
OLV_42_2547,Málaga,Intensivo,Secano,32.56,Arbequina,Cuajado,Limoso,Bueno,3.9,230.1,344.0,222.5,326.6,21.6,78.6,115,1.9,6397,0.9,1283,4.17,0.225
OLV_42_2548,Córdoba,Tradicional,Secano,41.66,Picual,Engorde,Arenoso,Moderado,7.6,2087.4,287.0,74.0,126.3,12.0,42.7,75,2.71,4783,0.85,1200,0.65,0.0
OLV_42_2549,Córdoba,Tradicional,Secano,27.05,Hojiblanca,Cuajado,Franco-arcilloso,Bueno,12.7,1445.6,286.0,119.0,217.4,12.6,38.1,67,2.57,4827,0.8,1358,3.12,0.0
OLV_42_2550,Granada,Tradicional,Secano,42.4,Picual,Floracion,Arcilloso,Moderado,18.2,2170.6,511.0,112.7,354.3,18.5,58.8,30,1.85,5162,0.85,1338,2.73,0.1638
OLV_42_2551,Jaén,Tradicional,Secano,28.66,Picual,Brotacion,Arenoso,Malo,6.7,1534.4,592.0,92.2,210.4,22.7,44.8,78,2.94,5639,0.82,1245,2.16,0.0
OLV_42_2552,Sevilla,Superintensivo,Secano,25.28,Manzanilla,Reposo,Arcilloso,Moderado,0.0,1328.8,79.0,49.9,118.6,25.6,66.4,146,1.95,8694,0.71,1600,0.88,0.0
OLV_42_2553,Málaga,Intensivo,Riego,6.09,Picual,Brotacion,Arcilloso,Bueno,5.6,998.7,319.0,74.8,138.3,20.4,55.4,89,2.44,11315,0.81,1594,1.22,0.0
OLV_42_2554,Córdoba,Intensivo,Riego,44.99,Picual,Reposo,Arenoso,Bueno,6.4,135.6,373.0,226.5,287.8,18.0,28.1,135,1.69,10069,0.8,1565,2.19,0.0
OLV_42_2555,Sevilla,Intensivo,Secano,38.12,Picual,Engorde,Franco,Moderado,4.5,1067.2,177.0,101.2,149.4,20.9,41.4,38,1.62,6921,0.83,1426,0.27,0.0
OLV_42_2556,Jaén,Tradicional,Secano,5.02,Picual,Engorde,Limoso,Malo,6.8,1022.3,495.0,37.6,67.8,16.6,45.5,118,2.26,5302,0.79,1263,0.0,0.0
OLV_42_2557,Sevilla,Tradicional,Riego,35.11,Manzanilla,Cuajado,Limoso,Bueno,7.2,1310.1,44.0,63.5,89.4,16.6,24.1,133,2.82,9171,0.76,1404,0.22,0.0
OLV_42_2558,Córdoba,Tradicional,Secano,29.18,Hojiblanca,Floracion,Limoso,Bueno,7.9,2050.2,272.0,51.7,101.6,18.3,32.1,142,1.85,5202,0.79,1238,0.08,0.0
OLV_42_2559,Jaén,Tradicional,Secano,28.54,Picual,Floracion,Franco,Moderado,3.4,671.7,480.0,269.4,380.0,11.9,61.7,77,2.03,5783,0.73,1212,4.59,0.262
OLV_42_2560,Sevilla,Superintensivo,Riego,37.64,Manzanilla,Reposo,Arcilloso,Malo,2.8,318.5,137.0,13.7,18.7,21.4,44.8,66,1.51,12000,0.77,1900,0.31,0.0
OLV_42_2561,Jaén,Tradicional,Secano,42.73,Picual,Engorde,Franco-arcilloso,Moderado,2.4,2197.4,532.0,182.7,380.0,26.7,57.9,75,0.98,5041,0.8,1126,3.29,0.1257
OLV_42_2562,Granada,Tradicional,Secano,43.76,Hojiblanca,Engorde,Franco-arcilloso,Malo,5.9,95.9,554.0,32.6,94.0,20.4,70.6,45,0.96,4783,0.81,1256,0.82,0.0
OLV_42_2563,Córdoba,Tradicional,Secano,5.55,Cornicabra,Reposo,Franco,Moderado,6.3,133.3,388.0,15.0,22.9,13.6,30.5,114,1.66,5388,0.87,1295,0.0,0.0
OLV_42_2564,Jaén,Tradicional,Riego,5.12,Hojiblanca,Engorde,Franco-arcilloso,Moderado,9.9,2141.4,293.0,54.8,94.9,17.2,37.0,44,0.8,9607,0.78,1526,0.0,0.0
OLV_42_2565,Sevilla,Intensivo,Secano,15.56,Manzanilla,Engorde,Limoso,Malo,1.7,522.3,107.0,172.3,380.0,21.7,82.0,88,1.79,6343,0.74,1418,4.24,0.215
OLV_42_2566,Málaga,Tradicional,Riego,48.34,Hojiblanca,Cuajado,Arcilloso,Malo,5.0,256.3,300.0,10.2,60.5,26.7,52.1,51,2.85,8497,0.81,1209,0.82,0.0
OLV_42_2567,Cadiz,Intensivo,Secano,17.82,Manzanilla,Cuajado,Arenoso,Moderado,1.1,499.8,175.0,60.7,187.8,21.3,36.0,63,1.34,6437,0.79,1305,1.56,0.0
OLV_42_2568,Granada,Intensivo,Riego,40.54,Picual,Floracion,Franco-arcilloso,Moderado,6.4,1822.8,658.0,126.6,223.6,21.8,55.0,103,2.1,10896,0.81,1640,4.16,0.1098
OLV_42_2569,Córdoba,Intensivo,Riego,44.17,Picual,Engorde,Franco,Moderado,0.4,899.7,474.0,33.0,63.8,16.7,26.2,54,1.58,11305,0.79,1620,0.0,0.0
OLV_42_2570,Sevilla,Intensivo,Secano,27.25,Manzanilla,Engorde,Arcilloso,Malo,1.2,522.6,175.0,90.5,159.2,9.7,75.9,85,2.23,6382,0.77,1302,3.04,0.0
OLV_42_2571,Sevilla,Tradicional,Secano,32.05,Hojiblanca,Engorde,Limoso,Moderado,60.0,39.6,23.0,42.2,139.2,17.4,59.4,66,2.23,4937,0.79,1051,1.47,0.0
OLV_42_2572,Jaén,Tradicional,Secano,14.42,Picual,Reposo,Franco-arcilloso,Moderado,6.8,1666.9,701.0,64.1,239.6,24.0,42.5,124,1.14,5099,0.85,1075,1.24,0.0
OLV_42_2573,Córdoba,Superintensivo,Secano,39.41,Manzanilla,Reposo,Arcilloso,Malo,4.8,44.3,216.0,170.5,380.0,20.0,82.0,69,1.25,8638,0.76,1680,5.5,0.0899
OLV_42_2574,Sevilla,Intensivo,Secano,23.26,Manzanilla,Reposo,Franco-arcilloso,Malo,0.0,583.6,43.0,93.8,242.3,17.1,82.0,121,0.98,5998,0.78,1286,3.54,0.0
OLV_42_2575,Cadiz,Intensivo,Riego,19.16,Manzanilla,Brotacion,Limoso,Moderado,7.3,76.7,291.0,186.8,307.8,17.2,61.2,49,2.72,10434,0.77,1872,4.32,0.1257
OLV_42_2576,Jaén,Tradicional,Secano,24.58,Picual,Reposo,Franco-arcilloso,Bueno,3.7,1602.1,542.0,84.1,138.4,23.7,39.3,77,1.05,5200,0.82,1138,1.56,0.0
OLV_42_2577,Sevilla,Tradicional,Secano,31.31,Manzanilla,Reposo,Arcilloso,Moderado,4.4,496.0,45.0,11.2,44.3,17.7,38.8,70,0.94,5308,0.77,1282,0.0,0.0
OLV_42_2578,Málaga,Superintensivo,Riego,40.44,Arbequina,Brotacion,Franco-arcilloso,Malo,10.0,469.5,346.0,126.0,308.8,21.1,61.2,113,1.15,12000,0.83,1966,4.56,0.0714
OLV_42_2579,Sevilla,Intensivo,Riego,19.17,Hojiblanca,Engorde,Arenoso,Bueno,1.8,126.6,180.0,42.9,147.2,15.9,32.8,31,1.93,10707,0.72,1856,0.0,0.0
OLV_42_2580,Jaén,Tradicional,Secano,19.56,Picual,Cuajado,Franco-arcilloso,Bueno,7.4,561.5,415.0,75.5,169.7,19.9,52.4,93,1.95,4935,0.83,1113,1.81,0.0
OLV_42_2581,Jaén,Tradicional,Riego,22.19,Picual,Engorde,Arcilloso,Malo,4.4,2038.5,470.0,128.6,205.2,28.0,64.2,145,2.08,10340,0.83,1349,2.64,0.0863
OLV_42_2582,Málaga,Intensivo,Riego,43.76,Cornicabra,Cuajado,Arcilloso,Bueno,11.6,1864.7,321.0,134.8,355.2,20.5,40.3,142,1.01,11781,0.88,1687,1.97,0.0186
OLV_42_2583,Jaén,Superintensivo,Secano,12.85,Hojiblanca,Cuajado,Arcilloso,Bueno,4.1,2110.6,431.0,13.4,36.7,18.6,22.3,93,1.76,8879,0.84,1633,0.0,0.0
OLV_42_2584,Córdoba,Tradicional,Secano,8.49,Arbequina,Cuajado,Franco-arcilloso,Moderado,3.0,1088.8,355.0,214.0,380.0,21.3,54.4,81,1.21,4656,0.84,1247,4.35,0.2038
OLV_42_2585,Jaén,Tradicional,Riego,3.49,Picual,Engorde,Franco-arcilloso,Moderado,7.2,376.2,474.0,58.4,107.5,13.6,60.9,48,0.87,10019,0.81,1316,1.65,0.0
OLV_42_2586,Málaga,Tradicional,Secano,28.15,Manzanilla,Brotacion,Arcilloso,Moderado,3.2,2061.2,240.0,45.4,137.8,17.7,43.7,73,2.29,4974,0.74,1353,1.28,0.0
OLV_42_2587,Córdoba,Intensivo,Secano,22.78,Picual,Reposo,Franco-arcilloso,Malo,5.8,232.9,195.0,268.5,380.0,8.4,82.0,131,2.38,6681,0.83,1495,4.15,0.0747
OLV_42_2588,Granada,Superintensivo,Riego,18.38,Hojiblanca,Brotacion,Limoso,Bueno,5.0,2300.8,580.0,67.6,96.4,17.9,38.7,76,2.94,12000,0.76,2102,0.0,0.0
OLV_42_2589,Córdoba,Superintensivo,Riego,2.38,Picual,Reposo,Franco,Bueno,6.5,1949.8,394.0,55.1,174.0,19.6,18.0,136,2.79,12000,0.8,1830,0.55,0.0
OLV_42_2590,Granada,Tradicional,Secano,28.22,Picual,Floracion,Franco,Bueno,9.6,2007.7,611.0,201.1,380.0,21.7,27.4,41,2.48,5077,0.84,1303,2.36,0.0292
OLV_42_2591,Jaén,Tradicional,Secano,36.28,Picual,Cuajado,Arcilloso,Moderado,3.4,597.0,714.0,122.8,313.6,15.6,62.4,92,2.67,4919,0.83,1137,3.34,0.1534
OLV_42_2592,Sevilla,Tradicional,Secano,15.55,Manzanilla,Cuajado,Limoso,Moderado,2.7,622.2,187.0,204.2,380.0,17.1,66.2,123,2.49,4925,0.75,934,2.2,0.1553
OLV_42_2593,Jaén,Tradicional,Secano,36.88,Picual,Engorde,Limoso,Malo,4.4,1717.3,454.0,44.8,74.7,12.5,58.1,55,1.59,5108,0.87,1186,0.75,0.0
OLV_42_2594,Jaén,Intensivo,Riego,5.82,Picual,Floracion,Franco-arcilloso,Bueno,6.4,583.5,332.0,77.6,202.3,22.1,36.2,93,2.84,10863,0.83,1521,1.54,0.0
OLV_42_2595,Cadiz,Intensivo,Riego,9.3,Manzanilla,Cuajado,Arcilloso,Malo,0.2,397.7,108.0,279.3,380.0,16.0,68.9,99,1.23,11115,0.73,1759,5.49,0.2992
OLV_42_2596,Jaén,Tradicional,Riego,49.8,Picual,Reposo,Arcilloso,Moderado,3.2,920.9,590.0,33.6,55.7,14.9,49.9,47,2.09,8193,0.81,1413,1.05,0.0
OLV_42_2597,Córdoba,Tradicional,Riego,42.79,Picual,Reposo,Franco-arcilloso,Bueno,4.3,1154.9,370.0,125.3,380.0,17.6,78.4,49,1.75,9768,0.84,1182,3.05,0.0
OLV_42_2598,Córdoba,Tradicional,Secano,10.54,Hojiblanca,Engorde,Limoso,Malo,3.1,281.3,311.0,313.5,380.0,19.7,71.7,127,2.42,5327,0.8,1143,4.04,0.1561
OLV_42_2599,Granada,Intensivo,Secano,8.98,Hojiblanca,Floracion,Franco-arcilloso,Malo,4.7,1990.3,678.0,112.5,287.1,18.5,64.3,55,2.75,6873,0.79,1510,3.86,0.2558
OLV_42_2600,Granada,Intensivo,Secano,3.0,Picual,Cuajado,Arcilloso,Malo,4.8,1545.3,657.0,215.8,249.2,12.2,73.4,40,1.2,6807,0.8,1462,5.24,0.4641
OLV_42_2601,Cadiz,Tradicional,Riego,39.11,Hojiblanca,Cuajado,Limoso,Bueno,5.1,724.8,196.0,87.2,232.1,13.4,59.1,135,1.01,8502,0.81,1515,1.77,0.0
OLV_42_2602,Córdoba,Tradicional,Riego,6.58,Picual,Engorde,Arcilloso,Malo,5.6,2390.0,190.0,42.5,47.5,19.7,46.2,35,2.32,8841,0.83,1234,1.33,0.0
OLV_42_2603,Córdoba,Intensivo,Riego,12.29,Picual,Engorde,Arenoso,Bueno,2.6,1874.9,200.0,171.1,380.0,16.5,21.9,148,1.08,11693,0.81,1387,1.5,0.0
OLV_42_2604,Córdoba,Intensivo,Secano,41.96,Hojiblanca,Engorde,Franco-arcilloso,Malo,8.2,857.3,217.0,125.5,321.9,8.0,73.4,50,1.11,6481,0.85,1707,3.87,0.2012
OLV_42_2605,Jaén,Tradicional,Secano,47.98,Picual,Cuajado,Franco-arcilloso,Moderado,5.0,1122.7,616.0,58.9,74.0,17.8,53.3,140,1.13,5078,0.81,1376,0.58,0.0
OLV_42_2606,Jaén,Tradicional,Riego,8.01,Picual,Reposo,Limoso,Bueno,4.8,663.4,526.0,93.0,247.3,14.3,35.6,105,1.43,8991,0.82,1469,1.76,0.0
OLV_42_2607,Jaén,Intensivo,Riego,46.47,Picual,Floracion,Arcilloso,Bueno,3.3,1036.6,491.0,63.6,90.8,19.6,46.9,137,2.54,12000,0.82,1857,1.47,0.0
OLV_42_2608,Córdoba,Tradicional,Riego,9.11,Picual,Reposo,Arcilloso,Bueno,2.9,1562.4,317.0,83.7,304.8,17.4,50.6,58,1.93,9668,0.83,1192,2.69,0.0
OLV_42_2609,Sevilla,Tradicional,Secano,6.43,Manzanilla,Engorde,Limoso,Moderado,8.3,2394.0,49.0,51.9,147.8,13.6,41.0,67,2.57,4842,0.77,1301,0.43,0.0
OLV_42_2610,Jaén,Tradicional,Secano,9.98,Picual,Floracion,Limoso,Malo,3.9,39.5,438.0,188.3,380.0,24.1,75.7,70,2.54,5248,0.81,1338,5.5,0.4434
OLV_42_2611,Jaén,Tradicional,Secano,6.08,Cornicabra,Brotacion,Franco-arcilloso,Moderado,6.8,1643.8,636.0,69.1,142.3,19.5,54.3,95,1.15,5043,0.82,1141,1.83,0.0
OLV_42_2612,Málaga,Tradicional,Riego,25.88,Arbequina,Cuajado,Franco-arcilloso,Malo,6.1,277.2,362.0,256.0,380.0,16.4,82.0,141,2.56,9260,0.9,1535,3.07,0.2507
OLV_42_2613,Jaén,Tradicional,Secano,48.14,Picual,Reposo,Limoso,Moderado,1.9,1301.1,564.0,93.7,259.3,13.3,76.3,139,1.45,5449,0.85,1112,3.21,0.0
OLV_42_2614,Sevilla,Superintensivo,Riego,40.7,Manzanilla,Engorde,Arcilloso,Malo,0.9,143.9,205.0,133.1,380.0,18.5,70.2,55,1.57,12000,0.83,2117,4.57,0.3548
OLV_42_2615,Sevilla,Tradicional,Riego,23.62,Picual,Cuajado,Franco,Bueno,3.3,72.0,32.0,58.8,72.1,21.0,46.9,100,2.57,8285,0.8,1157,0.0,0.0
OLV_42_2616,Sevilla,Tradicional,Secano,14.14,Manzanilla,Engorde,Franco,Malo,1.1,1662.6,188.0,56.8,169.7,13.8,59.8,123,2.1,4968,0.8,1182,2.08,0.0
OLV_42_2617,Jaén,Tradicional,Secano,24.45,Cornicabra,Brotacion,Arenoso,Bueno,6.6,1870.8,581.0,9.4,20.4,10.4,18.0,121,1.71,5424,0.91,1311,0.0,0.0
OLV_42_2618,Córdoba,Tradicional,Secano,48.27,Picual,Brotacion,Arcilloso,Moderado,5.0,504.8,371.0,151.1,273.0,15.9,63.5,115,1.59,5448,0.79,1144,3.73,0.0906
OLV_42_2619,Jaén,Tradicional,Secano,30.77,Picual,Brotacion,Franco-arcilloso,Moderado,2.5,901.9,507.0,22.6,62.2,15.9,34.6,48,1.94,5865,0.8,1038,0.08,0.0
OLV_42_2620,Granada,Tradicional,Secano,30.41,Picual,Engorde,Arcilloso,Malo,3.1,784.2,638.0,276.4,380.0,16.4,78.4,46,0.93,5058,0.82,1262,4.71,0.2507
OLV_42_2621,Cadiz,Superintensivo,Secano,25.91,Manzanilla,Brotacion,Arcilloso,Bueno,0.2,1231.0,253.0,48.1,92.1,23.6,61.6,52,1.7,8396,0.74,1471,0.63,0.0
OLV_42_2622,Córdoba,Tradicional,Riego,10.51,Hojiblanca,Cuajado,Limoso,Malo,3.6,1111.9,373.0,14.3,38.6,28.0,39.2,86,1.77,9042,0.83,1193,1.13,0.0
OLV_42_2623,Sevilla,Tradicional,Secano,2.27,Manzanilla,Floracion,Arcilloso,Malo,2.5,1318.4,193.0,110.3,264.0,17.2,82.0,128,2.83,4705,0.77,1272,4.16,0.1564
OLV_42_2624,Córdoba,Tradicional,Secano,21.48,Hojiblanca,Floracion,Arenoso,Malo,6.6,1974.4,414.0,174.0,332.1,16.7,47.5,122,2.86,5016,0.78,1247,2.57,0.0526
OLV_42_2625,Cadiz,Tradicional,Secano,18.16,Manzanilla,Reposo,Limoso,Malo,5.0,1056.3,0.0,125.2,166.3,19.7,76.6,62,1.19,5404,0.74,1200,3.8,0.0
OLV_42_2626,Granada,Tradicional,Secano,47.75,Picual,Floracion,Arcilloso,Moderado,13.7,417.6,539.0,88.4,212.3,15.7,80.6,74,2.99,4760,0.88,1365,2.46,0.0389
OLV_42_2627,Córdoba,Intensivo,Riego,23.82,Hojiblanca,Cuajado,Franco,Malo,7.5,1465.3,263.0,43.3,141.2,19.3,42.5,141,1.25,11348,0.78,1757,0.46,0.0
OLV_42_2628,Sevilla,Tradicional,Secano,14.47,Cornicabra,Brotacion,Arcilloso,Bueno,4.6,1533.7,27.0,50.2,127.8,16.7,39.8,118,2.1,5069,0.83,941,0.78,0.0
OLV_42_2629,Jaén,Tradicional,Secano,9.57,Cornicabra,Engorde,Limoso,Malo,3.6,91.3,524.0,166.1,380.0,16.9,63.9,51,1.72,5058,0.88,1138,4.96,0.1633
OLV_42_2630,Jaén,Tradicional,Riego,35.17,Picual,Engorde,Franco,Moderado,6.7,394.6,683.0,47.0,68.1,17.4,34.0,93,1.27,9296,0.8,1506,0.0,0.0
OLV_42_2631,Córdoba,Tradicional,Secano,27.75,Cornicabra,Brotacion,Limoso,Malo,2.7,354.5,374.0,143.4,191.9,21.3,60.1,84,1.45,5880,0.83,1185,4.64,0.0369
OLV_42_2632,Córdoba,Intensivo,Riego,15.09,Hojiblanca,Brotacion,Franco-arcilloso,Bueno,3.5,1749.4,206.0,103.1,222.5,18.8,57.7,101,1.89,10220,0.83,1707,2.24,0.0
OLV_42_2633,Málaga,Tradicional,Secano,28.93,Hojiblanca,Reposo,Franco,Bueno,5.2,1954.4,352.0,32.9,109.7,19.6,29.0,115,1.0,5208,0.8,1088,0.0,0.0
OLV_42_2634,Málaga,Superintensivo,Riego,27.11,Hojiblanca,Brotacion,Franco-arcilloso,Malo,0.0,1284.1,393.0,112.8,359.8,19.5,82.0,69,2.01,12000,0.77,2021,4.72,0.0856
OLV_42_2635,Granada,Intensivo,Secano,7.65,Hojiblanca,Floracion,Franco,Bueno,1.3,920.2,724.0,88.3,302.2,22.3,47.1,52,1.64,6784,0.83,1221,2.7,0.0316
OLV_42_2636,Córdoba,Tradicional,Riego,48.96,Picual,Brotacion,Limoso,Moderado,5.5,1857.9,340.0,40.8,98.0,17.2,36.4,36,1.11,8706,0.85,1432,1.44,0.0
OLV_42_2637,Granada,Tradicional,Secano,36.87,Manzanilla,Engorde,Franco-arcilloso,Malo,4.1,1267.8,717.0,40.4,79.1,22.8,58.9,65,1.26,4284,0.73,1120,1.29,0.0
OLV_42_2638,Jaén,Tradicional,Secano,24.29,Hojiblanca,Reposo,Franco-arcilloso,Bueno,4.2,2378.2,559.0,79.6,169.5,27.3,24.6,84,1.37,5598,0.77,1104,1.33,0.0
OLV_42_2639,Córdoba,Intensivo,Secano,17.6,Picual,Cuajado,Limoso,Malo,0.6,726.6,291.0,58.4,63.4,8.0,76.7,125,1.84,6662,0.85,1342,0.98,0.0
OLV_42_2640,Cadiz,Tradicional,Secano,17.4,Arbequina,Cuajado,Arenoso,Bueno,2.5,1213.1,144.0,73.0,103.2,15.4,24.5,46,2.27,5403,0.86,992,0.0,0.0
OLV_42_2641,Sevilla,Intensivo,Riego,12.97,Hojiblanca,Engorde,Franco-arcilloso,Malo,2.9,193.7,249.0,208.4,380.0,19.2,66.5,46,1.01,10129,0.79,1632,4.82,0.2353
OLV_42_2642,Granada,Tradicional,Riego,47.67,Hojiblanca,Brotacion,Franco,Bueno,2.1,1926.9,658.0,70.4,169.4,12.3,20.0,89,2.01,9882,0.89,1300,0.02,0.0
OLV_42_2643,Córdoba,Tradicional,Secano,49.51,Picual,Floracion,Franco-arcilloso,Moderado,4.0,644.3,185.0,164.4,200.1,12.7,74.0,136,1.6,5337,0.81,1186,4.21,0.1505
OLV_42_2644,Málaga,Tradicional,Riego,26.37,Hojiblanca,Cuajado,Franco-arcilloso,Bueno,4.8,1893.8,317.0,59.8,120.3,13.4,35.1,149,0.92,7424,0.76,1400,0.48,0.0
OLV_42_2645,Cadiz,Intensivo,Secano,44.98,Manzanilla,Engorde,Arcilloso,Malo,7.8,296.1,128.0,253.2,380.0,18.1,82.0,102,2.4,6030,0.75,1494,3.59,0.1982
OLV_42_2646,Jaén,Tradicional,Secano,29.31,Picual,Engorde,Franco,Moderado,9.4,2088.5,417.0,49.4,196.6,17.2,18.2,92,2.24,5736,0.85,1293,0.36,0.0
OLV_42_2647,Sevilla,Tradicional,Secano,42.14,Picual,Reposo,Franco,Malo,6.3,601.1,238.0,50.8,94.8,20.9,40.9,99,2.18,5183,0.72,1058,0.6,0.0
OLV_42_2648,Granada,Intensivo,Secano,7.02,Hojiblanca,Brotacion,Arenoso,Bueno,3.1,103.0,641.0,75.4,241.6,20.4,24.3,90,2.54,6312,0.78,1523,0.53,0.0
OLV_42_2649,Córdoba,Intensivo,Secano,44.67,Hojiblanca,Floracion,Arcilloso,Moderado,8.5,675.6,412.0,28.9,72.9,12.9,44.2,69,2.77,6421,0.78,1496,0.94,0.0
OLV_42_2650,Jaén,Tradicional,Riego,40.31,Hojiblanca,Engorde,Limoso,Malo,8.3,718.9,394.0,126.8,380.0,15.3,80.8,137,2.2,9460,0.8,1445,2.82,0.0937
OLV_42_2651,Málaga,Tradicional,Riego,32.34,Manzanilla,Reposo,Limoso,Moderado,2.0,351.1,331.0,100.1,306.4,15.1,69.2,61,2.77,9273,0.82,1133,3.45,0.0
OLV_42_2652,Cadiz,Intensivo,Secano,38.63,Picual,Floracion,Arenoso,Malo,2.4,1513.0,251.0,92.9,352.8,14.8,26.1,102,2.24,6800,0.79,1379,1.32,0.0
OLV_42_2653,Córdoba,Tradicional,Secano,35.96,Hojiblanca,Cuajado,Franco,Moderado,2.5,892.9,297.0,150.3,361.2,14.9,67.9,43,0.89,5363,0.81,949,4.67,0.2521
OLV_42_2654,Jaén,Tradicional,Secano,19.09,Picual,Engorde,Arenoso,Malo,12.1,1564.8,460.0,66.0,92.6,19.5,36.0,113,2.0,4976,0.83,1218,0.02,0.0
OLV_42_2655,Córdoba,Tradicional,Secano,6.58,Picual,Engorde,Arenoso,Malo,3.9,984.8,281.0,95.8,202.0,16.5,48.5,66,0.82,5021,0.83,1221,1.53,0.0
OLV_42_2656,Granada,Intensivo,Secano,26.23,Arbequina,Brotacion,Arcilloso,Moderado,7.6,1679.0,459.0,37.8,90.7,16.2,42.3,87,2.64,5670,0.84,1508,0.13,0.0
OLV_42_2657,Jaén,Tradicional,Secano,7.16,Picual,Floracion,Arenoso,Bueno,4.7,1001.4,487.0,165.9,380.0,18.6,22.2,97,1.47,5589,0.81,1363,1.94,0.0
OLV_42_2658,Córdoba,Tradicional,Secano,19.62,Picual,Reposo,Franco-arcilloso,Moderado,9.9,918.2,265.0,72.0,218.4,19.4,43.6,109,2.15,5528,0.83,1270,1.0,0.0
OLV_42_2659,Córdoba,Tradicional,Secano,38.97,Hojiblanca,Brotacion,Franco-arcilloso,Moderado,2.8,341.8,462.0,58.3,155.8,14.9,53.5,35,2.22,5165,0.82,1231,1.25,0.0
OLV_42_2660,Málaga,Tradicional,Secano,44.13,Hojiblanca,Engorde,Franco-arcilloso,Bueno,2.5,942.3,294.0,67.7,90.6,18.9,59.5,118,2.54,5050,0.8,1091,0.0,0.0
OLV_42_2661,Jaén,Tradicional,Secano,12.2,Picual,Brotacion,Arcilloso,Malo,5.3,414.2,517.0,276.4,380.0,16.4,82.0,65,1.92,5095,0.0,1074,4.57,0.1896
OLV_42_2662,Cadiz,Intensivo,Secano,31.76,Manzanilla,Floracion,Arcilloso,Malo,0.8,732.9,103.0,133.2,380.0,16.3,64.9,61,1.63,6915,0.76,1424,3.5,0.5234
OLV_42_2663,Córdoba,Tradicional,Riego,44.34,Hojiblanca,Cuajado,Franco-arcilloso,Moderado,2.3,1503.9,224.0,54.2,193.5,12.6,52.6,91,1.64,8248,0.86,1442,1.23,0.0
OLV_42_2664,Sevilla,Intensivo,Secano,18.76,Manzanilla,Brotacion,Limoso,Moderado,7.2,1738.2,10.0,72.2,152.8,18.6,50.8,47,1.2,6250,0.77,1539,1.85,0.0
OLV_42_2665,Cadiz,Intensivo,Secano,29.18,Manzanilla,Engorde,Franco-arcilloso,Bueno,1.9,1354.7,190.0,70.2,151.9,20.5,53.1,37,2.81,6390,0.73,1253,2.26,0.0
OLV_42_2666,Jaén,Tradicional,Secano,24.71,Picual,Brotacion,Limoso,Malo,4.5,2243.8,582.0,80.2,105.5,12.0,49.7,138,1.22,6188,0.83,1146,1.62,0.0
OLV_42_2667,Córdoba,Tradicional,Secano,48.53,Picual,Engorde,Arcilloso,Moderado,5.0,982.0,315.0,101.1,345.9,10.4,61.3,31,0.82,4556,0.82,1022,2.75,0.0941
OLV_42_2668,Jaén,Intensivo,Riego,30.83,Picual,Brotacion,Arcilloso,Malo,19.7,1426.9,678.0,89.5,162.9,15.4,42.9,69,0.95,10994,0.81,1930,0.83,0.0
OLV_42_2669,Córdoba,Intensivo,Secano,5.92,Picual,Brotacion,Arcilloso,Moderado,4.0,471.8,313.0,259.6,334.1,16.2,55.8,116,2.49,6816,0.84,1443,3.97,0.0787
OLV_42_2670,Cadiz,Tradicional,Riego,47.28,Arbequina,Floracion,Franco,Moderado,8.1,90.3,0.0,88.0,302.0,19.9,57.2,119,1.62,8174,0.82,1385,2.04,0.0
OLV_42_2671,Málaga,Intensivo,Riego,21.04,Arbequina,Cuajado,Arcilloso,Moderado,1.5,1091.6,408.0,33.5,115.8,11.7,42.8,48,2.32,11563,0.93,1704,0.88,0.0
OLV_42_2672,Jaén,Superintensivo,Secano,21.57,Picual,Floracion,Arenoso,Moderado,1.0,651.0,567.0,137.2,235.4,13.4,34.8,140,2.22,8753,0.77,1556,4.0,0.0134
OLV_42_2673,Cadiz,Tradicional,Secano,10.04,Picual,Floracion,Arcilloso,Malo,3.2,690.4,37.0,150.7,380.0,20.6,82.0,62,1.27,5540,0.8,1088,4.9,0.3568
OLV_42_2674,Jaén,Tradicional,Secano,2.11,Picual,Floracion,Arenoso,Bueno,7.0,945.3,492.0,51.9,147.6,15.5,20.5,123,0.92,5385,0.86,1250,1.07,0.0
OLV_42_2675,Jaén,Tradicional,Secano,26.58,Picual,Reposo,Arenoso,Moderado,2.7,1476.8,571.0,75.7,262.7,18.2,23.6,66,1.66,5458,0.79,993,0.63,0.0
OLV_42_2676,Jaén,Intensivo,Secano,13.88,Hojiblanca,Engorde,Limoso,Bueno,2.4,795.0,509.0,67.5,109.4,14.6,40.0,104,1.86,6346,0.81,1566,0.03,0.0
OLV_42_2677,Córdoba,Intensivo,Secano,16.62,Manzanilla,Reposo,Arenoso,Moderado,3.5,543.1,365.0,54.4,133.9,18.2,26.1,96,0.95,6315,0.79,1353,0.22,0.0
OLV_42_2678,Córdoba,Tradicional,Secano,31.7,Picual,Brotacion,Arcilloso,Bueno,10.1,1431.1,283.0,57.3,142.0,14.2,30.4,82,1.77,5070,0.8,1512,0.02,0.0
OLV_42_2679,Jaén,Tradicional,Secano,44.15,Picual,Cuajado,Limoso,Malo,8.8,1191.6,410.0,124.2,380.0,20.0,82.0,107,2.8,5299,0.85,1406,2.96,0.1638
OLV_42_2680,Sevilla,Superintensivo,Secano,3.32,Manzanilla,Reposo,Arcilloso,Moderado,6.5,1235.7,152.0,27.5,32.5,12.4,45.1,88,1.89,8261,0.8,1764,1.01,0.0
OLV_42_2681,Cadiz,Tradicional,Secano,19.85,Cornicabra,Reposo,Franco,Bueno,1.0,1271.9,74.0,211.5,380.0,24.1,67.2,51,1.59,5256,0.85,1084,3.48,0.0
OLV_42_2682,Jaén,Tradicional,Riego,33.49,Cornicabra,Reposo,Limoso,Bueno,3.2,178.9,499.0,139.9,308.8,19.2,74.9,57,0.95,8387,0.83,1515,4.14,0.0369
OLV_42_2683,Jaén,Tradicional,Secano,47.19,Picual,Brotacion,Arcilloso,Moderado,15.6,1030.5,489.0,79.5,179.8,9.9,38.4,69,1.15,5276,0.81,1641,0.85,0.0
OLV_42_2684,Sevilla,Intensivo,Riego,34.17,Hojiblanca,Floracion,Franco-arcilloso,Malo,5.3,1138.0,151.0,191.5,213.5,22.6,73.8,88,1.05,12000,0.83,1684,3.02,0.29
OLV_42_2685,Jaén,Intensivo,Secano,31.36,Picual,Cuajado,Franco-arcilloso,Malo,9.8,285.7,502.0,268.6,380.0,11.2,82.0,96,2.28,6538,0.81,1630,5.25,0.3425
OLV_42_2686,Málaga,Tradicional,Secano,2.68,Arbequina,Cuajado,Franco,Malo,5.2,1793.2,286.0,7.3,38.9,17.5,31.1,110,2.37,4943,0.85,1186,0.0,0.0
OLV_42_2687,Jaén,Tradicional,Secano,2.02,Picual,Brotacion,Limoso,Moderado,11.8,233.2,556.0,288.8,380.0,19.2,76.6,145,2.76,4961,0.84,1222,3.18,0.0585
OLV_42_2688,Jaén,Intensivo,Secano,2.84,Picual,Reposo,Franco,Moderado,2.8,1326.0,350.0,59.4,78.0,15.7,33.1,66,2.96,6624,0.82,1197,0.74,0.0
OLV_42_2689,Córdoba,Tradicional,Secano,40.23,Arbequina,Floracion,Franco-arcilloso,Moderado,5.5,804.9,313.0,52.6,101.4,22.0,51.5,95,1.36,4741,0.91,1077,0.07,0.0
OLV_42_2690,Jaén,Tradicional,Secano,6.63,Picual,Engorde,Franco-arcilloso,Bueno,7.4,1550.2,706.0,133.9,251.0,19.5,31.6,148,2.02,5228,0.8,1346,2.74,0.0
OLV_42_2691,Córdoba,Intensivo,Secano,11.79,Picual,Reposo,Arcilloso,Moderado,4.4,245.7,124.0,90.2,331.6,16.5,68.9,94,1.14,7103,0.79,1694,2.78,0.0
OLV_42_2692,Jaén,Tradicional,Secano,40.83,Picual,Floracion,Franco,Moderado,5.8,899.9,544.0,189.1,256.0,11.5,67.7,70,1.24,5738,0.83,1257,4.15,0.2261
OLV_42_2693,Jaén,Tradicional,Riego,23.12,Picual,Cuajado,Franco,Malo,10.2,1679.6,457.0,51.4,95.8,13.5,29.7,120,2.95,8896,0.84,1267,0.0,0.0
OLV_42_2694,Jaén,Intensivo,Secano,41.68,Picual,Cuajado,Franco-arcilloso,Malo,4.2,63.1,545.0,100.8,262.3,23.1,79.0,65,2.32,6386,0.77,1367,4.91,0.1455
OLV_42_2695,Granada,Intensivo,Riego,30.63,Hojiblanca,Brotacion,Franco,Moderado,1.6,1018.0,614.0,55.7,80.7,14.1,60.1,97,1.47,10772,0.77,1683,1.27,0.0
OLV_42_2696,Sevilla,Intensivo,Secano,42.79,Hojiblanca,Brotacion,Limoso,Bueno,3.1,216.6,168.0,43.5,48.5,14.6,53.3,45,1.47,6986,0.79,1391,1.31,0.0
OLV_42_2697,Jaén,Tradicional,Secano,22.76,Picual,Engorde,Limoso,Bueno,4.6,1187.3,595.0,127.1,380.0,8.0,34.4,136,2.92,5255,0.84,1171,0.5,0.0
OLV_42_2698,Cadiz,Tradicional,Riego,32.89,Manzanilla,Cuajado,Arenoso,Moderado,4.5,1196.7,105.0,124.0,251.1,17.5,41.6,117,0.82,7880,0.74,1383,2.46,0.0306
OLV_42_2699,Córdoba,Superintensivo,Secano,6.87,Picual,Floracion,Arenoso,Moderado,0.0,974.2,275.0,52.0,102.4,13.1,40.6,134,2.31,8460,0.84,1832,0.96,0.0
OLV_42_2700,Córdoba,Tradicional,Secano,30.65,Picual,Engorde,Arcilloso,Bueno,4.0,2309.1,353.0,40.1,107.7,8.8,43.1,87,2.04,5207,0.78,1071,1.28,0.0
OLV_42_2701,Málaga,Tradicional,Riego,17.62,Hojiblanca,Cuajado,Franco-arcilloso,Bueno,8.5,904.0,227.0,71.9,237.5,12.6,43.0,119,1.17,9163,0.82,1433,0.56,0.0
OLV_42_2702,Jaén,Tradicional,Secano,26.1,Picual,Cuajado,Limoso,Moderado,3.5,1068.6,599.0,61.4,187.8,17.6,46.3,43,1.81,5506,0.86,1249,1.92,0.0
OLV_42_2703,Sevilla,Tradicional,Riego,48.68,Manzanilla,Engorde,Arenoso,Malo,4.8,552.0,0.0,55.9,156.8,18.2,34.8,69,0.85,7524,0.7,1370,0.98,0.0
OLV_42_2704,Sevilla,Intensivo,Riego,34.3,Hojiblanca,Floracion,Arcilloso,Moderado,4.0,1680.1,135.0,24.1,29.1,23.6,29.7,70,2.99,11520,0.84,1626,0.04,0.0
OLV_42_2705,Cadiz,Intensivo,Riego,34.97,Picual,Brotacion,Franco,Malo,2.0,562.8,0.0,41.3,60.4,8.7,42.3,53,1.25,11128,0.81,1595,0.04,0.0
OLV_42_2706,Jaén,Tradicional,Secano,21.99,Hojiblanca,Floracion,Franco,Moderado,3.7,980.2,450.0,60.8,178.4,12.8,57.7,84,2.36,5475,0.78,1233,0.65,0.0
OLV_42_2707,Jaén,Tradicional,Secano,21.2,Cornicabra,Floracion,Franco-arcilloso,Bueno,8.9,844.6,502.0,111.4,349.3,20.9,42.5,104,1.68,5168,0.81,1253,2.24,0.0
OLV_42_2708,Sevilla,Tradicional,Riego,2.95,Hojiblanca,Floracion,Arcilloso,Malo,6.1,1382.9,66.0,6.9,16.3,16.4,51.8,74,2.37,9227,0.79,1363,0.0,0.0
OLV_42_2709,Córdoba,Tradicional,Riego,12.97,Arbequina,Brotacion,Franco,Bueno,3.1,1389.0,244.0,134.9,165.0,14.8,32.4,67,2.4,8723,0.89,1255,1.56,0.0
OLV_42_2710,Jaén,Intensivo,Secano,16.6,Manzanilla,Reposo,Franco,Malo,10.2,2321.0,559.0,28.1,35.5,20.9,37.1,93,2.01,6044,0.74,1632,0.0,0.0
OLV_42_2711,Granada,Tradicional,Secano,26.3,Picual,Cuajado,Arenoso,Moderado,2.1,1297.0,630.0,54.0,190.6,13.5,38.6,93,1.19,5249,0.82,1008,1.07,0.0
OLV_42_2712,Córdoba,Intensivo,Riego,41.5,Picual,Engorde,Arenoso,Bueno,0.9,1851.8,374.0,102.0,207.2,16.7,37.3,96,1.6,10716,0.75,1662,1.54,0.0
OLV_42_2713,Jaén,Intensivo,Riego,10.67,Picual,Engorde,Arcilloso,Malo,4.9,1460.0,539.0,23.4,90.9,19.9,48.0,41,1.99,11349,0.77,1709,1.75,0.0
OLV_42_2714,Jaén,Intensivo,Secano,14.87,Picual,Cuajado,Arenoso,Moderado,3.9,1135.9,483.0,50.9,128.7,19.8,20.6,123,0.94,7086,0.75,1328,0.3,0.0
OLV_42_2715,Sevilla,Intensivo,Riego,43.15,Manzanilla,Engorde,Limoso,Moderado,3.0,2172.3,129.0,40.9,45.9,12.8,46.0,134,2.24,10656,0.78,1603,0.0,0.0
OLV_42_2716,Granada,Tradicional,Secano,17.39,Picual,Floracion,Limoso,Malo,1.7,344.9,575.0,199.4,380.0,13.4,75.2,87,2.0,5346,0.86,1225,5.5,0.2664
OLV_42_2717,Málaga,Tradicional,Riego,47.91,Arbequina,Brotacion,Limoso,Bueno,2.1,1375.7,322.0,78.7,117.1,18.5,36.2,36,1.04,9356,0.95,1299,1.55,0.0
OLV_42_2718,Córdoba,Tradicional,Riego,16.7,Hojiblanca,Engorde,Arenoso,Bueno,12.2,819.3,211.0,52.6,164.0,19.6,33.1,100,2.42,9040,0.78,1519,0.2,0.0
OLV_42_2719,Sevilla,Tradicional,Riego,32.06,Hojiblanca,Floracion,Limoso,Moderado,10.1,200.2,269.0,103.9,316.3,10.4,81.2,38,1.68,8708,0.79,1792,2.63,0.1319
OLV_42_2720,Jaén,Tradicional,Secano,36.51,Picual,Engorde,Arenoso,Bueno,7.8,702.5,568.0,63.8,97.6,14.6,25.4,51,1.21,5495,0.8,1380,0.28,0.0
OLV_42_2721,Jaén,Intensivo,Secano,35.97,Cornicabra,Engorde,Franco-arcilloso,Bueno,5.2,1776.6,438.0,115.9,235.7,12.9,32.5,43,2.88,7028,0.79,1406,3.12,0.0
OLV_42_2722,Málaga,Tradicional,Riego,46.44,Hojiblanca,Brotacion,Franco-arcilloso,Malo,9.3,499.9,273.0,280.9,313.0,16.8,82.0,47,1.37,8641,0.82,1493,4.04,0.1879
OLV_42_2723,Málaga,Superintensivo,Riego,9.47,Hojiblanca,Reposo,Arenoso,Bueno,3.0,1820.0,243.0,158.6,380.0,24.3,18.0,116,1.82,12000,0.82,1837,2.28,0.0
OLV_42_2724,Sevilla,Tradicional,Riego,9.6,Manzanilla,Cuajado,Arcilloso,Moderado,2.4,416.4,148.0,174.7,337.5,15.4,73.2,33,0.9,8648,0.8,1200,4.31,0.3969
OLV_42_2725,Sevilla,Superintensivo,Secano,18.56,Manzanilla,Engorde,Franco,Bueno,3.5,2181.3,94.0,120.7,325.3,21.4,24.3,64,1.89,8381,0.78,1571,2.02,0.0
OLV_42_2726,Jaén,Tradicional,Secano,7.27,Hojiblanca,Reposo,Limoso,Bueno,6.3,1087.8,405.0,107.3,380.0,20.6,59.9,104,2.13,5208,0.8,1210,1.15,0.0
OLV_42_2727,Granada,Tradicional,Secano,33.68,Picual,Cuajado,Franco-arcilloso,Bueno,3.0,1889.4,642.0,16.6,38.5,13.1,19.7,88,1.21,5252,0.84,1209,0.44,0.0
OLV_42_2728,Granada,Superintensivo,Secano,42.72,Picual,Cuajado,Limoso,Moderado,4.5,382.2,759.0,94.0,362.4,11.0,75.9,125,2.64,8594,0.86,1682,2.84,0.086
OLV_42_2729,Jaén,Intensivo,Riego,12.64,Picual,Cuajado,Limoso,Bueno,4.3,519.6,419.0,84.8,267.6,20.8,41.8,86,2.05,12000,0.78,1735,0.8,0.0
OLV_42_2730,Granada,Intensivo,Secano,14.23,Picual,Reposo,Franco-arcilloso,Bueno,5.4,1985.8,561.0,182.9,297.8,19.3,64.0,143,2.08,7191,0.85,1283,2.24,0.0
OLV_42_2731,Sevilla,Intensivo,Riego,15.24,Hojiblanca,Engorde,Arcilloso,Malo,4.3,1369.4,216.0,162.1,229.4,17.4,82.0,97,2.8,10324,0.87,1730,2.88,0.1018
OLV_42_2732,Cadiz,Intensivo,Riego,4.09,Picual,Cuajado,Franco-arcilloso,Malo,7.0,281.2,0.0,217.4,280.3,18.0,82.0,146,1.65,12000,0.79,1734,5.29,0.2534
OLV_42_2733,Cadiz,Tradicional,Secano,7.9,Manzanilla,Reposo,Limoso,Moderado,5.6,678.0,188.0,172.6,380.0,18.0,77.1,106,2.0,5052,0.82,1363,3.23,0.017
OLV_42_2734,Cadiz,Tradicional,Riego,9.93,Picual,Brotacion,Limoso,Malo,5.0,2067.6,58.0,206.5,356.3,23.9,73.3,104,2.12,9457,0.84,1449,4.08,0.1069
OLV_42_2735,Málaga,Intensivo,Riego,36.21,Manzanilla,Brotacion,Limoso,Bueno,2.8,419.4,189.0,43.0,116.8,16.9,32.8,120,1.62,11455,0.83,1680,1.09,0.0
OLV_42_2736,Jaén,Intensivo,Riego,27.03,Picual,Cuajado,Franco,Moderado,8.6,2296.5,536.0,130.4,288.7,13.7,40.6,113,0.83,11769,0.79,1567,3.51,0.0451
OLV_42_2737,Córdoba,Superintensivo,Riego,28.64,Picual,Floracion,Arenoso,Bueno,1.1,303.4,350.0,13.1,41.8,17.8,24.1,125,1.85,12000,0.89,1779,0.0,0.0
OLV_42_2738,Córdoba,Superintensivo,Secano,39.89,Arbequina,Reposo,Franco,Malo,3.3,1451.0,300.0,59.9,224.2,23.8,52.1,79,1.12,7995,0.89,1830,0.28,0.0
OLV_42_2739,Granada,Intensivo,Secano,16.52,Hojiblanca,Brotacion,Franco,Moderado,7.3,1478.6,654.0,118.5,304.0,18.5,58.6,69,1.69,6374,0.8,1678,4.36,0.0708
OLV_42_2740,Cadiz,Intensivo,Secano,41.24,Arbequina,Engorde,Arcilloso,Malo,5.1,1582.6,174.0,91.1,315.2,22.0,82.0,99,0.82,6191,0.9,1571,3.63,0.0402
OLV_42_2741,Córdoba,Tradicional,Secano,48.54,Picual,Engorde,Arenoso,Bueno,1.8,1751.3,380.0,254.3,306.5,19.9,18.0,76,1.87,5399,0.82,1143,1.87,0.0
OLV_42_2742,Jaén,Tradicional,Secano,20.36,Picual,Cuajado,Limoso,Bueno,8.4,1789.7,454.0,320.0,380.0,17.5,50.4,109,2.83,5482,0.77,991,2.33,0.1089
OLV_42_2743,Córdoba,Tradicional,Secano,44.67,Picual,Engorde,Arcilloso,Bueno,2.7,1196.3,465.0,49.3,101.7,16.4,57.8,86,1.35,5421,0.8,1025,0.58,0.0
OLV_42_2744,Málaga,Intensivo,Secano,48.77,Arbequina,Floracion,Franco,Moderado,3.7,207.6,187.0,7.9,16.9,18.7,26.0,54,2.55,6486,0.87,1369,0.16,0.0
OLV_42_2745,Córdoba,Tradicional,Secano,45.06,Cornicabra,Cuajado,Limoso,Malo,6.8,1909.9,305.0,23.7,76.9,16.5,46.0,66,2.18,5123,0.83,1226,0.63,0.0
OLV_42_2746,Jaén,Tradicional,Secano,7.73,Picual,Brotacion,Arenoso,Moderado,3.6,494.0,534.0,131.7,380.0,15.4,27.6,96,2.77,5680,0.82,1115,1.44,0.0
OLV_42_2747,Málaga,Superintensivo,Secano,9.2,Picual,Engorde,Arenoso,Moderado,8.8,2349.1,351.0,110.9,267.2,13.1,41.2,141,1.52,8696,0.86,1792,1.53,0.0
OLV_42_2748,Córdoba,Tradicional,Riego,32.11,Picual,Floracion,Limoso,Moderado,2.2,2068.9,263.0,163.3,260.7,19.7,70.3,66,1.51,9556,0.78,1347,5.5,0.2818
OLV_42_2749,Jaén,Tradicional,Secano,13.87,Picual,Reposo,Franco-arcilloso,Moderado,7.7,2282.5,544.0,2.3,7.3,22.9,39.4,120,1.59,5271,0.88,1419,0.25,0.0
OLV_42_2750,Córdoba,Intensivo,Secano,27.95,Manzanilla,Engorde,Arenoso,Moderado,6.7,1224.8,271.0,37.0,145.7,15.4,36.1,35,1.44,5882,0.76,1663,0.91,0.0
OLV_42_2751,Málaga,Intensivo,Secano,48.26,Picual,Engorde,Arcilloso,Malo,3.4,2043.6,397.0,9.3,20.2,10.9,40.4,148,2.86,7075,0.85,1451,0.38,0.0
OLV_42_2752,Córdoba,Tradicional,Secano,20.39,Hojiblanca,Cuajado,Franco-arcilloso,Bueno,7.7,2197.0,322.0,49.4,133.5,9.9,22.8,96,1.92,5128,0.8,1292,1.01,0.0
OLV_42_2753,Sevilla,Tradicional,Riego,40.6,Manzanilla,Floracion,Arcilloso,Moderado,15.7,1141.5,239.0,82.9,218.5,21.4,58.2,116,2.25,7213,0.8,1592,1.2,0.0
OLV_42_2754,Cadiz,Tradicional,Secano,37.08,Hojiblanca,Engorde,Arenoso,Moderado,0.0,1554.7,186.0,40.5,101.1,10.3,39.6,125,2.94,5461,0.75,868,0.54,0.0
OLV_42_2755,Granada,Tradicional,Riego,6.4,Hojiblanca,Cuajado,Arenoso,Moderado,5.1,1455.3,513.0,32.7,75.5,17.9,37.7,111,1.94,9568,0.78,1280,0.0,0.0
OLV_42_2756,Sevilla,Intensivo,Secano,14.69,Hojiblanca,Cuajado,Arenoso,Malo,1.2,938.6,144.0,59.1,120.7,22.8,42.7,103,1.72,6931,0.8,1345,0.62,0.0
OLV_42_2757,Sevilla,Superintensivo,Riego,45.01,Hojiblanca,Floracion,Limoso,Bueno,0.4,1750.2,128.0,99.8,132.6,19.8,43.4,77,1.98,12000,0.77,1925,1.84,0.0
OLV_42_2758,Jaén,Tradicional,Secano,32.3,Picual,Engorde,Franco-arcilloso,Moderado,10.6,836.4,573.0,68.9,165.3,9.8,31.5,67,2.47,5389,0.86,1420,0.26,0.0
OLV_42_2759,Jaén,Tradicional,Riego,28.7,Picual,Reposo,Franco-arcilloso,Bueno,3.0,2020.5,533.0,12.9,17.9,12.8,18.0,73,1.14,8763,0.78,1247,0.0,0.0
OLV_42_2760,Jaén,Tradicional,Secano,9.03,Arbequina,Engorde,Limoso,Moderado,12.0,547.7,524.0,153.4,380.0,17.0,57.5,48,2.3,4981,0.94,1485,2.77,0.0689
OLV_42_2761,Granada,Tradicional,Secano,38.51,Picual,Engorde,Franco-arcilloso,Malo,10.9,995.9,851.0,101.5,154.6,22.3,77.9,112,1.85,5253,0.83,964,2.11,0.0
OLV_42_2762,Málaga,Intensivo,Secano,27.04,Picual,Engorde,Limoso,Bueno,5.7,488.5,292.0,61.8,182.3,12.1,50.8,148,1.85,6661,0.84,1371,0.91,0.0
OLV_42_2763,Granada,Tradicional,Riego,15.79,Picual,Reposo,Limoso,Malo,7.1,2293.3,505.0,185.9,380.0,20.0,79.5,65,1.74,9537,0.84,1371,3.93,0.0256
OLV_42_2764,Sevilla,Superintensivo,Riego,40.56,Manzanilla,Engorde,Arcilloso,Bueno,6.0,1515.6,296.0,39.0,144.8,18.5,21.6,148,1.97,12000,0.79,2160,0.52,0.0
OLV_42_2765,Jaén,Tradicional,Secano,2.74,Picual,Cuajado,Arenoso,Moderado,6.7,714.2,404.0,49.1,69.6,22.0,32.5,116,0.84,5606,0.78,1180,0.0,0.0
OLV_42_2766,Cadiz,Tradicional,Riego,46.1,Manzanilla,Cuajado,Arcilloso,Moderado,9.2,1920.8,155.0,29.5,81.1,12.9,48.6,48,2.01,7805,0.76,1250,1.76,0.0
OLV_42_2767,Jaén,Tradicional,Secano,11.94,Arbequina,Brotacion,Franco-arcilloso,Moderado,4.9,989.9,557.0,82.7,156.2,18.0,82.0,97,2.96,4456,0.87,1128,2.32,0.0
OLV_42_2768,Granada,Intensivo,Riego,35.49,Picual,Cuajado,Franco-arcilloso,Moderado,9.4,460.0,736.0,6.5,12.8,9.3,27.4,40,2.63,11656,0.0,1659,0.0,0.0
OLV_42_2769,Málaga,Intensivo,Riego,24.86,Hojiblanca,Cuajado,Arcilloso,Bueno,1.8,1348.0,298.0,115.2,380.0,21.2,55.1,54,2.07,10473,0.83,1626,4.38,0.1429
OLV_42_2770,Jaén,Intensivo,Riego,7.14,Picual,Brotacion,Franco,Bueno,4.4,1238.0,657.0,40.1,107.9,8.0,24.6,81,1.26,11698,0.91,1781,0.81,0.0
OLV_42_2771,Cadiz,Tradicional,Secano,18.07,Arbequina,Brotacion,Franco,Moderado,0.8,1001.4,130.0,28.1,66.6,18.4,27.4,128,2.97,5012,0.89,894,0.42,0.0
OLV_42_2772,Jaén,Intensivo,Riego,45.19,Picual,Floracion,Arcilloso,Moderado,6.9,561.1,467.0,251.2,380.0,17.1,62.7,40,1.14,10526,0.77,1679,4.29,0.4891
OLV_42_2773,Granada,Intensivo,Secano,19.7,Hojiblanca,Brotacion,Franco-arcilloso,Moderado,4.8,1719.9,670.0,33.6,45.6,15.7,30.7,125,0.81,6234,0.79,1488,0.29,0.0
OLV_42_2774,Sevilla,Tradicional,Secano,3.59,Arbequina,Brotacion,Limoso,Malo,10.0,361.2,146.0,52.1,72.3,16.7,59.5,107,2.69,4878,0.84,1331,0.67,0.0
OLV_42_2775,Córdoba,Tradicional,Secano,36.79,Hojiblanca,Brotacion,Arcilloso,Moderado,2.3,572.7,293.0,188.0,251.4,18.4,65.0,61,2.57,5305,0.83,1290,3.98,0.0829
OLV_42_2776,Jaén,Intensivo,Secano,48.8,Picual,Floracion,Franco,Moderado,3.5,1198.1,425.0,32.8,66.7,20.8,27.6,53,1.31,6741,0.83,1519,0.16,0.0
OLV_42_2777,Jaén,Intensivo,Secano,41.9,Picual,Cuajado,Arcilloso,Moderado,8.1,275.4,539.0,263.8,380.0,19.6,82.0,32,1.81,6436,0.87,1624,3.42,0.4915
OLV_42_2778,Jaén,Tradicional,Secano,7.78,Picual,Engorde,Franco-arcilloso,Bueno,5.8,527.3,523.0,73.5,274.5,15.1,43.3,82,2.57,5394,0.85,1241,1.56,0.0
OLV_42_2779,Sevilla,Tradicional,Riego,11.37,Manzanilla,Brotacion,Franco,Moderado,6.5,886.3,183.0,42.1,128.3,14.6,38.0,94,1.19,8437,0.72,1383,0.0,0.0
OLV_42_2780,Córdoba,Tradicional,Secano,8.28,Picual,Floracion,Limoso,Bueno,3.8,2180.0,374.0,47.1,54.8,19.2,27.9,113,1.94,5538,0.82,1057,0.15,0.0
OLV_42_2781,Jaén,Tradicional,Secano,22.7,Picual,Brotacion,Arcilloso,Bueno,5.7,697.9,501.0,72.1,193.7,13.5,48.7,112,2.88,5733,0.85,1175,1.99,0.0
OLV_42_2782,Jaén,Tradicional,Secano,36.05,Picual,Floracion,Limoso,Moderado,4.8,787.3,544.0,19.9,54.3,19.2,29.0,140,2.36,5121,0.85,1026,1.31,0.0
OLV_42_2783,Jaén,Tradicional,Secano,8.13,Cornicabra,Floracion,Franco,Bueno,4.5,1969.3,368.0,41.9,133.2,19.4,21.7,93,2.4,5120,0.84,1347,0.0,0.0
OLV_42_2784,Jaén,Tradicional,Secano,17.49,Picual,Floracion,Arenoso,Malo,8.8,1245.5,600.0,110.6,297.8,13.1,29.2,111,1.48,5306,0.88,1278,2.3,0.0
OLV_42_2785,Jaén,Tradicional,Secano,21.61,Picual,Brotacion,Arcilloso,Bueno,9.8,270.4,399.0,25.4,42.6,15.3,34.2,58,1.54,5119,0.81,1168,0.46,0.0
OLV_42_2786,Jaén,Intensivo,Secano,2.73,Picual,Cuajado,Arenoso,Malo,5.4,645.6,567.0,144.0,286.5,16.8,26.9,130,1.06,7158,0.81,1429,1.96,0.0281
OLV_42_2787,Córdoba,Tradicional,Secano,24.68,Hojiblanca,Cuajado,Arcilloso,Moderado,8.7,1578.2,402.0,74.3,260.8,19.0,44.7,107,1.57,5369,0.81,1232,2.07,0.0
OLV_42_2788,Cadiz,Tradicional,Secano,27.86,Picual,Engorde,Arcilloso,Malo,2.4,1825.2,203.0,35.5,147.5,11.7,60.2,141,2.66,5360,0.82,953,1.43,0.0
OLV_42_2789,Jaén,Tradicional,Riego,33.12,Picual,Brotacion,Limoso,Bueno,8.2,907.8,494.0,124.1,370.5,16.2,46.3,89,2.0,8358,0.85,1483,2.37,0.0
OLV_42_2790,Sevilla,Intensivo,Riego,5.12,Hojiblanca,Reposo,Franco-arcilloso,Moderado,1.4,509.0,168.0,209.5,380.0,10.1,66.3,122,1.47,10195,0.77,1466,3.3,0.0171
OLV_42_2791,Granada,Intensivo,Secano,48.72,Hojiblanca,Brotacion,Limoso,Malo,2.9,29.2,584.0,200.3,380.0,12.6,109.3,36,2.92,6058,0.81,1685,5.5,0.1822
OLV_42_2792,Cadiz,Superintensivo,Secano,28.46,Arbequina,Cuajado,Arcilloso,Moderado,0.5,1908.6,0.0,102.0,346.1,15.2,58.2,73,1.03,8294,0.82,1790,3.57,0.1815
OLV_42_2793,Sevilla,Superintensivo,Riego,40.42,Manzanilla,Reposo,Franco-arcilloso,Moderado,10.2,292.4,222.0,218.9,380.0,22.5,63.9,50,0.98,12000,0.72,2035,3.5,0.0634
OLV_42_2794,Sevilla,Tradicional,Riego,14.05,Manzanilla,Reposo,Franco-arcilloso,Malo,2.6,526.1,143.0,154.2,296.8,12.3,68.5,49,3.0,9117,0.76,1304,4.49,0.0
OLV_42_2795,Sevilla,Tradicional,Secano,22.13,Hojiblanca,Cuajado,Franco,Moderado,9.7,1798.3,97.0,54.5,61.0,22.5,43.9,83,2.69,5920,0.79,1309,0.73,0.0
OLV_42_2796,Córdoba,Tradicional,Secano,36.5,Picual,Floracion,Arcilloso,Malo,3.4,436.2,269.0,85.6,202.7,16.8,82.0,77,1.67,5290,0.84,1149,3.05,0.0352
OLV_42_2797,Jaén,Tradicional,Secano,47.16,Picual,Engorde,Limoso,Malo,3.1,489.6,575.0,201.6,222.4,11.1,60.3,38,2.8,5965,0.9,1018,4.82,0.1247
OLV_42_2798,Jaén,Tradicional,Secano,17.05,Picual,Engorde,Franco,Malo,4.3,2259.4,628.0,17.9,34.5,8.6,35.8,125,2.92,5497,0.85,1113,0.0,0.0
OLV_42_2799,Córdoba,Tradicional,Secano,14.16,Manzanilla,Brotacion,Franco-arcilloso,Bueno,15.0,400.3,374.0,87.2,199.1,15.5,41.4,95,1.52,4332,0.81,1432,1.32,0.0
OLV_42_2800,Jaén,Intensivo,Secano,48.71,Picual,Brotacion,Limoso,Moderado,4.2,104.9,525.0,122.0,380.0,20.8,76.8,122,2.57,6906,0.83,1457,4.68,0.0326
OLV_42_2801,Jaén,Tradicional,Secano,16.16,Picual,Reposo,Arcilloso,Moderado,6.5,177.9,539.0,213.7,380.0,15.2,73.1,111,2.94,5560,0.82,1252,4.71,0.0
OLV_42_2802,Jaén,Tradicional,Secano,31.76,Picual,Cuajado,Franco-arcilloso,Bueno,2.5,998.8,459.0,70.6,183.0,17.7,46.6,122,1.82,5664,0.77,1146,1.64,0.0
OLV_42_2803,Cadiz,Superintensivo,Riego,46.27,Manzanilla,Engorde,Limoso,Malo,0.0,955.0,0.0,82.0,226.8,11.4,81.1,36,1.08,12000,0.81,1909,3.05,0.0
OLV_42_2804,Cadiz,Intensivo,Secano,13.88,Arbequina,Floracion,Franco-arcilloso,Malo,2.7,1117.6,36.0,107.3,354.1,22.6,60.5,149,0.84,5943,0.9,1331,2.51,0.1711
OLV_42_2805,Granada,Intensivo,Secano,46.39,Arbequina,Reposo,Arcilloso,Bueno,4.0,50.8,627.0,31.6,47.3,22.8,57.3,93,1.01,6335,0.89,1638,1.03,0.0
OLV_42_2806,Córdoba,Intensivo,Secano,8.59,Picual,Reposo,Franco,Malo,7.1,1582.4,341.0,77.4,230.7,23.0,51.1,83,1.17,6678,0.0,1471,2.13,0.0
OLV_42_2807,Córdoba,Intensivo,Riego,33.45,Hojiblanca,Cuajado,Limoso,Moderado,0.7,1524.6,398.0,43.9,91.5,17.4,37.9,108,1.22,11684,0.81,1509,0.38,0.0
OLV_42_2808,Granada,Tradicional,Secano,18.57,Picual,Floracion,Franco,Malo,7.4,616.0,540.0,47.2,162.6,26.5,54.5,95,2.5,5743,0.81,1197,1.45,0.0
OLV_42_2809,Granada,Tradicional,Secano,27.85,Picual,Floracion,Limoso,Bueno,4.1,306.3,556.0,17.2,44.7,20.2,42.2,95,1.26,5216,0.79,1275,0.04,0.0
OLV_42_2810,Sevilla,Intensivo,Riego,3.38,Manzanilla,Engorde,Franco-arcilloso,Malo,3.2,326.6,113.0,26.0,72.2,14.2,58.5,61,1.4,11509,0.74,1643,1.9,0.0
OLV_42_2811,Cadiz,Intensivo,Secano,49.14,Manzanilla,Brotacion,Arcilloso,Malo,0.5,589.3,91.0,6.9,24.1,16.8,49.2,101,2.81,6883,0.79,1546,0.0,0.0
OLV_42_2812,Córdoba,Tradicional,Riego,47.9,Hojiblanca,Cuajado,Franco-arcilloso,Moderado,2.4,1344.3,259.0,50.7,79.7,8.0,51.9,112,1.11,8955,0.81,1301,0.09,0.0
OLV_42_2813,Cadiz,Tradicional,Secano,13.42,Manzanilla,Reposo,Arcilloso,Malo,3.8,1727.4,132.0,37.7,147.1,13.0,52.4,124,2.45,5035,0.77,1159,0.83,0.0
OLV_42_2814,Córdoba,Tradicional,Secano,23.56,Arbequina,Reposo,Limoso,Moderado,14.9,594.8,194.0,,380.0,11.2,60.9,126,1.83,4792,0.9,1212,3.55,0.0
OLV_42_2815,Jaén,Intensivo,Secano,31.48,Picual,Engorde,Franco-arcilloso,Bueno,1.7,44.4,564.0,92.7,184.1,18.2,57.3,136,2.62,6912,0.74,1750,2.59,0.0
OLV_42_2816,Jaén,Tradicional,Secano,46.06,Picual,Floracion,Arenoso,Bueno,4.2,254.6,489.0,67.5,72.5,16.3,25.9,147,1.06,5193,0.79,1393,0.0,0.0
OLV_42_2817,Jaén,Tradicional,Secano,30.73,Picual,Engorde,Franco,Moderado,6.4,1779.5,487.0,196.3,380.0,14.4,59.1,37,1.2,5500,0.8,1486,3.99,0.1493
OLV_42_2818,Jaén,Intensivo,Secano,40.18,Picual,Floracion,Franco-arcilloso,Moderado,4.4,1367.9,669.0,54.1,159.0,11.8,43.6,69,1.35,6666,0.87,1375,1.45,0.0
OLV_42_2819,Córdoba,Tradicional,Secano,38.02,Picual,Floracion,Franco-arcilloso,Moderado,3.3,114.2,194.0,98.3,278.0,23.9,71.5,136,1.59,5390,0.82,1263,3.73,0.0721
OLV_42_2820,Jaén,Intensivo,Secano,23.26,Hojiblanca,Cuajado,Franco,Malo,8.7,1480.3,389.0,43.0,81.4,14.9,33.4,83,2.06,6427,0.85,1315,0.04,0.0
OLV_42_2821,Sevilla,Tradicional,Secano,18.3,Manzanilla,Floracion,Franco-arcilloso,Moderado,4.2,200.9,35.0,22.1,46.4,15.3,40.5,52,1.72,5437,0.8,1008,0.0,0.0
OLV_42_2822,Córdoba,Tradicional,Secano,11.87,Picual,Reposo,Limoso,Malo,2.3,592.4,299.0,138.2,380.0,18.0,65.9,34,1.18,5469,0.84,1060,3.42,0.0335
OLV_42_2823,Córdoba,Intensivo,Riego,9.93,Hojiblanca,Cuajado,Franco-arcilloso,Malo,7.4,84.3,282.0,97.0,234.1,14.8,82.0,121,2.27,12000,0.8,1884,4.07,0.0354
OLV_42_2824,Córdoba,Tradicional,Secano,24.84,Picual,Engorde,Arcilloso,Bueno,5.3,2006.6,196.0,94.3,154.2,20.9,109.5,75,1.01,5371,0.83,1341,2.11,0.0
OLV_42_2825,Jaén,Tradicional,Secano,25.06,Picual,Engorde,Arenoso,Bueno,10.5,487.3,655.0,64.9,128.4,16.7,28.5,57,1.14,4915,0.82,1206,0.0,0.0
OLV_42_2826,Córdoba,Tradicional,Riego,21.22,Picual,Floracion,Franco-arcilloso,Bueno,4.7,1731.6,448.0,99.3,180.6,11.0,54.8,106,1.54,9525,0.79,1326,2.88,0.0
OLV_42_2827,Sevilla,Intensivo,Secano,21.99,Hojiblanca,Engorde,Franco,Malo,3.9,698.9,175.0,45.0,53.3,18.2,54.2,61,2.14,6665,0.8,1504,1.1,0.0
OLV_42_2828,Jaén,Tradicional,Secano,41.74,Picual,Engorde,Franco,Bueno,7.0,2014.2,603.0,66.6,200.3,9.4,37.3,40,2.78,5361,0.76,1252,1.91,0.0
OLV_42_2829,Sevilla,Tradicional,Secano,34.37,Arbequina,Floracion,Franco-arcilloso,Malo,3.4,987.2,176.0,139.6,380.0,13.2,81.2,75,0.92,5268,0.9,952,4.04,0.3002
OLV_42_2830,Granada,Tradicional,Riego,43.66,Hojiblanca,Brotacion,Arenoso,Moderado,2.4,1016.3,697.0,140.9,380.0,24.7,31.2,134,2.63,9780,0.82,1373,1.59,0.0
OLV_42_2831,Cadiz,Tradicional,Riego,9.82,Picual,Engorde,Arenoso,Malo,4.8,1383.8,156.0,57.8,116.1,18.2,38.2,39,2.0,9876,0.78,1458,0.84,0.0
OLV_42_2832,Jaén,Intensivo,Secano,44.71,Picual,Floracion,Arcilloso,Moderado,7.3,851.4,483.0,119.1,339.6,16.4,56.2,101,1.11,5912,0.0,1953,4.3,0.2237
OLV_42_2833,Jaén,Tradicional,Secano,21.99,Picual,Cuajado,Limoso,Bueno,5.2,2313.3,716.0,186.9,380.0,14.4,51.5,138,1.0,5129,0.8,1123,3.35,0.1046
OLV_42_2834,Córdoba,Intensivo,Secano,41.76,Hojiblanca,Reposo,Franco,Bueno,2.3,1066.3,427.0,271.5,380.0,20.3,50.5,41,2.84,6299,0.81,1688,5.16,0.0
OLV_42_2835,Granada,Superintensivo,Riego,21.05,Hojiblanca,Cuajado,Arenoso,Moderado,9.8,1832.6,748.0,84.6,202.5,18.5,37.4,31,1.1,12000,0.84,2115,2.34,0.0
OLV_42_2836,Córdoba,Tradicional,Secano,24.23,Arbequina,Brotacion,Arcilloso,Moderado,2.4,191.2,203.0,164.9,380.0,24.6,63.4,47,1.47,5109,0.92,994,4.96,0.135
OLV_42_2837,Córdoba,Tradicional,Secano,32.09,Picual,Brotacion,Franco-arcilloso,Moderado,4.6,1075.4,330.0,30.1,82.1,16.6,40.8,113,1.76,5496,0.85,1239,0.19,0.0
OLV_42_2838,Córdoba,Tradicional,Riego,35.16,Hojiblanca,Floracion,Arcilloso,Moderado,11.6,1751.0,278.0,74.3,250.3,17.2,48.8,99,1.08,7695,0.81,1442,1.85,0.0
OLV_42_2839,Jaén,Tradicional,Secano,13.83,Picual,Brotacion,Arenoso,Malo,3.7,2242.4,702.0,84.3,194.0,8.7,45.3,51,2.91,5480,0.83,1127,1.43,0.0
OLV_42_2840,Córdoba,Tradicional,Secano,2.27,Picual,Engorde,Franco-arcilloso,Malo,6.6,518.0,314.0,155.7,218.1,18.3,77.9,52,2.95,5101,0.82,1209,4.76,0.0925
OLV_42_2841,Granada,Intensivo,Secano,25.28,Picual,Floracion,Arcilloso,Bueno,1.0,608.8,684.0,222.4,307.1,14.6,79.7,138,1.69,6936,0.82,1394,4.84,0.2209
OLV_42_2842,Granada,Tradicional,Secano,47.74,Hojiblanca,Cuajado,Arcilloso,Moderado,3.4,415.0,537.0,128.4,375.6,19.8,68.3,32,2.5,4968,0.78,1225,3.74,0.2919
OLV_42_2843,Jaén,Tradicional,Secano,13.9,Picual,Floracion,Arcilloso,Bueno,6.0,523.8,512.0,153.5,316.0,10.7,68.1,71,1.07,5216,0.81,1298,3.57,0.2633
OLV_42_2844,Cadiz,Tradicional,Secano,42.36,Manzanilla,Engorde,Arcilloso,Malo,8.4,2108.0,298.0,104.2,173.8,14.6,82.0,32,2.9,4535,0.74,1324,4.8,0.023
OLV_42_2845,Córdoba,Intensivo,Riego,17.33,Picual,Floracion,Arenoso,Bueno,3.4,454.6,265.0,107.4,235.5,17.7,105.6,67,2.29,12000,0.84,1549,1.57,0.0
OLV_42_2846,Córdoba,Tradicional,Secano,17.11,Picual,Brotacion,Franco-arcilloso,Malo,6.0,241.1,368.0,213.4,380.0,13.3,64.0,123,1.83,5269,0.85,1313,4.13,0.088
OLV_42_2847,Córdoba,Tradicional,Secano,39.07,Hojiblanca,Reposo,Franco-arcilloso,Bueno,9.9,2095.8,302.0,27.5,83.2,22.3,21.9,131,2.13,4690,0.79,1253,0.0,0.0
OLV_42_2848,Granada,Tradicional,Secano,22.42,Arbequina,Reposo,Franco,Malo,3.4,1774.0,707.0,72.9,276.9,22.5,43.7,73,2.23,4823,0.91,1201,1.97,0.0
OLV_42_2849,Jaén,Tradicional,Secano,43.73,Picual,Cuajado,Franco-arcilloso,Moderado,2.5,1689.6,477.0,51.8,144.9,17.7,56.4,71,2.75,5927,0.8,1020,1.61,0.0
OLV_42_2850,Jaén,Tradicional,Secano,46.36,Picual,Brotacion,Arenoso,Bueno,11.9,1470.2,507.0,22.5,59.7,17.0,20.5,116,1.91,4416,0.85,1055,0.01,0.0
OLV_42_2851,Córdoba,Tradicional,Riego,27.79,Arbequina,Brotacion,Arenoso,Moderado,2.1,189.7,426.0,45.1,80.4,21.1,20.3,61,2.29,8305,0.92,1144,0.79,0.0
OLV_42_2852,Jaén,Intensivo,Secano,34.06,Cornicabra,Brotacion,Franco,Malo,3.8,904.1,751.0,138.7,380.0,21.9,73.8,110,1.28,6868,0.8,1293,3.85,0.0416
OLV_42_2853,Cadiz,Intensivo,Secano,11.25,Manzanilla,Floracion,Arcilloso,Bueno,5.0,939.9,71.0,283.1,380.0,13.1,52.5,125,2.26,6626,0.75,1440,2.77,0.1018
OLV_42_2854,Córdoba,Superintensivo,Riego,22.21,Hojiblanca,Brotacion,Arcilloso,Bueno,0.0,1375.3,364.0,82.8,169.4,16.8,66.8,62,1.36,12000,0.8,2120,2.31,0.0
OLV_42_2855,Sevilla,Intensivo,Secano,39.6,Hojiblanca,Engorde,Franco,Malo,4.0,1817.6,169.0,140.8,328.9,21.9,68.5,61,2.0,5906,0.81,1335,3.49,0.1502
OLV_42_2856,Córdoba,Tradicional,Secano,48.84,Picual,Engorde,Franco-arcilloso,Moderado,8.2,1211.1,402.0,55.4,155.5,21.2,61.6,105,2.1,5146,0.83,1145,1.57,0.0
OLV_42_2857,Córdoba,Intensivo,Riego,41.13,Hojiblanca,Brotacion,Franco,Moderado,4.3,1344.6,221.0,110.4,320.1,22.6,58.3,40,2.43,11486,0.71,1807,2.97,0.0
OLV_42_2858,Málaga,Intensivo,Riego,17.26,Arbequina,Brotacion,Limoso,Malo,3.7,599.6,225.0,164.3,380.0,16.2,82.0,101,1.21,10703,0.85,1791,3.17,0.0964
OLV_42_2859,Jaén,Tradicional,Secano,20.14,Picual,Engorde,Franco-arcilloso,Malo,3.2,323.2,783.0,251.8,380.0,14.8,67.6,148,0.82,5746,0.84,1113,2.26,0.1524
OLV_42_2860,Sevilla,Tradicional,Secano,45.41,Hojiblanca,Reposo,Arenoso,Bueno,6.3,1095.9,211.0,21.4,26.4,22.4,31.9,62,1.99,5088,0.81,1140,0.86,0.0
OLV_42_2861,Sevilla,Tradicional,Secano,23.74,Arbequina,Floracion,Limoso,Bueno,6.5,2355.8,92.0,99.9,282.1,16.1,41.1,34,0.92,4533,0.86,1204,1.83,0.0429
OLV_42_2862,Sevilla,Intensivo,Secano,22.79,Picual,Engorde,Arcilloso,Bueno,1.3,2050.8,120.0,28.8,83.2,15.9,21.6,127,1.57,6796,0.78,1532,0.0,0.0
OLV_42_2863,Córdoba,Intensivo,Secano,11.34,Picual,Floracion,Arcilloso,Moderado,13.1,264.3,311.0,125.7,380.0,19.8,59.4,113,2.44,6587,0.84,1578,2.02,0.1956
OLV_42_2864,Córdoba,Tradicional,Secano,23.8,Picual,Reposo,Limoso,Malo,2.8,1248.9,207.0,210.5,380.0,15.9,82.0,132,2.38,5192,0.79,936,4.82,0.0141
OLV_42_2865,Córdoba,Tradicional,Riego,6.15,Hojiblanca,Reposo,Arcilloso,Moderado,8.6,2010.4,335.0,66.9,193.3,16.8,61.6,90,1.13,8726,0.81,1465,1.43,0.0
OLV_42_2866,Jaén,Intensivo,Secano,3.52,Picual,Engorde,Franco,Malo,4.1,1176.3,507.0,76.8,249.1,10.7,50.0,65,1.56,6872,0.81,1408,2.58,0.0
OLV_42_2867,Cadiz,Intensivo,Secano,10.84,Manzanilla,Cuajado,Franco-arcilloso,Malo,0.6,547.7,100.0,175.2,197.6,16.7,82.0,33,1.47,6424,0.8,1333,5.45,0.3802
OLV_42_2868,Granada,Tradicional,Secano,17.99,Picual,Floracion,Arcilloso,Moderado,2.6,46.3,554.0,317.6,380.0,16.2,63.3,75,2.26,5408,0.81,1233,3.19,0.447
OLV_42_2869,Jaén,Tradicional,Secano,48.15,Picual,Floracion,Arenoso,Bueno,4.2,685.2,497.0,36.9,73.4,16.1,18.0,77,1.76,5110,0.83,1063,0.0,0.0
OLV_42_2870,Sevilla,Tradicional,Secano,11.21,Picual,Reposo,Arenoso,Malo,6.3,1199.7,133.0,117.1,380.0,11.2,47.4,125,2.11,5628,0.84,946,2.36,0.0
OLV_42_2871,Málaga,Tradicional,Secano,3.59,Hojiblanca,Reposo,Arenoso,Malo,3.8,1059.4,311.0,75.5,190.1,21.5,30.8,147,1.28,5035,0.82,1125,1.53,0.0
OLV_42_2872,Granada,Intensivo,Secano,13.63,Picual,Brotacion,Arenoso,Malo,8.2,79.9,687.0,208.9,380.0,15.2,57.8,70,2.32,6545,0.88,1270,2.88,0.0706
OLV_42_2873,Jaén,Tradicional,Riego,29.46,Picual,Floracion,Arenoso,Moderado,4.5,2184.8,537.0,36.2,72.8,14.6,19.6,64,2.77,9282,0.86,1387,0.51,0.0
OLV_42_2874,Sevilla,Intensivo,Secano,44.98,Picual,Brotacion,Arenoso,Moderado,4.3,1540.2,158.0,99.5,153.3,12.5,34.5,31,1.98,6657,0.84,1686,0.86,0.0
OLV_42_2875,Cadiz,Intensivo,Riego,31.27,Hojiblanca,Engorde,Arcilloso,Malo,7.9,147.0,148.0,174.7,380.0,15.5,82.0,144,1.07,9813,0.77,1913,5.49,0.1009
OLV_42_2876,Cadiz,Intensivo,Secano,8.59,Hojiblanca,Floracion,Franco-arcilloso,Malo,1.8,1597.2,0.0,42.9,73.9,12.7,45.8,40,2.38,6635,0.84,1467,1.32,0.0
OLV_42_2877,Jaén,Tradicional,Secano,33.65,Picual,Floracion,Arcilloso,Bueno,6.3,2016.6,534.0,88.3,150.3,14.4,55.5,30,1.81,5739,0.76,1291,2.0,0.0
OLV_42_2878,Jaén,Tradicional,Secano,34.27,Hojiblanca,Reposo,Franco-arcilloso,Moderado,7.1,1609.9,498.0,20.1,39.4,15.3,29.0,86,1.85,5300,0.78,1038,0.0,0.0
OLV_42_2879,Jaén,Tradicional,Riego,34.78,Hojiblanca,Floracion,Arcilloso,Bueno,6.7,151.1,532.0,79.4,129.6,20.0,68.7,99,1.41,8817,0.82,1259,0.99,0.0
OLV_42_2880,Sevilla,Intensivo,Secano,48.97,Hojiblanca,Reposo,Franco,Bueno,2.5,494.8,9.0,64.5,145.4,17.3,60.6,69,0.91,6738,0.81,1513,1.08,0.0
OLV_42_2881,Sevilla,Tradicional,Riego,6.93,Picual,Brotacion,Limoso,Moderado,4.7,278.6,72.0,316.1,380.0,16.1,78.7,35,2.28,8721,0.81,1420,4.87,0.1732
OLV_42_2882,Jaén,Tradicional,Riego,35.67,Picual,Engorde,Arenoso,Moderado,11.0,1180.4,514.0,175.9,380.0,19.2,28.1,30,0.84,9398,0.8,1526,2.2,0.0
OLV_42_2883,Cadiz,Tradicional,Riego,8.44,Hojiblanca,Brotacion,Arenoso,Malo,5.4,2019.9,13.0,103.2,214.9,17.2,46.8,51,1.76,9125,0.73,1266,2.59,0.0
OLV_42_2884,Cadiz,Intensivo,Riego,22.32,Hojiblanca,Reposo,Limoso,Bueno,0.4,2334.8,246.0,304.6,380.0,17.1,71.5,124,1.19,10445,0.75,1670,2.86,0.0534
OLV_42_2885,Sevilla,Intensivo,Secano,46.68,Picual,Brotacion,Arcilloso,Malo,8.4,391.8,10.0,89.1,181.0,19.2,63.5,79,1.51,6485,0.75,1442,3.7,0.0
OLV_42_2886,Sevilla,Intensivo,Riego,27.23,Picual,Brotacion,Franco-arcilloso,Bueno,7.3,813.0,225.0,96.6,148.3,16.0,54.1,45,1.49,11628,0.79,1668,1.49,0.0
OLV_42_2887,Jaén,Tradicional,Secano,11.52,Picual,Cuajado,Franco,Moderado,60.0,2347.3,467.0,116.2,252.7,12.5,34.5,98,2.25,5704,0.87,1118,2.22,0.0
OLV_42_2888,Granada,Tradicional,Riego,26.4,Hojiblanca,Cuajado,Arcilloso,Malo,2.9,1502.3,643.0,61.6,108.0,18.0,62.7,138,1.14,9927,0.82,1295,2.0,0.0
OLV_42_2889,Córdoba,Intensivo,Secano,18.12,Manzanilla,Engorde,Limoso,Bueno,3.7,84.9,142.0,58.3,186.5,14.6,46.3,105,2.2,6547,0.8,1321,2.07,0.0
OLV_42_2890,Cadiz,Superintensivo,Secano,43.89,Hojiblanca,Engorde,Arcilloso,Moderado,0.0,991.5,0.0,235.5,380.0,18.0,55.7,54,1.05,8259,0.75,1592,5.32,0.2201
OLV_42_2891,Málaga,Intensivo,Secano,13.91,Arbequina,Engorde,Franco,Moderado,3.8,1439.8,348.0,109.3,205.3,20.7,56.7,98,2.31,6063,0.84,1347,3.01,0.0
OLV_42_2892,Sevilla,Intensivo,Riego,25.09,Manzanilla,Floracion,Arenoso,Bueno,2.7,1631.8,145.0,14.1,45.1,21.3,20.8,85,0.96,10531,0.78,1511,0.67,0.0
OLV_42_2893,Sevilla,Intensivo,Secano,34.01,Hojiblanca,Floracion,Arcilloso,Malo,0.7,1221.6,154.0,57.6,173.4,17.8,63.9,97,3.0,7276,0.77,1272,1.92,0.0
OLV_42_2894,Sevilla,Tradicional,Secano,24.76,Manzanilla,Reposo,Arcilloso,Moderado,9.3,1676.0,221.0,66.7,172.4,11.7,43.4,43,2.97,5185,0.77,1179,1.48,0.0
OLV_42_2895,Jaén,Tradicional,Secano,43.52,Picual,Floracion,Arcilloso,Bueno,4.0,227.1,457.0,34.4,62.7,21.6,47.7,107,2.18,5272,0.81,1026,0.0,0.0
OLV_42_2896,Granada,Intensivo,Riego,48.62,Picual,Engorde,Arenoso,Malo,1.5,2305.4,636.0,26.9,31.9,15.9,35.7,38,1.45,10906,0.81,1679,1.08,0.0
OLV_42_2897,Granada,Intensivo,Secano,5.9,Picual,Floracion,Franco-arcilloso,Malo,3.6,104.0,841.0,83.6,310.1,14.6,74.8,123,1.19,7039,0.85,1552,4.0,0.05
OLV_42_2898,Córdoba,Intensivo,Riego,6.65,Hojiblanca,Cuajado,Limoso,Moderado,3.6,1445.9,285.0,139.3,322.2,13.3,58.3,111,2.61,11913,0.8,1557,3.22,0.1208
OLV_42_2899,Sevilla,Tradicional,Secano,39.54,Manzanilla,Floracion,Limoso,Moderado,5.2,325.8,90.0,164.0,380.0,17.6,54.3,45,2.56,4904,0.71,1163,4.57,0.1864
OLV_42_2900,Granada,Tradicional,Secano,47.2,Picual,Reposo,Franco,Moderado,1.8,1703.6,583.0,156.9,380.0,12.2,50.8,32,1.43,5120,0.81,942,4.49,0.0
OLV_42_2901,Cadiz,Superintensivo,Riego,7.28,Hojiblanca,Cuajado,Franco-arcilloso,Moderado,0.8,1839.7,248.0,101.9,274.9,20.5,77.5,149,1.03,12000,0.82,1706,3.38,0.0887
OLV_42_2902,Granada,Intensivo,Secano,18.08,Picual,Cuajado,Arcilloso,Malo,6.1,251.4,614.0,101.2,130.1,22.5,65.6,130,1.24,6737,0.89,1504,2.97,0.0
OLV_42_2903,Jaén,Tradicional,Secano,31.59,Hojiblanca,Cuajado,Arenoso,Moderado,5.2,2110.5,512.0,65.4,107.2,15.4,26.0,114,1.82,5402,0.82,1257,0.0,0.0
OLV_42_2904,Granada,Intensivo,Secano,16.37,Hojiblanca,Reposo,Arenoso,Malo,6.6,316.2,625.0,14.4,46.5,20.8,45.7,128,1.97,6632,0.81,1422,0.46,0.0
OLV_42_2905,Málaga,Intensivo,Riego,33.08,Arbequina,Cuajado,Franco-arcilloso,Bueno,4.0,1778.5,246.0,108.2,380.0,19.4,29.8,59,2.64,11030,0.9,1388,1.89,0.0
OLV_42_2906,Málaga,Intensivo,Secano,32.28,Arbequina,Floracion,Limoso,Malo,2.2,353.9,375.0,116.4,333.2,10.2,76.6,66,1.31,6179,0.89,1592,3.56,0.3451
OLV_42_2907,Granada,Tradicional,Secano,19.94,Picual,Floracion,Arcilloso,Moderado,1.5,312.2,656.0,14.4,61.0,13.7,38.1,121,1.1,5125,0.87,1252,0.91,0.0
OLV_42_2908,Jaén,Tradicional,Secano,21.01,Picual,Cuajado,Arenoso,Malo,11.3,758.2,534.0,21.2,81.3,24.5,30.6,95,2.65,5349,0.93,1512,0.0,0.0
OLV_42_2909,Jaén,Tradicional,Secano,27.95,Picual,Engorde,Franco-arcilloso,Malo,12.5,875.4,695.0,51.5,133.8,19.9,52.2,75,1.22,4946,0.78,1365,1.48,0.0
OLV_42_2910,Jaén,Tradicional,Riego,41.74,Picual,Reposo,Franco,Moderado,5.6,1934.8,393.0,47.9,97.7,16.1,36.2,108,1.96,10404,0.83,1467,0.0,0.0
OLV_42_2911,Córdoba,Tradicional,Secano,45.26,Picual,Engorde,Limoso,Malo,8.6,694.6,278.0,63.1,132.0,12.2,70.0,53,3.0,5720,0.79,1392,1.2,0.0
OLV_42_2912,Jaén,Tradicional,Secano,45.66,Picual,Cuajado,Limoso,Moderado,11.3,1848.5,467.0,71.7,221.0,16.7,39.6,77,1.81,5173,0.8,1185,1.02,0.0
OLV_42_2913,Granada,Intensivo,Secano,14.92,Picual,Engorde,Franco,Malo,4.6,2085.3,813.0,26.6,66.4,26.1,30.2,131,2.93,6795,0.86,1483,0.0,0.0
OLV_42_2914,Sevilla,Intensivo,Secano,36.69,Manzanilla,Cuajado,Arcilloso,Malo,2.7,1817.4,296.0,144.0,378.8,25.8,71.4,94,2.24,6436,0.8,1495,4.1,0.2492
OLV_42_2915,Sevilla,Intensivo,Secano,11.16,Manzanilla,Reposo,Franco,Bueno,9.4,45.6,304.0,64.9,156.1,16.6,35.0,92,2.97,6648,0.75,1465,0.48,0.0
OLV_42_2916,Sevilla,Superintensivo,Riego,22.28,Picual,Floracion,Franco-arcilloso,Malo,0.0,1672.5,208.0,95.8,352.2,16.2,61.7,115,2.54,12000,0.82,1830,2.74,0.1184
OLV_42_2917,Córdoba,Tradicional,Secano,26.56,Manzanilla,Brotacion,Limoso,Moderado,1.6,2149.8,285.0,48.0,53.0,16.7,32.7,53,2.3,4854,0.76,1297,0.0,0.0
OLV_42_2918,Sevilla,Intensivo,Riego,32.27,Manzanilla,Floracion,Arcilloso,Moderado,2.1,770.3,159.0,85.5,202.3,18.0,78.1,87,2.18,11138,0.8,1708,3.55,0.02
OLV_42_2919,Jaén,Intensivo,Riego,7.63,Picual,Reposo,Franco-arcilloso,Malo,4.6,698.1,511.0,215.9,240.0,17.0,59.2,77,1.82,10886,0.85,1645,5.38,0.0421
OLV_42_2920,Málaga,Tradicional,Secano,23.59,Arbequina,Floracion,Arenoso,Malo,5.2,2131.1,420.0,10.5,25.4,20.3,35.3,135,2.66,5331,0.9,1240,0.0,0.0
OLV_42_2921,Córdoba,Tradicional,Secano,16.31,Picual,Floracion,Arenoso,Bueno,2.7,1194.4,345.0,229.8,379.5,14.8,22.5,43,2.19,5018,0.83,1200,2.57,0.0244
OLV_42_2922,Sevilla,Tradicional,Secano,30.42,Hojiblanca,Engorde,Arcilloso,Bueno,5.6,1416.9,156.0,98.9,339.2,19.4,44.6,85,1.53,4968,0.81,1206,3.19,0.0
OLV_42_2923,Málaga,Intensivo,Secano,25.28,Arbequina,Engorde,Arenoso,Malo,2.7,1280.5,140.0,83.6,245.4,21.2,29.2,130,2.29,5999,0.87,1073,0.97,0.0
OLV_42_2924,Córdoba,Tradicional,Secano,19.92,Picual,Brotacion,Limoso,Moderado,6.4,1806.5,359.0,13.9,57.9,13.8,40.3,42,2.95,26210,0.79,1129,0.9,0.0
OLV_42_2925,Córdoba,Tradicional,Riego,40.93,Hojiblanca,Reposo,Franco-arcilloso,Bueno,1.9,1291.4,316.0,66.7,141.1,12.5,31.0,106,1.54,9105,0.82,1184,1.03,0.0
OLV_42_2926,Jaén,Tradicional,Secano,4.92,Cornicabra,Engorde,Arenoso,Malo,4.7,564.9,622.0,125.0,378.9,15.1,47.9,133,1.13,5528,0.85,1145,4.13,0.0352
OLV_42_2927,Jaén,Tradicional,Secano,38.93,Picual,Cuajado,Limoso,Bueno,10.6,817.6,591.0,110.6,380.0,8.0,40.7,71,1.44,5247,0.84,1474,1.4,0.0347
OLV_42_2928,Córdoba,Tradicional,Secano,35.35,Hojiblanca,Engorde,Arenoso,Malo,2.4,1488.3,222.0,257.6,380.0,9.4,37.1,130,2.88,5502,0.81,1259,3.57,0.0
OLV_42_2929,Málaga,Tradicional,Secano,2.53,Hojiblanca,Reposo,Franco-arcilloso,Malo,2.3,1795.4,398.0,50.5,86.3,20.9,41.4,90,2.05,5163,0.82,1119,0.0,0.0
OLV_42_2930,Sevilla,Tradicional,Riego,43.26,Manzanilla,Brotacion,Franco-arcilloso,Moderado,7.6,867.0,167.0,54.6,91.8,19.1,42.6,79,2.34,9123,0.74,1519,0.01,0.0
OLV_42_2931,Jaén,Tradicional,Secano,5.77,Picual,Cuajado,Franco,Moderado,3.4,2167.5,529.0,34.5,110.7,12.1,24.1,107,2.89,5124,0.84,965,0.0,0.0
OLV_42_2932,Granada,Intensivo,Secano,25.46,Picual,Floracion,Arcilloso,Moderado,1.5,1214.7,727.0,42.8,97.4,17.4,43.9,120,2.76,7094,0.79,1425,1.0,0.0
OLV_42_2933,Málaga,Tradicional,Secano,20.58,Manzanilla,Reposo,Arcilloso,Bueno,7.3,1615.4,182.0,84.9,263.6,20.1,58.1,72,1.79,4537,0.82,1298,2.15,0.0
OLV_42_2934,Córdoba,Tradicional,Riego,25.07,Picual,Engorde,Arenoso,Moderado,6.0,2085.8,336.0,77.4,175.3,18.2,28.6,101,1.42,8173,0.86,1455,0.25,0.0
OLV_42_2935,Jaén,Tradicional,Riego,34.01,Picual,Brotacion,Arenoso,Malo,5.4,2205.1,347.0,170.8,380.0,21.7,40.9,41,1.17,7661,0.8,1242,3.04,0.0129
OLV_42_2936,Sevilla,Tradicional,Riego,12.05,Arbequina,Brotacion,Franco-arcilloso,Moderado,2.7,1768.0,97.0,12.0,24.8,17.6,43.6,58,1.26,8645,0.88,1385,0.44,0.0
OLV_42_2937,Córdoba,Tradicional,Secano,47.99,Arbequina,Brotacion,Limoso,Malo,6.4,30.3,313.0,111.1,295.2,14.8,80.9,138,2.2,4999,0.87,1183,2.67,0.0373
OLV_42_2938,Sevilla,Intensivo,Riego,46.68,Manzanilla,Floracion,Arenoso,Moderado,5.2,1454.0,43.0,107.6,245.9,19.9,41.9,122,1.34,10730,0.74,1628,1.67,0.0246
OLV_42_2939,Sevilla,Intensivo,Secano,3.92,Cornicabra,Reposo,Franco-arcilloso,Moderado,2.6,1747.2,326.0,53.5,208.7,26.0,60.3,52,2.67,6682,0.81,1399,2.26,0.0
OLV_42_2940,Jaén,Tradicional,Secano,9.37,Picual,Floracion,Franco,Bueno,6.1,1590.2,544.0,50.8,56.4,15.1,26.4,131,2.24,5143,0.78,1230,0.0,0.0
OLV_42_2941,Sevilla,Superintensivo,Riego,10.88,Manzanilla,Engorde,Franco,Malo,5.6,1026.5,117.0,90.5,286.5,19.2,76.9,55,1.46,11858,0.76,1846,3.29,0.0714
OLV_42_2942,Cadiz,Intensivo,Secano,9.41,Manzanilla,Brotacion,Arenoso,Malo,3.3,180.8,371.0,81.8,187.7,10.7,33.0,34,1.21,6111,0.79,1223,1.8,0.0
OLV_42_2943,Granada,Tradicional,Riego,20.02,Picual,Floracion,Arenoso,Malo,2.1,788.6,592.0,74.2,232.8,8.6,26.0,106,2.88,10065,0.8,1117,0.65,0.0
OLV_42_2944,Granada,Tradicional,Riego,23.77,Arbequina,Cuajado,Arenoso,Malo,4.7,1379.1,522.0,35.5,48.9,17.3,28.0,124,1.42,8643,0.88,1457,0.16,0.0
OLV_42_2945,Jaén,Tradicional,Secano,40.6,Picual,Engorde,Arcilloso,Bueno,9.8,1241.5,530.0,96.3,142.1,22.0,43.9,145,1.07,4844,0.85,1212,1.68,0.0
OLV_42_2946,Granada,Tradicional,Secano,2.21,Picual,Engorde,Limoso,Moderado,6.9,594.7,698.0,133.3,235.7,16.2,65.9,146,2.58,5711,0.79,1248,4.86,0.0
OLV_42_2947,Córdoba,Tradicional,Riego,35.0,Hojiblanca,Floracion,Franco,Moderado,8.6,1669.3,408.0,90.2,262.0,24.8,22.8,94,1.55,8825,0.77,1324,1.58,0.0
OLV_42_2948,Jaén,Tradicional,Riego,8.93,Hojiblanca,Reposo,Franco-arcilloso,Moderado,9.5,329.5,528.0,297.8,380.0,20.6,70.8,54,1.03,7506,0.79,1440,4.65,0.0591
OLV_42_2949,Sevilla,Superintensivo,Riego,17.57,Picual,Engorde,Franco-arcilloso,Malo,3.5,290.6,0.0,304.6,380.0,14.5,61.7,69,2.85,12000,0.77,2139,3.67,0.2205
OLV_42_2950,Córdoba,Tradicional,Secano,21.81,Picual,Cuajado,Franco-arcilloso,Moderado,3.9,852.2,224.0,74.3,128.4,19.0,62.7,37,2.54,5433,0.86,1054,2.89,0.0
OLV_42_2951,Córdoba,Intensivo,Secano,26.14,Hojiblanca,Reposo,Limoso,Moderado,1.4,1799.7,305.0,51.2,73.7,14.0,54.9,48,2.32,6378,0.81,1436,0.81,0.0
OLV_42_2952,Cadiz,Tradicional,Riego,21.76,Hojiblanca,Brotacion,Limoso,Malo,2.9,886.8,126.0,41.3,123.1,17.7,42.2,112,2.73,8005,0.79,1162,1.1,0.0
OLV_42_2953,Sevilla,Tradicional,Secano,17.8,Picual,Brotacion,Arcilloso,Bueno,6.8,1231.7,206.0,98.6,194.5,19.0,39.8,44,1.95,5558,0.82,1161,2.53,0.0
OLV_42_2954,Cadiz,Tradicional,Secano,43.62,Manzanilla,Engorde,Arcilloso,Malo,2.4,1331.5,374.0,35.2,86.2,13.2,44.0,139,2.65,5142,0.77,941,0.0,0.0
OLV_42_2955,Granada,Tradicional,Secano,16.15,Picual,Cuajado,Arenoso,Bueno,4.6,2007.6,620.0,34.0,67.9,17.5,33.3,45,1.37,5016,0.81,1154,0.0,0.0
OLV_42_2956,Cadiz,Superintensivo,Riego,35.54,Manzanilla,Brotacion,Franco,Malo,1.0,1550.6,236.0,,154.8,17.1,38.8,40,2.11,12000,0.76,2075,0.65,0.0
OLV_42_2957,Cadiz,Tradicional,Riego,27.41,Manzanilla,Reposo,Franco,Malo,5.3,248.0,36.0,41.8,146.5,13.6,44.1,115,2.38,8966,0.78,1476,1.41,0.0
OLV_42_2958,Granada,Intensivo,Secano,4.08,Picual,Cuajado,Limoso,Moderado,3.1,1612.9,662.0,228.1,380.0,10.3,62.8,73,1.16,6638,0.85,1337,3.73,0.2273
OLV_42_2959,Jaén,Tradicional,Secano,18.35,Picual,Engorde,Arenoso,Bueno,6.5,2161.7,607.0,45.5,166.4,20.0,31.3,46,1.82,5473,0.81,1280,0.87,0.0
OLV_42_2960,Granada,Intensivo,Riego,33.42,Picual,Engorde,Arenoso,Moderado,8.8,2081.4,635.0,54.2,165.1,11.2,24.1,82,2.61,11458,0.86,1990,0.17,0.0
OLV_42_2961,Cadiz,Intensivo,Riego,34.29,Manzanilla,Cuajado,Arcilloso,Bueno,1.5,1155.3,9.0,54.1,102.6,22.7,45.9,45,2.39,11971,0.79,1501,1.12,0.0
OLV_42_2962,Jaén,Tradicional,Secano,15.19,Manzanilla,Floracion,Franco,Malo,5.1,424.3,664.0,44.1,167.5,18.9,42.1,101,2.09,4686,0.83,1091,1.74,0.0
OLV_42_2963,Cadiz,Tradicional,Secano,40.79,Manzanilla,Floracion,Arcilloso,Moderado,1.4,1194.6,187.0,30.1,104.8,18.1,43.6,111,1.85,4596,0.71,1328,0.21,0.0
OLV_42_2964,Málaga,Intensivo,Secano,26.64,Hojiblanca,Engorde,Arcilloso,Malo,6.2,2040.7,244.0,56.7,196.2,20.2,50.9,48,1.71,6804,0.87,1711,3.34,0.0
OLV_42_2965,Granada,Tradicional,Secano,28.48,Picual,Engorde,Arenoso,Moderado,4.2,1768.5,648.0,21.7,31.5,9.9,23.0,49,2.02,5435,0.82,1054,0.04,0.0
OLV_42_2966,Granada,Tradicional,Secano,38.03,Picual,Brotacion,Arcilloso,Moderado,7.2,1598.5,661.0,55.0,100.9,16.6,59.3,55,2.3,5128,0.75,1442,1.55,0.0
OLV_42_2967,Sevilla,Intensivo,Riego,23.68,Manzanilla,Cuajado,Arcilloso,Malo,3.0,1548.0,177.0,195.0,380.0,15.1,70.7,112,1.94,10855,0.73,1565,4.38,0.3054
OLV_42_2968,Jaén,Tradicional,Secano,21.23,Arbequina,Brotacion,Limoso,Bueno,8.9,374.6,249.0,60.5,86.7,17.2,49.2,128,1.7,4380,0.89,1452,0.86,0.0
OLV_42_2969,Jaén,Tradicional,Riego,2.6,Picual,Reposo,Arcilloso,Moderado,6.2,1771.0,478.0,62.8,154.9,9.4,55.4,80,1.38,8264,0.81,1567,1.6,0.0
OLV_42_2970,Córdoba,Tradicional,Secano,4.8,Picual,Reposo,Arenoso,Bueno,2.4,1050.3,376.0,201.3,380.0,26.1,32.7,35,2.45,5569,0.86,1119,2.24,0.0
OLV_42_2971,Jaén,Intensivo,Secano,45.99,Picual,Engorde,Franco,Bueno,5.1,2368.1,468.0,153.3,380.0,21.3,28.3,33,1.4,6239,0.84,1646,2.68,0.0
OLV_42_2972,Granada,Intensivo,Secano,34.12,Picual,Floracion,Limoso,Moderado,2.3,305.8,803.0,177.6,380.0,16.6,69.8,30,2.56,6520,0.8,1154,3.37,0.4316
OLV_42_2973,Jaén,Intensivo,Secano,7.0,Hojiblanca,Reposo,Limoso,Malo,3.5,427.1,455.0,212.6,380.0,15.3,81.8,141,1.79,6586,0.78,1514,4.25,0.0678
OLV_42_2974,Córdoba,Tradicional,Riego,11.84,Hojiblanca,Floracion,Limoso,Moderado,5.7,2316.1,306.0,80.9,126.1,16.7,31.5,57,1.78,8290,0.82,1164,0.38,0.0
OLV_42_2975,Jaén,Intensivo,Secano,28.55,Picual,Brotacion,Limoso,Moderado,6.3,1581.2,643.0,20.7,63.4,14.9,42.9,57,2.6,6333,0.79,1613,0.62,0.0
OLV_42_2976,Sevilla,Superintensivo,Riego,9.46,Picual,Floracion,Arcilloso,Moderado,1.8,1773.4,233.0,13.9,20.8,23.0,34.5,140,1.86,12000,0.81,1708,0.08,0.0
OLV_42_2977,Sevilla,Intensivo,Riego,39.09,Hojiblanca,Engorde,Limoso,Bueno,3.9,124.2,6.0,47.7,115.3,9.9,59.5,114,2.15,11202,0.82,1483,0.86,0.0
OLV_42_2978,Córdoba,Intensivo,Secano,20.05,Picual,Engorde,Franco-arcilloso,Bueno,6.6,269.5,388.0,41.1,114.2,14.2,35.0,48,2.85,6097,0.85,1448,0.24,0.0
OLV_42_2979,Jaén,Intensivo,Secano,48.91,Hojiblanca,Brotacion,Limoso,Malo,3.1,1818.1,552.0,129.7,332.1,17.5,61.9,149,2.32,6622,0.77,1169,3.21,0.0816
OLV_42_2980,Sevilla,Tradicional,Secano,22.67,Picual,Floracion,Franco,Moderado,5.2,67.5,76.0,64.9,227.5,18.4,76.6,134,2.76,5442,0.8,1115,2.63,0.0
OLV_42_2981,Córdoba,Intensivo,Secano,12.01,Picual,Cuajado,Arcilloso,Bueno,1.4,147.5,150.0,140.5,249.8,20.2,55.9,110,2.85,6400,0.83,1103,3.65,0.1399
OLV_42_2982,Córdoba,Tradicional,Riego,27.66,Picual,Reposo,Arcilloso,Moderado,2.5,300.6,272.0,101.9,135.2,22.0,82.0,91,2.02,9608,0.81,1215,2.33,0.0
OLV_42_2983,Cadiz,Intensivo,Secano,18.68,Cornicabra,Cuajado,Limoso,Moderado,5.9,177.6,0.0,264.0,380.0,8.0,52.7,120,1.26,6551,0.76,1504,3.84,0.1806
OLV_42_2984,Jaén,Tradicional,Secano,48.54,Hojiblanca,Reposo,Arcilloso,Malo,10.6,545.3,367.0,213.7,380.0,15.7,65.2,39,2.54,5592,0.81,1473,4.97,0.0566
OLV_42_2985,Sevilla,Intensivo,Secano,16.29,Manzanilla,Engorde,Franco,Bueno,3.5,875.6,0.0,95.7,297.9,23.3,45.9,47,0.96,5907,0.78,1559,2.9,0.0285
OLV_42_2986,Sevilla,Intensivo,Riego,10.62,Manzanilla,Engorde,Arcilloso,Bueno,3.9,1709.2,215.0,24.2,84.0,12.3,22.3,56,2.92,11810,0.77,1569,0.91,0.0
OLV_42_2987,Jaén,Tradicional,Secano,19.01,Manzanilla,Reposo,Arenoso,Malo,7.4,1651.4,512.0,74.7,180.4,19.1,48.7,35,2.41,5295,0.76,1110,1.78,0.0
OLV_42_2988,Sevilla,Superintensivo,Riego,24.14,Manzanilla,Brotacion,Arcilloso,Bueno,0.0,1455.7,123.0,60.5,127.9,21.8,39.4,68,2.66,12000,0.76,2080,0.99,0.0
OLV_42_2989,Granada,Tradicional,Riego,37.85,Picual,Brotacion,Franco,Bueno,7.0,320.4,612.0,293.1,342.0,18.0,53.6,123,1.42,8869,0.86,1422,3.08,0.0288
OLV_42_2990,Córdoba,Tradicional,Riego,2.85,Hojiblanca,Engorde,Limoso,Malo,9.7,1000.4,449.0,61.7,206.5,21.2,58.2,42,2.09,8311,0.82,1302,3.38,0.0
OLV_42_2991,Jaén,Tradicional,Secano,5.91,Picual,Cuajado,Arenoso,Moderado,4.5,1837.3,553.0,10.4,46.7,19.4,26.6,108,1.04,5571,0.84,1333,0.0,0.0
OLV_42_2992,Cadiz,Intensivo,Riego,11.0,Hojiblanca,Brotacion,Franco,Bueno,8.0,711.9,135.0,159.3,306.8,17.4,28.9,78,2.54,10840,0.85,1849,1.54,0.0
OLV_42_2993,Jaén,Intensivo,Secano,36.21,Picual,Floracion,Franco,Moderado,7.8,1664.6,391.0,66.3,211.2,17.7,33.8,65,2.47,6333,0.86,1291,0.36,0.0
OLV_42_2994,Sevilla,Tradicional,Riego,43.9,Manzanilla,Brotacion,Franco-arcilloso,Malo,2.4,1701.4,182.0,97.6,262.5,19.3,75.1,50,1.18,8527,0.78,1308,3.05,0.027
OLV_42_2995,Sevilla,Tradicional,Riego,48.26,Picual,Floracion,Franco,Moderado,6.2,2185.0,115.0,29.3,73.9,18.2,18.3,57,1.65,8509,0.78,1385,0.77,0.0
OLV_42_2996,Córdoba,Intensivo,Riego,46.33,Cornicabra,Cuajado,Arenoso,Bueno,5.5,618.2,332.0,67.9,213.4,20.1,39.8,73,0.87,10788,0.83,1612,0.29,0.0
OLV_42_2997,Jaén,Tradicional,Secano,45.21,Picual,Brotacion,Arcilloso,Moderado,7.9,541.0,509.0,302.4,380.0,19.9,70.4,98,1.47,5685,0.81,957,3.22,0.128
OLV_42_2998,Granada,Tradicional,Secano,26.54,Picual,Engorde,Arcilloso,Bueno,14.3,1869.7,510.0,92.0,150.9,11.2,42.6,56,2.98,4885,0.83,1180,1.08,0.0
OLV_42_2999,Málaga,Tradicional,Riego,6.05,Arbequina,Brotacion,Limoso,Malo,1.8,1538.1,312.0,41.3,65.6,11.5,40.0,129,2.66,9957,0.9,1287,0.0,0.0
